{

  "title": "[[ $application.translations.app.contactUs_pageTitle ]]",
  "description": "Example Contact Us page",
  "variables": {},
  "types": {},
  "chains": {
  },
  "eventListeners": {
    "contactUsSubmitRequestClick": {
      "chains": [{
        "chainId": "CreateServiceRequestLinkNavigateAction",
        "parameters": {
          "detail": "{{ $event.detail }}"
        }
      }]
    },
    "odcsContactUsPageChatClick": {
      "chains": [{
        "chainId": "application:ShowChatAction"
      }]
    }
  },
  "imports": {}
}