{
  "openapi": "3.0.0",
  "info": {
    "title": "Knowledge",
    "version": "1.0.0",
    "x-vb": {
      "headers": {
        "VB-Day-Session-Tracking": "enabled",
        "Accept": "application/json"
      }
    }
  },
  "servers": [{
    "url": "vb-catalog://backends/fa",
    "x-vb": {
      "authentication": {},
      "anonymousAccess": true
    }
  }],
  "paths": {
    "/srt/api/v1/search/question": {
      "post": {
        "requestBody": {
          "content": {
            "application/json": {
              "schema": {
                "$ref": "#/components/schemas/Postsrtapilatestsearchquestion"
              },
              "examples": {}
            }
          }
        },
        "operationId": "getAnswers",
        "summary": "Retrieve answer list for input question",
        "parameters": [{
          "name": "kmauthtoken",
          "in": "header",
          "required": true,
          "x-vb": {
            "defaultValue": "{\"interfaceId\":\"1\",\"localeId\":\"en_US\",\"localeOverride\":\"true\"}"
          },
          "schema": {
            "type": "string"
          }
        }],
        "responses": {
          "default": {
            "description": "The content returned by the server.",
            "content": {
              "application/json": {
                "schema": {},
                "examples": {}
              }
            }
          }
        },
        "x-vb": {
          "headers": {
            "Content-Type": "application/json"
          },
          "queryParameters": {
            "startOverFlag": "true"
          },
          "actionHint": "custom"
        }
      }
    },
    "/km/api/v1/content/answers/{id}": {
      "get": {
        "operationId": "getContentAnswers",
        "summary": "get article of an answer",
        "parameters": [{
            "name": "id",
            "in": "path",
            "required": true,
            "x-vb": {
              "defaultValue": "1007025"
            },
            "schema": {
              "type": "string"
            }
          },
          {
            "name": "kmauthtoken",
            "in": "header",
            "required": true,
            "x-vb": {
              "defaultValue": "{\"interfaceId\":\"1\",\"localeId\":\"en_US\",\"localeOverride\":\"true\"}"
            },
            "schema": {
              "type": "string"
            }
          }
        ],
        "responses": {
          "default": {
            "description": "The content returned by the server.",
            "content": {
              "application/json": {
                "schema": {},
                "examples": {}
              }
            }
          }
        },
        "x-vb": {
          "actionHint": "getOne"
        }
      }
    },
    "/km/api/v1/content/docId/{id}": {
      "get": {
        "operationId": "getContentId",
        "summary": "get content Id of an article",
        "parameters": [{
            "name": "id",
            "in": "path",
            "required": true,
            "x-vb": {
              "defaultValue": "FAQ50"
            },
            "schema": {
              "type": "string"
            }
          },
          {
            "name": "kmauthtoken",
            "in": "header",
            "required": true,
            "x-vb": {
              "defaultValue": "{\"interfaceId\":1,\"localeId\":\"en_US\",\"localeOverride\":\"true\"}"
            },
            "schema": {
              "type": "string"
            }
          }
        ],
        "responses": {
          "default": {
            "description": "The content returned by the server.",
            "content": {
              "application/json": {
                "schema": {},
                "examples": {}
              }
            }
          }
        },
        "x-vb": {
          "actionHint": "getOne"
        }
      }
    },
    "/km/api/v1/categories/{id}": {
      "get": {
        "operationId": "getCategoryId",
        "parameters": [{
          "name": "id",
          "in": "path",
          "required": true,
          "schema": {
            "type": "string"
          }
        }],
        "responses": {
          "default": {
            "description": "The content returned by the server.",
            "content": {
              "application/json": {
                "schema": {
                  "$ref": "#/components/schemas/Getcategoryid"
                },
                "examples": {}
              }
            }
          }
        },
        "x-vb": {
          "actionHint": "getOne"
        }
      }
    },
    "/km/api/v1/contentTypes": {
      "get": {
        "operationId": "getContentTypes",
        "responses": {
          "default": {
            "description": "The content returned by the server.",
            "content": {
              "application/json": {
                "schema": {},
                "examples": {}
              }
            }
          }
        },
        "x-vb": {
          "actionHint": "getMany"
        }
      }
    },
    "/km/api/v1/contentTypes/{id}": {
      "get": {
        "operationId": "getContentTypeById",
        "parameters": [{
          "name": "id",
          "in": "path",
          "required": true,
          "schema": {
            "type": "string"
          }
        }],
        "responses": {
          "default": {
            "description": "The content returned by the server.",
            "content": {
              "application/json": {
                "schema": {},
                "examples": {}
              }
            }
          }
        },
        "x-vb": {
          "queryParameters": {
            "mode": "EXTENDED"
          },
          "actionHint": "getOne"
        }
      }
    },
    "/km/api/v1/repositories/TENANT/availableLocales": {
      "get": {
        "operationId": "getLocales",
        "parameters": [{
            "name": "kmauthtoken",
            "in": "header",
            "required": true,
            "x-vb": {
              "defaultValue": "{}"
            },
            "schema": {
              "type": "string"
            }
          },
          {
            "name": "limit",
            "in": "query",
            "required": true,
            "x-vb": {
              "defaultValue": "100"
            },
            "schema": {
              "type": "number"
            }
          }
        ],
        "responses": {
          "default": {
            "description": "The content returned by the server.",
            "content": {
              "application/json": {
                "schema": {},
                "examples": {}
              }
            }
          }
        },
        "x-vb": {
          "actionHint": "getMany"
        }
      }
    },
    "/srt/api/v1/search/answer": {
      "post": {
        "requestBody": {
          "content": {
            "application/json": {
              "schema": {},
              "examples": {}
            }
          }
        },
        "operationId": "searchAnswer",
        "parameters": [{
            "name": "kmauthtoken",
            "in": "header",
            "required": true,
            "x-vb": {
              "defaultValue": "{\"interfaceId\":\"1\",\"localeId\":\"en_US\",\"localeOverride\":\"true\"}"
            },
            "schema": {
              "type": "string"
            }
          },
          {
            "name": "trackClickFlag",
            "in": "query",
            "required": true,
            "x-vb": {
              "defaultValue": "true"
            },
            "schema": {
              "type": "boolean"
            }
          },
          {
            "name": "highlightFlag",
            "in": "query",
            "required": true,
            "x-vb": {
              "defaultValue": "false"
            },
            "schema": {
              "type": "boolean"
            }
          },
          {
            "name": "answerId",
            "in": "query",
            "required": true,
            "schema": {
              "type": "string"
            }
          }
        ],
        "responses": {
          "default": {
            "description": "The content returned by the server.",
            "content": {
              "application/json": {
                "schema": {},
                "examples": {}
              }
            }
          }
        },
        "x-vb": {
          "headers": {
            "Content-Type": "application/json"
          },
          "queryParameters": {
            "priorTransactionId": "1"
          },
          "actionHint": "getMany"
        }
      }
    },
    "/km/api/v1/content/articles/{id}": {
      "get": {
        "operationId": "findArticleByAnswerId",
        "summary": "Returns an article business object that matches the specified answer ID.",
        "parameters": [{
            "name": "id",
            "in": "path",
            "required": true,
            "schema": {
              "type": "string"
            }
          },
          {
            "name": "kmauthtoken",
            "in": "header",
            "required": true,
            "x-vb": {
              "defaultValue": "{\"interfaceId\":\"1\",\"localeId\":\"en_US\",\"localeOverride\":\"true\"}"
            },
            "schema": {
              "type": "string"
            }
          }
        ],
        "responses": {
          "default": {
            "description": "The content returned by the server.",
            "content": {
              "application/json": {
                "schema": {
                  "$ref": "#/components/schemas/Getkmapilatestcontentarticlesid"
                },
                "examples": {}
              }
            }
          }
        },
        "x-vb": {
          "queryParameters": {
            "additionalFields": "contentschema,aggregateformresults"
          },
          "actionHint": "getOne"
        }
      }
    },
    "/km/api/v1/content/{id}/rate": {
      "post": {
        "requestBody": {
          "content": {
            "application/json": {
              "schema": {
                "$ref": "#/components/schemas/Postkmapilatestcontentidrate"
              },
              "examples": {}
            }
          }
        },
        "operationId": "rateArticle",
        "summary": "Rate an article",
        "parameters": [{
            "name": "id",
            "in": "path",
            "required": true,
            "schema": {
              "type": "string"
            }
          },
          {
            "name": "kmauthtoken",
            "in": "header",
            "required": true,
            "x-vb": {
              "defaultValue": "{\"interfaceId\":\"1\",\"localeId\":\"en_US\",\"localeOverride\":\"true\"}"
            },
            "schema": {
              "type": "string"
            }
          }
        ],
        "responses": {
          "default": {
            "description": "The content returned by the server.",
            "content": {
              "application/json": {
                "schema": {},
                "examples": {}
              }

            }
          }
        },
        "x-vb": {
          "headers": {
            "Content-Type": "application/json"
          },
          "actionHint": "create"
        }
      }
    },
    "/km/api/v1/content": {
      "get": {
        "operationId": "getContent",
        "summary": "get article of an answer",
        "parameters": [{
            "name": "kmauthtoken",
            "in": "header",
            "required": true,
            "x-vb": {
              "defaultValue": "{\"interfaceId\":\"1\",\"localeId\":\"en_US\",\"localeOverride\":\"true\"}"
            },
            "schema": {
              "type": "string"
            }
          },
          {
            "name": "limit",
            "in": "query",
            "x-vb": {
              "defaultValue": "20"
            },
            "schema": {
              "type": "number"
            }
          },
          {
            "name": "orderBy",
            "in": "query",
            "schema": {
              "type": "string"
            }
          },
          {
            "name": "mode",
            "in": "query",
            "x-vb": {
              "defaultValue": "EXTENDED"
            },
            "schema": {
              "type": "string"
            }
          },
          {
            "name": "q",
            "in": "query",
            "schema": {
              "type": "string"
            }
          }
        ],
        "responses": {
          "default": {
            "description": "The content returned by the server.",
            "content": {
              "application/json": {
                "schema": {},
                "examples": {}
              }
            }
          }
        },
        "x-vb": {
          "actionHint": "getMany"
        }
      }
    },
    "/km/api/v1/content/{id}/ratingsAggregate": {
      "get": {
        "operationId": "getRatingsAggregate",
        "summary": "Get aggregate ratings for a KM article",
        "parameters": [{
            "name": "id",
            "in": "path",
            "required": true,
            "x-vb": {
              "defaultValue": "8180939210CD4AF8A0622F5BADA1EE0D"
            },
            "schema": {
              "type": "string"
            }
          },
          {
            "name": "kmauthtoken",
            "in": "header",
            "x-vb": {
              "defaultValue": "{\"interfaceId\":\"1\",\"localeId\":\"en_US\",\"localeOverride\":\"true\"}"
            },
            "schema": {
              "type": "string"
            }
          }
        ],
        "responses": {
          "default": {
            "description": "The content returned by the server.",
            "content": {
              "application/json": {
                "schema": {
                  "$ref": "#/components/schemas/Aggregateformresult"
                },
                "examples": {}
              }
            }
          }
        },
        "x-vb": {
          "actionHint": "getOne"
        }
      }
    },
    "/km/api/v1/categories": {
      "get": {
        "operationId": "getCategoriesQuery",
        "parameters": [{
          "name": "q",
          "in": "query",
          "schema": {
            "type": "string"
          }
        }],
        "responses": {
          "default": {
            "description": "The content returned by the server.",
            "content": {
              "application/json": {
                "schema": {
                  "$ref": "#/components/schemas/Getkmapiv1category"
                },
                "examples": {}
              }
            }
          }
        },
        "x-vb": {
          "actionHint": "getMany"
        }
      }
    }
  },
  "components": {
    "schemas": {
      "Postsrtapilatestsearchquestion": {
        "type": "object",
        "properties": {
          "transactionId": {
            "type": "number"
          }
        }
      },
      "Getkmapilatestcontentarticlesid": {
        "type": "object",
        "properties": {
          "aggregateFormResults": {
            "$ref": "#/components/schemas/Aggregateformresult"
          },
          "answerId": {
            "type": "number"
          },
          "contentSchema": {
            "$ref": "#/components/schemas/Contentschema"
          },
          "contentType": {
            "$ref": "#/components/schemas/Contenttype"
          },
          "createDate": {
            "type": "string"
          },
          "creator": {
            "$ref": "#/components/schemas/Creator"
          },
          "dateAdded": {
            "type": "string"
          },
          "dateModified": {
            "type": "string"
          },
          "displayStartDate": {
            "type": "string"
          },
          "displayEndDate": {
            "type": "string"
          },
          "documentId": {
            "type": "string"
          },
          "lastModifiedDate": {
            "type": "string"
          },
          "lastModifier": {
            "$ref": "#/components/schemas/Lastmodifier"
          },
          "locale": {
            "$ref": "#/components/schemas/Locale"
          },
          "owner": {
            "$ref": "#/components/schemas/Owner"
          },
          "publishDate": {
            "type": "string"
          },
          "published": {
            "type": "boolean"
          },
          "publishedVersion": {
            "type": "string"
          },
          "recordId": {
            "type": "string"
          },
          "title": {
            "type": "string"
          },
          "version": {
            "type": "string"
          },
          "versionId": {
            "type": "string"
          },
          "xml": {
            "type": "string"
          },
          "links": {
            "type": "array",
            "items": {
              "$ref": "#/components/schemas/Link7"
            }
          }
        }
      },
      "Aggregateformresult": {
        "type": "object",
        "properties": {
          "recordId": {
            "type": "string"
          },
          "referenceKey": {
            "type": "string"
          },
          "links": {
            "type": "array",
            "items": {
              "$ref": "#/components/schemas/Link"
            }
          },
          "totalResponses": {
            "type": "number"
          },
          "questions": {
            "type": "array",
            "items": {
              "$ref": "#/components/schemas/Question"
            }
          }
        }
      },
      "Link": {
        "type": "object",
        "properties": {
          "rel": {
            "type": "string"
          },
          "href": {
            "type": "string"
          },
          "mediaType": {
            "type": "string"
          },
          "method": {
            "type": "string"
          }
        }
      },
      "Question": {
        "type": "object",
        "properties": {
          "recordId": {
            "type": "string"
          },
          "referenceKey": {
            "type": "string"
          },
          "name": {
            "type": "string"
          },
          "totalResponses": {
            "type": "number"
          },
          "averageResponse": {
            "type": "number"
          },
          "answers": {
            "type": "array",
            "items": {
              "$ref": "#/components/schemas/Answer"
            }
          }
        }
      },
      "Answer": {
        "type": "object",
        "properties": {
          "recordId": {
            "type": "string"
          },
          "referenceKey": {
            "type": "string"
          },
          "name": {
            "type": "string"
          },
          "totalResponses": {
            "type": "number"
          }
        }
      },
      "Contentschema": {
        "type": "object",
        "properties": {
          "recordId": {
            "type": "string"
          },
          "dateAdded": {
            "type": "string"
          },
          "dateModified": {
            "type": "string"
          },
          "schemaAttributes": {
            "type": "array",
            "items": {
              "$ref": "#/components/schemas/Schemaattribute"
            }
          }
        }
      },
      "Schemaattribute": {
        "type": "object",
        "properties": {
          "recordId": {
            "type": "string"
          },
          "xpath": {
            "type": "string"
          },
          "name": {
            "type": "string"
          },
          "links": {
            "type": "array",
            "items": {
              "$ref": "#/components/schemas/Link1"
            }
          },
          "requireWorkflowApproval": {
            "type": "boolean"
          },
          "allowPreselectedUserGroupChange": {
            "type": "boolean"
          },
          "counter": {
            "type": "number"
          },
          "dateAdded": {
            "type": "string"
          },
          "dateModified": {
            "type": "string"
          },
          "enableFullTextSearch": {
            "type": "boolean"
          },
          "includeInMasterIdentifier": {
            "type": "boolean"
          },
          "isNode": {
            "type": "boolean"
          },
          "allowMultipleNodes": {
            "type": "boolean"
          },
          "isRequired": {
            "type": "boolean"
          },
          "description": {
            "type": "string"
          },
          "readOnly": {
            "type": "boolean"
          },
          "enableAttributeLevelSearch": {
            "type": "boolean"
          },
          "schemaAttrType": {
            "type": "string"
          },
          "secureWithUserGroups": {
            "type": "boolean"
          },
          "securedFileResource": {
            "type": "boolean"
          },
          "userGroupSelectionRequired": {
            "type": "boolean"
          },
          "sortOrder": {
            "type": "number"
          },
          "referenceKey": {
            "type": "string"
          },
          "localizedAttributes": {
            "type": "array",
            "items": {
              "$ref": "#/components/schemas/Localizedattribute"
            }
          },
          "children": {
            "type": "array",
            "items": {}
          },
          "schemaAttributeUserGroupList": {
            "type": "array",
            "items": {}
          },
          "wysiwygType": {
            "type": "string"
          }
        }
      },
      "Link1": {
        "type": "object",
        "properties": {
          "rel": {
            "type": "string"
          },
          "href": {
            "type": "string"
          },
          "mediaType": {
            "type": "string"
          },
          "method": {
            "type": "string"
          }
        }
      },
      "Localizedattribute": {
        "type": "object",
        "properties": {
          "localeId": {
            "type": "string"
          },
          "name": {
            "type": "string"
          },
          "description": {
            "type": "string"
          }
        }
      },
      "Contenttype": {
        "type": "object",
        "properties": {
          "recordId": {
            "type": "string"
          },
          "referenceKey": {
            "type": "string"
          },
          "name": {
            "type": "string"
          },
          "description": {
            "type": "string"
          },
          "links": {
            "type": "array",
            "items": {
              "$ref": "#/components/schemas/Link2"
            }
          }
        }
      },
      "Link2": {
        "type": "object",
        "properties": {
          "rel": {
            "type": "string"
          },
          "href": {
            "type": "string"
          },
          "mediaType": {
            "type": "string"
          },
          "method": {
            "type": "string"
          }
        }
      },
      "Creator": {
        "type": "object",
        "properties": {
          "recordId": {
            "type": "string"
          },
          "name": {
            "type": "string"
          },
          "email": {
            "type": "string"
          },
          "externalType": {
            "type": "string"
          },
          "links": {
            "type": "array",
            "items": {
              "$ref": "#/components/schemas/Link3"
            }
          }
        }
      },
      "Link3": {
        "type": "object",
        "properties": {
          "rel": {
            "type": "string"
          },
          "href": {
            "type": "string"
          },
          "mediaType": {
            "type": "string"
          },
          "method": {
            "type": "string"
          }
        }
      },
      "Lastmodifier": {
        "type": "object",
        "properties": {
          "recordId": {
            "type": "string"
          },
          "name": {
            "type": "string"
          },
          "email": {
            "type": "string"
          },
          "externalType": {
            "type": "string"
          },
          "links": {
            "type": "array",
            "items": {
              "$ref": "#/components/schemas/Link4"
            }
          }
        }
      },
      "Link4": {
        "type": "object",
        "properties": {
          "rel": {
            "type": "string"
          },
          "href": {
            "type": "string"
          },
          "mediaType": {
            "type": "string"
          },
          "method": {
            "type": "string"
          }
        }
      },
      "Locale": {
        "type": "object",
        "properties": {
          "recordId": {
            "type": "string"
          },
          "links": {
            "type": "array",
            "items": {
              "$ref": "#/components/schemas/Link5"
            }
          }
        }
      },
      "Link5": {
        "type": "object",
        "properties": {
          "rel": {
            "type": "string"
          },
          "href": {
            "type": "string"
          },
          "mediaType": {
            "type": "string"
          },
          "method": {
            "type": "string"
          }
        }
      },
      "Owner": {
        "type": "object",
        "properties": {
          "recordId": {
            "type": "string"
          },
          "name": {
            "type": "string"
          },
          "email": {
            "type": "string"
          },
          "externalType": {
            "type": "string"
          },
          "links": {
            "type": "array",
            "items": {
              "$ref": "#/components/schemas/Link6"
            }
          }
        }
      },
      "Link6": {
        "type": "object",
        "properties": {
          "rel": {
            "type": "string"
          },
          "href": {
            "type": "string"
          },
          "mediaType": {
            "type": "string"
          },
          "method": {
            "type": "string"
          }
        }
      },
      "Link7": {
        "type": "object",
        "properties": {
          "rel": {
            "type": "string"
          },
          "href": {
            "type": "string"
          },
          "mediaType": {
            "type": "string"
          },
          "method": {
            "type": "string"
          },
          "profile": {
            "type": "string"
          }
        }
      },
      "Postkmapilatestcontentidrate": {
        "type": "object"
      },
      "Getkmapilatestcontent": {
        "type": "object",
        "properties": {
          "items": {
            "type": "array",
            "items": {
              "$ref": "#/components/schemas/Item"
            }
          },
          "hasMore": {
            "type": "boolean"
          },
          "limit": {
            "type": "number"
          },
          "offset": {
            "type": "number"
          },
          "count": {
            "type": "number"
          }
        }
      },
      "Item": {
        "type": "object",
        "properties": {
          "xml": {
            "type": "string"
          },
          "resourcePath": {
            "type": "string"
          },
          "recordId": {
            "type": "string"
          },
          "versionId": {
            "type": "string"
          },
          "documentId": {
            "type": "string"
          },
          "title": {
            "type": "string"
          },
          "version": {
            "type": "string"
          },
          "answerId": {
            "type": "number"
          },
          "dateModified": {
            "type": "string"
          },
          "contentType": {
            "$ref": "#/components/schemas/Contenttype1"
          },
          "priority": {
            "type": "string"
          },
          "createDate": {
            "type": "string"
          },
          "lastModifiedDate": {
            "type": "string"
          },
          "dateAdded": {
            "type": "string"
          },
          "displayStartDate": {
            "type": "string"
          },
          "displayEndDate": {
            "type": "string"
          },
          "owner": {
            "$ref": "#/components/schemas/Owner1"
          },
          "lastModifier": {
            "$ref": "#/components/schemas/Lastmodifier1"
          },
          "creator": {
            "$ref": "#/components/schemas/Creator1"
          },
          "published": {
            "type": "boolean"
          },
          "pending": {
            "type": "boolean"
          },
          "publishDate": {
            "type": "string"
          },
          "checkedOut": {
            "type": "boolean"
          },
          "publishedVersion": {
            "type": "string"
          },
          "checkedOutBy": {
            "$ref": "#/components/schemas/Checkedoutby"
          }
        }
      },
      "Contenttype1": {
        "type": "object",
        "properties": {
          "recordId": {
            "type": "string"
          },
          "referenceKey": {
            "type": "string"
          },
          "name": {
            "type": "string"
          },
          "description": {
            "type": "string"
          },
          "stripeCd": {
            "type": "string"
          }
        }
      },
      "Owner1": {
        "type": "object",
        "properties": {
          "recordId": {
            "type": "number"
          },
          "name": {
            "type": "string"
          },
          "email": {
            "type": "string"
          },
          "externalType": {
            "type": "string"
          }
        }
      },
      "Lastmodifier1": {
        "type": "object",
        "properties": {
          "recordId": {
            "type": "number"
          },
          "name": {
            "type": "string"
          },
          "email": {
            "type": "string"
          },
          "externalType": {
            "type": "string"
          }
        }
      },
      "Creator1": {
        "type": "object",
        "properties": {
          "recordId": {
            "type": "number"
          },
          "name": {
            "type": "string"
          },
          "email": {
            "type": "string"
          },
          "externalType": {
            "type": "string"
          }
        }
      },
      "Checkedoutby": {
        "type": "object",
        "properties": {
          "recordId": {
            "type": "number"
          },
          "name": {
            "type": "string"
          },
          "email": {
            "type": "string"
          },
          "externalType": {
            "type": "string"
          }
        }
      },
      "Getkmapiv1category": {
        "type": "object",
        "properties": {
          "items": {
            "type": "array",
            "items": {
              "$ref": "#/components/schemas/Item1"
            }
          },
          "hasMore": {
            "type": "boolean"
          },
          "limit": {
            "type": "number"
          },
          "offset": {
            "type": "number"
          },
          "links": {
            "type": "array",
            "items": {
              "$ref": "#/components/schemas/Link"
            }
          },
          "count": {
            "type": "number"
          }
        }
      },
      "Item1": {
        "type": "object",
        "properties": {
          "recordId": {
            "type": "string"
          },
          "referenceKey": {
            "type": "string"
          },
          "objectId": {
            "type": "string"
          },
          "name": {
            "type": "string"
          },
          "externalId": {
            "type": "number"
          },
          "externalType": {
            "type": "string"
          },
          "links": {
            "type": "array",
            "items": {
              "$ref": "#/components/schemas/Link7"
            }
          },
          "dateAdded": {
            "type": "string"
          },
          "dateModified": {
            "type": "string"
          },
          "sortOrder": {
            "type": "number"
          },
          "hasChildren": {
            "type": "boolean"
          },
          "description": {
            "type": "string"
          }
        }
      },
      "Getcategoryid": {
        "type": "object",
        "properties": {
          "recordId": {
            "type": "string"
          },
          "referenceKey": {
            "type": "string"
          },
          "objectId": {
            "type": "string"
          },
          "name": {
            "type": "string"
          },
          "externalId": {
            "type": "number"
          },
          "externalType": {
            "type": "string"
          },
          "description": {
            "type": "string"
          },
          "links": {
            "type": "array",
            "items": {
              "$ref": "#/components/schemas/Link7"
            }
          },
          "dateAdded": {
            "type": "string"
          },
          "dateModified": {
            "type": "string"
          },
          "sortOrder": {
            "type": "number"
          },
          "hasChildren": {
            "type": "boolean"
          },
          "parent": {
            "$ref": "#/components/schemas/Item1"
          }
        }
      }
    }
  }
}