{
  "root": "ifQuestionPassedIn",
  "description": "",
  "actions": {
    "ifQuestionPassedIn": {
      "module": "vb/action/builtin/ifAction",
      "parameters": {
        "condition": "[[ $flow.variables.navigateToAnswers && $flow.variables.question ]]"
      },
      "outcomes": {
        "true": "navigateDirectToAnswers",
        "false": "return"
      }
    },
    "navigateDirectToAnswers": {
      "module": "vb/action/builtin/navigateAction",
      "parameters": {
        "page": "homepage-answers",
        "params": {
          "productId": "{{ $flow.variables.productId }}",
          "productName": "{{ $flow.variables.productName }}",
          "categoryId": "{{ $flow.variables.categoryId }}",
          "categoryName": "{{ $flow.variables.categoryName }}",
          "question": "{{ $flow.variables.question }}",
          "kmFacetIDs": "{{ $flow.variables.kmFacetIds }}"
        }
      },
      "outcomes": {
        "success": "return"
      }
    },
    "return": {
      "module": "vb/action/builtin/returnAction",
      "parameters": {
        "outcome": "success"
      }
    }
  }
}