{
  "root": "callCategoryRestEndpoint",
  "actions": {
    "fireErrorNotification": {
      "module": "vb/action/builtin/fireNotificationEventAction",
      "parameters": {
        "summary": "[[ $application.translations.format('app', 'categoryDetails_error_notFound', { CategoryId: $page.variables.categoryId }) ]]"
      }
    },
    "callCategoryRestEndpoint": {
      "module": "vb/action/builtin/restAction",
      "parameters": {
        "requestType": "json",
        "endpoint": "crmRestApi/getall_categories",
        "responseType": "page:getall_categories",
        "requestTransformOptions": {
          "filter": {
            "op": "$and",
            "criteria": [
              {
                "attribute": "CategoryId",
                "op": "$eq",
                "value": "[[ $page.variables.categoryId ]]"
              }
            ]
          }
        }
      },
      "outcomes": {
        "success": "ifCategoryFetched",
        "failure": "fireErrorNotification"
      }
    },
    "ifCategoryFetched": {
      "module": "vb/action/builtin/ifAction",
      "parameters": {
        "condition": "{{ $chain.results.callCategoryRestEndpoint.body.items[0] }}"
      },
      "outcomes": {
        "true": "callValidateIsJsonAction",
        "false": "fireErrorNotification"
      }
    },
    "callSetPageTitle": {
      "module": "vb/action/builtin/callModuleFunctionAction",
      "parameters": {
        "module": "[[ $application.functions ]]",
        "functionName": "setPageTitle",
        "params": [
          "{{ $application.translations }}",
          "categoryDetails_loadedPageTitle",
          "{{ {\n  \"name\": $page.variables.category.CategoryName\n} }}"
        ]
      }
    },
    "assignCategoryItemVariables": {
      "module": "vb/action/builtin/assignVariablesAction",
      "parameters": {
        "$page.variables.category": {
          "source": "{{ $chain.results.callCategoryRestEndpoint.body.items[0] }}",
          "auto": "always"
        }
      },
      "outcomes": {
        "success": "callSetContextCategory"
      }
    },
    "callSetContextCategory": {
      "module": "vb/action/builtin/callChainAction",
      "parameters": {
        "id": "application:SetContextCategoryAction",
        "params": {
          "id": "{{ $page.variables.category.CategoryId }}"
        }
      },
      "outcomes": {
        "success": "callSetPageTitle"
      }
    },
    "ifIsJsonResponse": {
      "module": "vb/action/builtin/ifAction",
      "outcomes": {
        "true": "assignCategoryItemVariables"
      },
      "parameters": {
        "condition": "[[ $chain.results.callValidateIsJsonAction ]]"
      }
    },
    "callValidateIsJsonAction": {
      "module": "vb/action/builtin/callChainAction",
      "parameters": {
        "id": "application:ValidateIsJsonResponseAction",
        "params": {
          "restPayload": "{{ $chain.results.callCategoryRestEndpoint }}"
        }
      },
      "outcomes": {
        "success": "ifIsJsonResponse"
      }
    }
  },
  "variables": {}
}