{
  "root": "ifPopularArticlesResultCached",
  "actions": {
    "setLocale": {
      "module": "vb/action/builtin/callChainAction",
      "parameters": {
        "id": "application:SetKMLocaleAction"
      },
      "outcomes": {
        "success": "getKMauthtoken"
      }
    },
    "getKMauthtoken": {
      "module": "vb/action/builtin/callModuleFunctionAction",
      "parameters": {
        "module": "{{$application.functions}}",
        "functionName": "getKMauthtoken",
        "params": [
          "{{ $application.variables.kmLocale }}",
          "{{ $application.variables.kmConfig.kmInterfaceId }}"
        ]
      },
      "outcomes": {
        "success": "fetchContentList"
      }
    },
    "ifPopularArticlesResultCached": {
      "module": "vb/action/builtin/ifAction",
      "outcomes": {
        "false": "setLocale",
        "true": "returnCachedResults"
      },
      "parameters": {
        "condition": "{{ $page.variables.kmContentResultsCache }}"
      }
    },
    "returnCachedResults": {
      "module": "vb/action/builtin/returnAction",
      "parameters": {
        "outcome": "success",
        "payload": "{{ $page.variables.kmContentResultsCache }}"
      }
    },
    "returnResults": {
      "module": "vb/action/builtin/returnAction",
      "parameters": {
        "outcome": "success",
        "payload": "{{ $page.variables.kmContentResultsCache }}"
      }
    },
    "returnEmptyResponseObject": {
      "module": "vb/action/builtin/returnAction",
      "parameters": {
        "outcome": "success",
        "payload": "{{ $chain.variables.response }}"
      }
    },
    "assignVariablesOnFailure": {
      "module": "vb/action/builtin/assignVariablesAction",
      "parameters": {
        "$chain.variables.saveFailureResult": {
          "source": "{{ $chain.results.fetchContentList.payload }}",
          "auto": "always"
        }
      },
      "outcomes": {
        "success": "returnEmptyResponseObject"
      }
    },
    "assignContentListToCache": {
      "module": "vb/action/builtin/assignVariablesAction",
      "outcomes": {
        "success": "returnResults"
      },
      "parameters": {
        "$page.variables.kmContentResultsCache": {
          "source": "{{ $chain.results.fetchContentList }}"
        }
      }
    },
    "fetchContentList": {
      "module": "vb/action/builtin/restAction",
      "parameters": {
        "endpoint": "knowledge-service/getContent",
        "uriParams": {
          "kmauthtoken": "{{ $chain.results.getKMauthtoken }}",
          "q": "{{ \"categories.externalId eq \" + $page.variables.categoryId }}"
        }
      },
      "outcomes": {
        "success": "callValidateIsJsonAction",
        "failure": "assignVariablesOnFailure"
      }
    },
    "ifIsJsonResponse": {
      "module": "vb/action/builtin/ifAction",
      "outcomes": {
        "true": "assignContentListToCache",
        "false": "returnEmptyResponseObject"
      },
      "parameters": {
        "condition": "[[ $chain.results.callValidateIsJsonAction ]]"
      }
    },
    "callValidateIsJsonAction": {
      "module": "vb/action/builtin/callChainAction",
      "parameters": {
        "id": "application:ValidateIsJsonResponseAction",
        "params": {
          "restPayload": "{{ $chain.results.fetchContentList }}"
        }
      },
      "outcomes": {
        "success": "ifIsJsonResponse"
      }
    }
  },
  "variables": {
    "response": {
      "type": "object"
    },
    "saveFailureResult": {
      "type": "application:genericServiceErrorResponseType"
    },
    "errorMessage": {
      "type": "string"
    }
  }
}