{
  "root": "assignVariablesRawValueToFilterValue",
  "description": "This action checks for the raw value of the filter input and invokes the srFilterText value update which in turn triggers a refresh of the data using the search text as a filter.",
  "actions": {
    "assignVariablesRawValueToFilterValue": {
      "module": "vb/action/builtin/assignVariablesAction",
      "parameters": {
        "$page.variables.categorySrListFilterValue": {
          "source": "{{ $page.variables.categorySrListSearchRawValue }}"
        }
      }
    }
  }
}