{
  "description": "This action navigates the user to the Service Request details page for the Service Request selected in the list view.",
  "variables": {
    "detail": {
      "required": true,
      "type": "any",
      "input": "fromCaller"
    }
  },
  "root": "navigateToServiceRequestDetailFlowEvent",
  "actions": {
    "navigateToServiceRequestDetailFlowEvent": {
      "module": "vb/action/builtin/fireCustomEventAction",
      "parameters": {
        "payload": {
          "target": "service-request",
          "operation": "detail",
          "id": "[[ $chain.variables.detail ]]"
        },
        "name": "navigate"
      }
    }
  }
}