{
  "component-dependencies": {
    "oj-opa-interview": "14.6.0",
    "oj-cx-dcs-oit": {
      "version": "3.15.0",
      "components": {
        "chat-embedded": "3.14.0"
      }
    },
    "oj-odcs": {
      "version": "3.15.0",
      "components": {
        "application-common": "3.15.0",
        "asset-data": "3.11.0",
        "asset-list": "3.11.0",
        "asset-register": "3.11.0",
        "attachment-download": "3.11.0",
        "category-selector": "3.11.0",
        "change-password-form": "3.8.0",
        "chat": "3.11.0",
        "cobrowse": "3.12.0",
        "common": "3.14.0",
        "fontawesome": "5.15.3",
        "forgot-password-form": "3.8.0",
        "knowledge-article": "3.12.0",
        "knowledge-article-facets": "3.8.0",
        "knowledge-article-list": "3.11.0",
        "knowledge-common": "3.14.0",
        "knowledge-popular-articles": "3.11.0",
        "knowledge-search": "3.11.0",
        "linked-text": "3.11.0",
        "product-selector": "3.11.0",
        "reset-password-form": "3.8.0",
        "selector-common": "3.11.0",
        "service-request-creator": "3.11.0",
        "service-request-data": "3.14.0",
        "service-request-file-attachment-list": "3.14.0",
        "service-request-list": "3.14.0",
        "service-request-message-creator": "3.12.0",
        "service-request-message-list": "3.12.0",
        "service-request-url-attachment-list": "3.14.0",
        "sign-in": "3.11.0",
        "sign-in-form": "3.12.0",
        "sign-out": "3.11.0",
        "sign-up": "3.11.0",
        "user-registration-request-management": "3.10.0",
        "user-registration-requests-list": "3.11.0",
        "user-roles-list": "3.11.0",
        "user-roles-management": "3.11.0",
        "visual-navigator": "3.5.0",
        "visual-navigator-common": "3.11.0",
        "work-order-data": "3.14.0",
        "work-order-list": "3.14.0"
      }
    }
  }
}