{
  "profiles": [{
      "id": "user_proxy_prod",
      "displayName": "User Proxy Production",
      "description": "Production deployment profile with user proxy"
    },
    {
      "displayName": "User Proxy Development",
      "description": "Development deployment profile with user proxy",
      "id": "user_proxy_dev"
    },
    {
      "displayName": "Default",
      "description": "Deployment profile with Visual Builder proxy authentication",
      "id": "default"
    }
  ],
  "defaults": {
    "dev": "user_proxy_dev",
    "stage": "user_proxy_dev",
    "publish": "user_proxy_prod"
  }
}