{
  "userroles": [
    {
      "name": "Account_Administrator",
      "description": "Role that is required to access and manage User Registrations and User Roles. This role is normally mapped to Customer Self-Service Account Administrator.",
      "id": "Account_Administrator"
    },
    {
      "name": "User",
      "description": "Role that is required to access Service Request pages that are not accessible to public unauthenticated users. This role is normally mapped to Customer Self-Service User.",
      "id": "User"
    }
  ]
}