{

  "id": "homepage",
  "description": "Homepage",
  "defaultPage": "homepage-start",
  "chains": {
  },
  "security": {
    "access": {
      "requiresAuthentication": false
    }
  },
  "services": {},
  "types": {},
  "variables": {
    "productId": {
      "type": "string",
      "input": "fromUrl",
      "defaultValue": "",
      "persisted": "none"
    },
    "productName": {
      "type": "string",
      "input": "fromUrl",
      "defaultValue": "",
      "persisted": "none"
    },
    "categoryId": {
      "type": "string",
      "input": "fromUrl",
      "defaultValue": "",
      "persisted": "none"
    },
    "categoryName": {
      "type": "string",
      "input": "fromUrl",
      "defaultValue": "",
      "persisted": "none"
    },
    "question": {
      "type": "string",
      "input": "fromUrl",
      "defaultValue": "",
      "persisted": "none"
    },
    "kmFacetIds": {
      "type": "string",
      "input": "fromUrl",
      "defaultValue": "",
      "persisted": "none"
    },
    "navigateToAnswers": {
      "type": "boolean",
      "defaultValue": true,
      "input": "fromCaller",
      "persisted": "history"
    }
  },
  "eventListeners": {
    "vbEnter": {
      "chains": [
        {
          "chainId": "flow:handleTargetPageNavigationAction",
          "parameters": {}
        },
        {
          "chainId": "fireInitializeUserEvent",
          "parameters": {}
        }
      ]
    }
  }
}