{
    "backends": {
        "fa": {
            "serviceType": "fa-base",
            "headers": {
            },
            "transforms": {
                "path": "vb/BusinessObjectsTransforms"
            },
            "servers": [
                {
                    "x-vb": {
                        "authentication": {
                            "authenticated": {
                                "type": "cloud"
                            }
                        },
                        "forceProxy": "always",
                        "anonymousAccess": true,
                        "headers": {
                            "VB-Day-Session-Tracking": "enabled",
                            "REST-Framework-Version": "4"
                        }
                    },
                    "url": "vb-catalog://backends.tenant/fa",
                    "description": "Development Oracle Cloud Applications Server with user proxy"
                },
                {
                    "x-vb": {
                        "authentication": {
                            "authenticated": {
                                "type": "propagate"
                            }
                        },
                        "forceProxy": null,
                        "anonymousAccess": true,
                        "profiles": [
                            "user_proxy_prod"
                        ],
                        "headers": {
                            "VB-Day-Session-Tracking": "enabled",
                            "REST-Framework-Version": "4"
                        }
                    },
                    "url": "vb-catalog://backends.tenant/fa",
                    "description": "Production Oracle Cloud Applications Server with user proxy"
                },
                {
                    "x-vb": {
                        "authentication": {
                            "authenticated": {
                                "type": "cloud"
                            },
                            "anonymous": {
                                "type": "basic"
                            }
                        },
                        "forceProxy": "always",
                        "anonymousAccess": true,
                        "profiles": [
                            "default"
                        ],
                        "headers": {
                            "VB-Day-Session-Tracking": "enabled",
                            "REST-Framework-Version": "4"
                        }
                    },
                    "url": "vb-catalog://backends.tenant/fa",
                    "description": "Default Oracle Cloud Applications Server without user proxy"
                }
            ]
        },
        "crmRestApi": {
            "serviceType": "fa",
            "serviceTypeProperties": {
                "faCatalogAppId": "REST-crmRestApp"
            },
            "description": "Sales and Service",
            "servers": [
                {
                    "url": "vb-catalog://backends/fa/crmRestApi/resources",
                    "description": "Sales and Service Server",
                    "x-vb": {
                        "headers": {
                        },
                        "authentication": {
                            "authenticated": {
                                "type": "cloud"
                            }
                        },
                        "anonymousAccess": true
                    }
                },
                {
                    "url": "vb-catalog://backends/fa/proxy/crmRestApi/resources",
                    "description": "Sales and Service Server with user proxy",
                    "x-vb": {
                        "profiles": [
                            "user_proxy_prod",
                            "user_proxy_dev"
                        ],
                        "headers": {
                            "VB-Alt-Authorization-Header-Name": "Puds-Access-Token"
                        },
                        "authentication": {
                            "authenticated": {
                                "type": "cloud"
                            }
                        },
                        "anonymousAccess": true
                    }
                }
            ]
        },
        "fscmRestApi": {
            "serviceType": "fa",
            "serviceTypeProperties": {
                "faCatalogAppId": "REST-fscmRestApp"
            },
            "description": "Enterprise Resource Planning and Supply Chain",
            "servers": [
                {
                    "url": "vb-catalog://backends/fa/fscmRestApi/resources",
                    "description": "Enterprise Resource Planning and Supply Chain Server",
                    "x-vb": {
                        "headers": {
                        }
                    }
                },
                {
                    "url": "vb-catalog://backends/fa/proxy/fscmRestApi/resources",
                    "description": "Enterprise Resource Planning and Supply Chain Server with user proxy",
                    "x-vb": {
                        "profiles": [
                            "user_proxy_prod",
                            "user_proxy_dev"
                        ],
                        "headers": {
                            "VB-Alt-Authorization-Header-Name": "Puds-Access-Token"
                        }
                    }
                }
            ]
        }
      }
}