{
  "root": "isSupportedBrowser",
  "description": "",
  "actions": {
    "isSupportedBrowser": {
      "module": "vb/action/builtin/callModuleFunctionAction",
      "parameters": {
        "module": "[[ $application.functions ]]",
        "functionName": "isSupportedBrowser"
      },
      "outcomes": {
        "success": "ifIsSupportedBrowser"
      }
    },
    "ifIsSupportedBrowser": {
      "module": "vb/action/builtin/ifAction",
      "parameters": {
        "condition": "[[ $chain.results.isSupportedBrowser ]]"
      },
      "outcomes": {
        "false": "showUnsupportedBrowserWarning"
      }
    },
    "showUnsupportedBrowserWarning": {
      "module": "vb/action/builtin/fireNotificationEventAction",
      "parameters": {
        "summary": "[[ $application.translations.app.shell_unsupportedBrowserWarning_summary ]]",
        "message": "[[ $application.translations.app.shell_unsupportedBrowserWarning_message ]]",
        "type": "warning"
      }
    }
  }
}