{
  "root": "isCustomVbcsLoginPerformed",
  "description": "Updates the state of the custom login process to indicate that it is complete (if a custom login is in progress and VBCS login has been completed).",
  "variables": {},
  "actions": {
    "IfFinishVbcsLogin": {
      "module": "vb/action/builtin/ifAction",
      "outcomes": {
        "false": "returnSuccess",
        "true": "callLoginComplete"
      },
      "parameters": {
        "condition": "[[ $chain.results.isCustomVbcsLoginPerformed ]]"
      }
    },
    "returnSuccess": {
      "module": "vb/action/builtin/returnAction",
      "parameters": {
        "outcome": "success",
        "payload": "{cancelled: false}"
      }
    },
    "isCustomVbcsLoginPerformed": {
      "module": "vb/action/builtin/callModuleFunctionAction",
      "parameters": {
        "module": "[[ $application.functions ]]",
        "functionName": "isCustomVbcsLoginPerformed"
      },
      "outcomes": {
        "success": "IfFinishVbcsLogin"
      }
    },
    "callLoginComplete": {
      "module": "vb/action/builtin/callModuleFunctionAction",
      "parameters": {
        "module": "[[ $application.functions ]]",
        "functionName": "customLoginComplete"
      },
      "outcomes": {
        "success": "returnSuccess"
      }
    }
  }
}