{
  "description": "",
  "variables": {
    "menuId": {
      "required": true,
      "type": "any",
      "input": "fromCaller"
    },
    "operation": {
      "type": "string"
    }
  },
  "root": "ifIsSignOutSelected",
  "actions": {
    "SignOut": {
      "module": "vb/action/builtin/logoutAction"
    },
    "navigateToMenuSelectedFlow": {
      "module": "vb/action/builtin/fireCustomEventAction",
      "parameters": {
        "payload": {
          "target": "{{ $chain.variables.menuId }}",
          "operation": "{{ $chain.variables.operation }}",
          "params": {
            "reset": true
          }
        },
        "name": "navigate"
      }
    },
    "ifIsSignOutSelected": {
      "module": "vb/action/builtin/ifAction",
      "parameters": {
        "condition": "{{ $chain.variables.menuId === 'sign-out' }}"
      },
      "outcomes": {
        "false": "ifDetailOperation",
        "true": "SignOut"
      },
      "description": "If sign-out is selected invoked the sign out action, otherwise invoke the navigate to selected flow action."
    },
    "assignOperationToDetail": {
      "module": "vb/action/builtin/assignVariablesAction",
      "parameters": {
        "$chain.variables.operation": {
          "source": "detail"
        }
      },
      "outcomes": {
        "success": "navigateToMenuSelectedFlow"
      }
    },
    "assignOperationToList": {
      "module": "vb/action/builtin/assignVariablesAction",
      "parameters": {
        "$chain.variables.operation": {
          "source": "list"
        }
      },
      "outcomes": {
        "success": "navigateToMenuSelectedFlow"
      }
    },
    "ifDetailOperation": {
      "module": "vb/action/builtin/ifAction",
      "parameters": {
        "condition": "[[ $chain.variables.menuId === 'my-profile' || $chain.variables.menuId === 'sign-up' ]]"
      },
      "outcomes": {
        "true": "assignOperationToDetail",
        "false": "assignOperationToList"
      }
    }
  }
}