{
  "root": "switchOnTarget",
  "description": "This action handles navigationEvents enabling the navigation to the appropriate target flow, and setting any required input parameters prior to invoking the navigateToFlow action.  This enables a generic navigation experience between flows, where changes to target flow names can be made in one place, as opposed to each specific navigation action.",
  "variables": {
    "target": {
      "type": "string",
      "required": true,
      "input": "fromCaller"
    },
    "id": {
      "type": "string",
      "input": "fromCaller"
    },
    "params": {
      "type": "object",
      "input": "fromCaller"
    },
    "operation": {
      "type": "string",
      "input": "fromCaller"
    },
    "targetFlowName": {
      "type": "string",
      "required": false,
      "input": "none"
    },
    "targetFlowParameters": {
      "type": "object",
      "input": "none",
      "defaultValue": {}
    }
  },
  "actions": {
    "switchOnTarget": {
      "module": "vb/action/builtin/switchAction",
      "outcomes": {
        "default": "fireWarningNotification",
        "asset": "switchOnAssetOperation",
        "change-password": "assignChangePasswordFlowName",
        "contact-us": "assignContactUsFlowName",
        "forgot-password": "assignForgotPasswordFlowName",
        "homepage": "assignHomepageFlowName",
        "knowledge-article": "assignKMDetailFlowName",
        "my-profile": "assignMyProfileFlowName",
        "product": "assignProductDetailFlowName",
        "reset-password": "assignResetPasswordFlowName",
        "service-request": "switchOnSROperation",
        "service-request-create": "assignSRCreateFlowName",
        "service-request-list": "assignSRListFlowName",
        "sign-up": "assignSignUpFlowName",
        "user-management": "assignUserManagementFlowName",
        "errorpage": "assignErrorFlowName",
        "category": "assignCategoryFlowName",
        "product-group": "assignProductGroupFlowName",
        "work-order": "switchOnWorkOrderOperation",
        "work-order-list": "assignWorkOrderListFlowName",
        "url": "openUrl"
      },
      "parameters": {
        "possibleValues": [
          "asset",
          "category",
          "change-password",
          "contact-us",
          "errorpage",
          "forgot-password",
          "homepage",
          "knowledge-article",
          "my-profile",
          "product",
          "product-group",
          "reset-password",
          "service-request",
          "service-request-create",
          "service-request-list",
          "sign-up",
          "url",
          "user-management",
          "work-order",
          "work-order-list"
        ],
        "caseValue": "[[ $chain.variables.target ]]"
      },
      "description": "Invokes the component specific variable assignment operators which set the taskFlow name and map the id properties to the taskFlow id input variables, where appropriate."
    },
    "assignKMDetailFlowName": {
      "module": "vb/action/builtin/assignVariablesAction",
      "parameters": {
        "$chain.variables.targetFlowName": {
          "source": "knowledge-article"
        },
        "$chain.variables.targetFlowParameters": {
          "source": {
            "kmContentId": "[[ $chain.variables.id ]]"
          }
        }
      },
      "outcomes": {
        "success": "mergeComponentAndPassedInParameterObjects"
      }
    },
    "assignSRCreateFlowName": {
      "module": "vb/action/builtin/assignVariablesAction",
      "parameters": {
        "$chain.variables.targetFlowName": {
          "source": "service-request-create"
        }
      },
      "outcomes": {
        "success": "mergeComponentAndPassedInParameterObjects"
      }
    },
    "assignSRDetailFlowName": {
      "module": "vb/action/builtin/assignVariablesAction",
      "parameters": {
        "$chain.variables.targetFlowName": {
          "source": "service-request-detail"
        },
        "$chain.variables.targetFlowParameters": {
          "source": {
            "serviceRequestNumber": "[[ $chain.variables.id ]]"
          }
        }
      },
      "outcomes": {
        "success": "mergeComponentAndPassedInParameterObjects"
      }
    },
    "assignProductDetailFlowName": {
      "module": "vb/action/builtin/assignVariablesAction",
      "parameters": {
        "$chain.variables.targetFlowName": {
          "source": "product"
        },
        "$chain.variables.targetFlowParameters": {
          "source": {
            "productItemNumber": "[[ $chain.variables.id ]]"
          }
        }
      },
      "outcomes": {
        "success": "mergeComponentAndPassedInParameterObjects"
      }
    },
    "assignSRListFlowName": {
      "module": "vb/action/builtin/assignVariablesAction",
      "parameters": {
        "$chain.variables.targetFlowName": {
          "source": "service-request-list"
        }
      },
      "outcomes": {
        "success": "mergeComponentAndPassedInParameterObjects"
      }
    },
    "assignAssetRegisterFlowName": {
      "module": "vb/action/builtin/assignVariablesAction",
      "parameters": {
        "$chain.variables.targetFlowName": {
          "source": "asset-register"
        }
      },
      "outcomes": {
        "success": "mergeComponentAndPassedInParameterObjects"
      }
    },
    "assignAssetDetailFlowName": {
      "module": "vb/action/builtin/assignVariablesAction",
      "parameters": {
        "$chain.variables.targetFlowName": {
          "source": "asset-detail"
        },
        "$chain.variables.targetFlowParameters": {
          "source": {
            "assetId": "[[ $chain.variables.id ]]"
          }
        }
      },
      "outcomes": {
        "success": "mergeComponentAndPassedInParameterObjects"
      }
    },
    "assignAssetListFlowName": {
      "module": "vb/action/builtin/assignVariablesAction",
      "parameters": {
        "$chain.variables.targetFlowName": {
          "source": "asset-list"
        }
      },
      "outcomes": {
        "success": "mergeComponentAndPassedInParameterObjects"
      }
    },
    "switchOnSROperation": {
      "module": "vb/action/builtin/switchAction",
      "parameters": {
        "caseValue": "[[ $chain.variables.operation ]]",
        "possibleValues": [
          "list",
          "create",
          "detail"
        ]
      },
      "outcomes": {
        "list": "assignSRListFlowName",
        "create": "assignSRCreateFlowName",
        "detail": "assignSRDetailFlowName",
        "default": "ifValidTargetFlowName"
      }
    },
    "switchOnAssetOperation": {
      "module": "vb/action/builtin/switchAction",
      "parameters": {
        "caseValue": "[[ $chain.variables.operation ]]",
        "possibleValues": [
          "list",
          "register",
          "detail"
        ]
      },
      "outcomes": {
        "list": "assignAssetListFlowName",
        "register": "assignAssetRegisterFlowName",
        "detail": "assignAssetDetailFlowName"
      }
    },
    "switchOnWorkOrderOperation": {
      "module": "vb/action/builtin/switchAction",
      "parameters": {
        "caseValue": "[[ $chain.variables.operation ]]",
        "possibleValues": [
          "list",
          "detail"
        ]
      },
      "outcomes": {
        "list": "assignWorkOrderListFlowName",
        "detail": "assignWorkOrderDetailFlowName",
        "default": "fireWarningNotification"
      }
    },
    "openUrl": {
      "module": "vb/action/builtin/openUrlAction",
      "parameters": {
        "url": "[[ $chain.variables.params.url ]]",
        "windowName": "_blank"
      }
    },
    "assignContactUsFlowName": {
      "module": "vb/action/builtin/assignVariablesAction",
      "parameters": {
        "$chain.variables.targetFlowName": {
          "source": "contact-us"
        }
      },
      "outcomes": {
        "success": "mergeComponentAndPassedInParameterObjects"
      }
    },
    "assignHomepageFlowName": {
      "module": "vb/action/builtin/assignVariablesAction",
      "outcomes": {
        "success": "mergeComponentAndPassedInParameterObjects"
      },
      "parameters": {
        "$chain.variables.targetFlowName": {
          "source": "homepage"
        }
      }
    },
    "assignMyProfileFlowName": {
      "module": "vb/action/builtin/assignVariablesAction",
      "parameters": {
        "$chain.variables.targetFlowName": {
          "source": "my-profile"
        }
      },
      "outcomes": {
        "success": "mergeComponentAndPassedInParameterObjects"
      }
    },
    "assignChangePasswordFlowName": {
      "module": "vb/action/builtin/assignVariablesAction",
      "parameters": {
        "$chain.variables.targetFlowName": {
          "source": "change-password"
        }
      },
      "outcomes": {
        "success": "mergeComponentAndPassedInParameterObjects"
      }
    },
    "assignResetPasswordFlowName": {
      "module": "vb/action/builtin/assignVariablesAction",
      "parameters": {
        "$chain.variables.targetFlowName": {
          "source": "reset-password"
        },
        "$chain.variables.targetFlowParameters": {
          "source": {
            "resetToken": "[[ $chain.variables.params.resetToken ]]",
            "resetUserId": "[[ $chain.variables.params.resetUserId ]]"
          },
          "auto": "always"
        }
      },
      "outcomes": {
        "success": "mergeComponentAndPassedInParameterObjects"
      }
    },
    "assignForgotPasswordFlowName": {
      "module": "vb/action/builtin/assignVariablesAction",
      "parameters": {
        "$chain.variables.targetFlowName": {
          "source": "forgot-password"
        }
      },
      "outcomes": {
        "success": "mergeComponentAndPassedInParameterObjects"
      }
    },
    "assignUserManagementFlowName": {
      "module": "vb/action/builtin/assignVariablesAction",
      "outcomes": {
        "success": "mergeComponentAndPassedInParameterObjects"
      },
      "parameters": {
        "$chain.variables.targetFlowName": {
          "source": "user-management"
        }
      }
    },
    "assignErrorFlowName": {
      "module": "vb/action/builtin/assignVariablesAction",
      "parameters": {
        "$chain.variables.targetFlowName": {
          "source": "errorpage"
        }
      },
      "outcomes": {
        "success": "mergeComponentAndPassedInParameterObjects"
      }
    },
    "callFlowNavigationAction": {
      "module": "vb/action/builtin/callChainAction",
      "parameters": {
        "id": "NavigateToFlowAction",
        "params": {
          "parameters": "[[ $chain.variables.targetFlowParameters ]]",
          "flowName": "[[ $chain.variables.targetFlowName ]]"
        }
      },
      "outcomes": {
        "failure": "ifUserAuthenticated"
      }
    },
    "fireWarningNotification": {
      "module": "vb/action/builtin/fireNotificationEventAction",
      "parameters": {
        "summary": "[[ 'Developer Warning: Shell action \\'NavigateAction\\' error for target: \\'' + $chain.variables.target + '\\' and operation: \\'' + $chain.variables.operation +'\\'']]",
        "message": "[[ 'The NavigationAction has been invoked with invalid parameters. Ensure the target is correctly defined or if not defined and is required a switch condition should be added.' ]]",
        "displayMode": "persist",
        "type": "warning"
      }
    },
    "ifValidTargetFlowName": {
      "module": "vb/action/builtin/ifAction",
      "outcomes": {
        "true": "callFlowNavigationAction",
        "false": "fireWarningNotification"
      },
      "parameters": {
        "condition": "{{ $chain.variables.targetFlowName }}"
      }
    },
    "mergeComponentAndPassedInParameterObjects": {
      "module": "vb/action/builtin/callModuleFunctionAction",
      "parameters": {
        "module": "[[ $application.functions ]]",
        "functionName": "mergeObjects",
        "params": [
          "{{ $chain.variables.targetFlowParameters }}",
          "{{ $chain.variables.params }}"
        ]
      },
      "outcomes": {
        "success": "assignParameterToTaskflowParameters"
      }
    },
    "assignParameterToTaskflowParameters": {
      "module": "vb/action/builtin/assignVariablesAction",
      "parameters": {
        "$chain.variables.targetFlowParameters": {
          "source": "{{ $chain.results.mergeComponentAndPassedInParameterObjects }}",
          "auto": "always"
        }
      },
      "outcomes": {
        "success": "ifValidTargetFlowName"
      }
    },
    "assignCategoryFlowName": {
      "module": "vb/action/builtin/assignVariablesAction",
      "parameters": {
        "$chain.variables.targetFlowName": {
          "source": "category"
        },
        "$chain.variables.targetFlowParameters": {
          "source": {
            "categoryId": "[[ $chain.variables.id ]]"
          },
          "auto": "always"
        }
      },
      "outcomes": {
        "success": "mergeComponentAndPassedInParameterObjects"
      }
    },
    "assignProductGroupFlowName": {
      "module": "vb/action/builtin/assignVariablesAction",
      "parameters": {
        "$chain.variables.targetFlowName": {
          "source": "product-group"
        },
        "$chain.variables.targetFlowParameters": {
          "source": {
            "productGroupId": "[[ $chain.variables.id ]]"
          },
          "auto": "always"
        }
      },
      "outcomes": {
        "success": "mergeComponentAndPassedInParameterObjects"
      }
    },
    "assignWorkOrderListFlowName": {
      "module": "vb/action/builtin/assignVariablesAction",
      "parameters": {
        "$chain.variables.targetFlowName": {
          "source": "work-order-list"
        }
      },
      "outcomes": {
        "success": "mergeComponentAndPassedInParameterObjects"
      }
    },
    "assignSignUpFlowName": {
      "module": "vb/action/builtin/assignVariablesAction",
      "parameters": {
        "$chain.variables.targetFlowName": {
          "source": "user-sign-up"
        }
      },
      "outcomes": {
        "success": "mergeComponentAndPassedInParameterObjects"
      }
    },
    "assignWorkOrderDetailFlowName": {
      "module": "vb/action/builtin/assignVariablesAction",
      "parameters": {
        "$chain.variables.targetFlowName": {
          "source": "work-order-detail"
        },
        "$chain.variables.targetFlowParameters": {
          "source": {
            "workOrderNumber": "[[ $chain.variables.id ]]"
          }
        }
      },
      "outcomes": {
        "success": "mergeComponentAndPassedInParameterObjects"
      }
    },
    "fireNavigationFailureNotification": {
      "module": "vb/action/builtin/fireNotificationEventAction",
      "parameters": {
        "target": "leaf",
        "summary": "[[ $application.functions.getErrorMessage($chain.results.callFlowNavigationAction.error.statusCode,$application.constants.errorMessages) ]]"
      }
    },
    "ifUserAuthenticated": {
      "module": "vb/action/builtin/ifAction",
      "outcomes": {
        "false": "ifAuthenticatedAndNoUserRole"
      },
      "label": "Needs Sign In",
      "parameters": {
        "condition": "[[ !$application.user.isAuthenticated && $chain.results.callFlowNavigationAction.error.statusCode === 403 ]]"
      },
      "description": "Bypass fire notification when navigation failed with a 403 and user is not authenticated. The security provider handles this case by navigating to the sign in page."
    },
    "fireRegistrationRequiredNotification": {
      "module": "vb/action/builtin/fireNotificationEventAction",
      "parameters": {
        "target": "leaf",
        "summary": "[[ $application.translations.app.common_registrationRequiredSummary ]]",
        "message": "[[ $application.translations.app.common_registrationRequiredMessage ]]"
      },
      "label": "Registration Required"
    },
    "ifAuthenticatedAndNoUserRole": {
      "module": "vb/action/builtin/ifAction",
      "label": "Needs Sign Up",
      "parameters": {
        "condition": "[[$application.user.IsAuthenticated && !$application.user.roles.User ]]"
      },
      "outcomes": {
        "true": "fireRegistrationRequiredNotification",
        "false": "fireNavigationFailureNotification"
      },
      "description": "Authenticated User without a User role indicates that Sign Up is required"
    }
  }
}