{
  "variables": {
    "parameters": {
      "type": "object",
      "input": "fromCaller"
    },
    "flowName": {
      "type": "string",
      "required": true,
      "input": "fromCaller"
    }
  },
  "root": "navigateToFlow",
  "description": "",
  "actions": {
    "navigateToFlow": {
      "module": "vb/action/builtin/navigateToPageAction",
      "parameters": {
        "page": "{{ $variables.flowName }}",
        "params": "{{ $variables.parameters }}"
      },
      "outcomes": {
        "success": "return"
      }
    },
    "return": {
      "module": "vb/action/builtin/returnAction",
      "parameters": {
        "outcome": "success"
      }
    }
  }
}