{
  "root": "updateCurrentPageId",
  "description": "",
  "variables": {
    "value": {
      "type": "string",
      "required": false,
      "input": "fromCaller"
    }
  },
  "actions": {
    "updateCurrentPageId": {
      "module": "vb/action/builtin/assignVariablesAction",
      "parameters": {
        "$application.variables.currentPageId": {
          "source": "{{ $chain.variables.value }}"
        }
      },
      "outcomes": {
        "success": "ifEntryPointIsSet"
      }
    },
    "ifEntryPointIsSet": {
      "module": "vb/action/builtin/ifAction",
      "parameters": {
        "condition": "[[ $application.variables.entryPointId ]]"
      },
      "outcomes": {
        "false": "setEntryPoint"
      }
    },
    "setEntryPoint": {
      "module": "vb/action/builtin/assignVariablesAction",
      "parameters": {
        "$application.variables.entryPointId": {
          "source": "{{ $chain.variables.value }}"
        }
      }
    }
  }
}