{
  "description": "",
  "variables": {},
  "root": "callGetUrlParametersExcludingPath",
  "actions": {
    "loginAction": {
      "module": "vb/action/builtin/loginAction",
      "parameters": {
        "returnPath": "[[ $application.currentPage.path + $chain.results.callGetUrlParametersExcludingPath ]]"
      }
    },
    "callGetUrlParametersExcludingPath": {
      "module": "vb/action/builtin/callModuleFunctionAction",
      "parameters": {
        "module": "[[ $application.functions ]]",
        "functionName": "getUrlParametersWithExclusions",
        "params": [
          "['page']",
          true
        ]
      },
      "outcomes": {
        "success": "loginAction"
      }
    }
  }
}