{

  "title": "[[ $application.translations.app.resetPassword_pageTitle ]]",
  "description": "DCS custom reset password page. Used to complete the forgot password flow by allowing a user to reset their password (when accessed from a link in a reset password email).",
  "variables": {
    "resetLinkValid": {
      "type": "boolean",
      "description": "Whether or not the reset password link the user clicked was valid based on the resetToken and resetUserId input parameters"
    },
    "resetPasswordNewPassword1": {
      "type": "string"
    },
    "resetPasswordNewPassword2": {
      "type": "string"
    },
    "resetPasswordValid": {
      "type": "string"
    },
    "resetPasswordSubmitInProgress": {
      "type": "boolean",
      "defaultValue": false
    },
    "resetToken": {
      "type": "string",
      "input": "fromCaller",
      "description": "IDCS supplied User Token passed from the forgot password page when the user follows a reset password link",
      "@dt": {
        "autowire": {
          "contextKey": "oj-odcs-reset-password",
          "name": "resetToken"
        }
      }
    },
    "resetUserId": {
      "type": "string",
      "input": "fromCaller",
      "description": "IDCS supplied User ID passed from the forgot password page when the user follows a reset password link",
      "@dt": {
        "autowire": {
          "contextKey": "oj-odcs-reset-password",
          "name": "resetUserId"
        }
      }
    }
  },
  "metadata": {},
  "types": {},
  "chains": {
  },
  "eventListeners": {
    "vbBeforeEnter": {
      "chains": [{
        "chainId": "application:NavigateAuthenticatedUserAction",
        "parameters": {
          "navigatePayload": {
            "target": "homepage",
            "params": {
              "reset": true
            },
            "operation": "detail"
          }
        }
      }]
    },    
    "vbEnter": {
      "chains": [
        {
          "chainId": "ResetPasswordValidateUserToken",
          "parameters": {}
        }
      ]
    },
    "resetPasswordNewPassword1Value": {
      "chains": [
        {
          "chainId": "ResetPasswordInputPasswordValueChangeAction",
          "parameters": {
            "value": "{{ $event.detail.value }}"
          }
        }
      ]
    },
    "resetPasswordSubmitOjAction": {
      "chains": [
        {
          "chainId": "ResetPasswordSubmitAction",
          "parameters": {
            "detail": "{{ $event.detail }}"
          }
        }
      ]
    },
    "resetPasswordNewPassword1Keypress": {
      "chains": [
        {
          "chainId": "ResetPasswordInputKeypressAction",
          "parameters": {
            "detail": "{{ $event.detail }}",
            "key": "{{ $event.key }}"
          }
        }
      ]
    },
    "resetPasswordNewPassword2Keypress": {
      "chains": [
        {
          "chainId": "ResetPasswordInputKeypressAction",
          "parameters": {
            "detail": "{{ $event.detail }}",
            "key": "{{ $event.key }}"
          }
        }
      ]
    }
  },
  "imports": {
    "components": {
      "oj-form-layout": {
        "path": "ojs/ojformlayout"
      },
      "oj-validation-group": {
        "path": "ojs/ojvalidationgroup"
      },
      "oj-label": {
        "path": "ojs/ojlabel"
      },
      "oj-input-password": {
        "path": "ojs/ojinputtext"
      },
      "oj-toolbar": {
        "path": "ojs/ojtoolbar"
      },
      "oj-button": {
        "path": "ojs/ojbutton"
      }
    }
  }
}