{

  "title": "[[ $application.translations.app.serviceRequestDetail_pageTitle ]]",
  "description": "The main page of the Service Request details flow.",
  "variables": {
    "closed": {
      "type": "boolean",
      "@dt": {
        "autowire": {
          "contextKey": "odcs-sr",
          "name": "closed"
        }
      }
    },
    "invalidSR": {
      "type": "boolean",
      "defaultValue": false
    },
    "resolved": {
      "type": "boolean",
      "@dt": {
        "autowire": {
          "contextKey": "odcs-sr",
          "name": "resolved"
        }
      }
    },
    "escalated": {
      "type": "boolean",
      "@dt": {
        "autowire": {
          "contextKey": "odcs-sr",
          "name": "escalated"
        }
      }
    },
    "loaded": {
      "type": "boolean",
      "defaultValue": false,
      "@dt": {
        "autowire": {
          "contextKey": "odcs-sr",
          "name": "loaded"
        }
      }
    },
    "actionMessage": {
      "type": "string"
    },
    "messagesListServiceDataProvider": {
      "type": "vb/ServiceDataProvider",
      "defaultValue": {
        "responseType": "page:getallServiceRequestsMessagesResponse",
        "itemsPath": "items",
        "keyAttributes": [
          "MessageId"
        ],
        "fetchChainId": "SRMessagesFetchAction"
      },
      "@dt": {
        "autowire": {
          "contextKey": "odcs-sr",
          "name": "messagesListServiceDataProvider"
        }
      }
    },
    "attachmentListServiceDataProvider": {
      "type": "vb/ServiceDataProvider",
      "defaultValue": {
        "responseType": "page:getallServiceRequestsAttachment",
        "itemsPath": "items",
        "fetchChainId": "SRFileLoadAttachmentsAction",
        "keyAttributes": [
          "AttachedDocumentId"
        ]
      },
      "@dt": {
        "autowire": {
          "contextKey": "odcs-sr",
          "name": "attachmentListServiceDataProvider"
        }
      }
    },
    "rawInputTextTitle": {
      "type": "string"
    },
    "selectedTab": {
      "type": "string",
      "defaultValue": "odcs-messages-tab"
    },
    "actionInvoked": {
      "type": "string"
    },
    "showAddMessageComponent": {
      "type": "boolean",
      "defaultValue": false
    },
    "actionTitle": {
      "type": "string"
    },
    "actionButtonLabel": {
      "type": "string"
    },
    "addMessage": {
      "type": "string"
    },
    "srFileAttachmentEditContext": {
      "type": "object"
    },
    "originalServiceRequestRecord": {
      "type": "object",
      "@dt": {
        "autowire": {
          "contextKey": "odcs-sr",
          "name": "originalServiceRequestRecord"
        }
      }
    },
    "addMessageInProgress": {
      "type": "boolean",
      "defaultValue": false
    },
    "categoryCleared": {
      "type": "boolean",
      "defaultValue": false
    },
    "productCleared": {
      "type": "boolean",
      "defaultValue": false
    },
    "srUrlAttachmentCreateFormValidationStatus": {
      "type": "string",
      "defaultValue": "valid"
    },
    "srURLAttachmentEditContext": {
      "type": "object"
    },
    "srURLAttachmentTitle": {
      "type": "string"
    },
    "uploadingAttachment": {
      "type": "boolean",
      "defaultValue": false
    },
    "serviceRequestNumber": {
      "type": "string",
      "required": true,
      "input": "fromUrl",
      "onValueChanged": {
        "chains": [{
          "chainId": "LoadServiceRequestAction",
          "parameters": {}
        }]
      },
      "@dt": {
        "autowire": {
          "contextKey": "odcs-sr",
          "name": "serviceRequestNumber"
        }
      }
    },
    "addMessageRaw": {
      "type": "string"
    },
    "srDetailsValidGroup": {
      "type": "string"
    },
    "serviceRequestRecord": {
      "type": "page:getServiceRequestsResponse",
      "@dt": {
        "autowire": {
          "contextKey": "odcs-sr",
          "name": "serviceRequestRecord"
        }
      }
    },
    "isSaveInProgress": {
      "type": "boolean",
      "defaultValue": false
    },
    "workOrdersListServiceDataProvider": {
      "type": "vb/ServiceDataProvider",
      "defaultValue": {
        "endpoint": "crmRestApi/getall_customerWorkOrders",
        "responseType": "getall_customerWorkOrders",
        "itemsPath": "items",
        "uriParameters": {
          "finder": "{{ \"WorkOrdersBySrNumberFinder;BindSrNumber=\" + $variables.serviceRequestNumber }}",
          "fields": "WoNumber,Title,WoTypeCdMeaning,WoStatusCdMeaning,ScheduledDate,ScheduledTimeSlot"
        },
        "sortCriteria": "[[$page.variables.srWorkOrderListSortCriteriaArray]]"
      }
    },
    "srWorkOrderListSortCriteriaArray": {
      "type": "object[]",
      "defaultValue": [{
        "attribute": "ScheduledDate"
      }],
      "persisted": "history"
    },
    "srAttachmentsData": {
      "type": "object",
      "@dt": {
        "autowire": {
          "contextKey": "odcs-sr-attachments",
          "name": "srAttachmentsData"
        }
      }
    },
    "srAttachmentsLoadTrigger": {
      "type": "string",
      "onValueChanged": {
        "chains": [{
          "chainId": "SRFileLoadAttachmentsAction",
          "parameters": {
            "event": "{{ $event }}"
          }
        }]
      },
      "@dt": {
        "autowire": {
          "contextKey": "odcs-sr-attachments",
          "name": "srAttachmentsLoadTrigger"
        }
      }
    },
    "srURLAttachmentListServiceDataProvider": {
      "type": "vb/ServiceDataProvider",
      "defaultValue": {
        "responseType": "page:getall_serviceRequests_URLAttachment",
        "itemsPath": "items",
        "fetchChainId": "SRURLLoadAttachmentsAction",
        "keyAttributes": [
          "AttachedDocumentId"
        ]
      }
    },
    "srURLAttachmentDescription": {
      "type": "string"
    },
    "srURLAttachmentURL": {
      "type": "string"
    }

  },
  "types": {
    "@decorators.getServiceRequestsResponse": {
      "endpoint": "update_serviceRequests",
      "service": "crmRestApi",
      "path": "response"
    },
    "getServiceRequestsResponse": {

      "AccountPartyName": "string",
      "CategoryId": "number",
      "CategoryName": "string",
      "CreatedBy": "string",
      "CriticalFlag": "boolean",
      "InventoryItemId": "number",
      "InventoryOrgId": "number",
      "LastUpdateDate": "string",
      "LastUpdatedByDisplayName": "string",
      "ProblemDescription": "string",
      "ProdGroupId": "number",
      "ProdGroupName": "string",
      "ProductItemDescription": "string",
      "ReportedByEmailAddress": "string",
      "ReportedByPartyName": "string",
      "SeverityCd": "string",
      "SrNumber": "string",
      "StatusCd": "string",
      "Title": "string",
      "SrStatusCdLookup": {
        "items": [{
          "LookupCode": "string",
          "Meaning": "string"
        }]
      },
      "SeverityCdLookup": {
        "items": [{
          "LookupCode": "string",
          "Meaning": "string"
        }]
      }

    },
    "@decorators.getallServiceRequestsMessagesResponse": {
      "endpoint": "getall_serviceRequests-messages",
      "service": "crmRestApi",
      "path": "response"
    },
    "getallServiceRequestsMessagesResponse": {
      "items": [
        {
          "Attachment": {
            "items": [
              {
                "AttachedDocumentId": "number",
                "FileName": "string",
                "UploadedFileContentType": "string",
                "links": [{
                  "href": "string"
                }]
              }
            ]
          },
          "CreatedBy": "string",
          "CreationDate": "string",
          "MessageContent": "string",
          "MessageCreatedBy": "string",
          "MessageId": "number",
          "RichTextFlag": "boolean"
        }
      ]
    },
    "@decorators.getallServiceRequestsAttachment": {
      "endpoint": "getall_serviceRequests-Attachment",
      "service": "crmRestApi",
      "path": "response",
      "autowire": {
        "contextKey": "odcs-sr",
        "name": "getallServiceRequestsAttachment"
      }
    },
    "getallServiceRequestsAttachment": {
      "items": [{
        "AttachedDocumentId": "number",
        "LastUpdateDate": "string",
        "LastUpdatedBy": "string",
        "DatatypeCode": "string",
        "FileName": "string",
        "Url": "string",
        "CategoryName": "string",
        "Uri": "string",
        "UploadedText": "string",
        "UploadedFileContentType": "string",
        "UploadedFileName": "string",
        "Title": "string",
        "Description": "string",
        "CreatedBy": "string",
        "CreationDate": "string",
        "UploadedFileLength": "number",
        "links": [{
          "href": "string"
        }]
      }]
    },
    "genericServiceErrorResponseType": {
      "body": "any",
      "status": "number"
    },
    "@decorators.getall_serviceRequests_URLAttachment": {
      "endpoint": "getall_serviceRequests-Attachment",
      "service": "crmRestApi",
      "path": "response"
    },
    "getall_serviceRequests_URLAttachment": {
      "totalResults": "number",
      "count": "number",
      "hasMore": "boolean",
      "items": [{
        "AttachedDocumentId": "number",
        "LastUpdateDate": "string",
        "LastUpdatedBy": "string",
        "DatatypeCode": "string",
        "Url": "string",
        "CategoryName": "string",
        "Title": "string",
        "Description": "string",
        "CreatedBy": "string",
        "CreationDate": "string",
        "links": [{
          "href": "string"
        }]
      }]
    },
    "@decorators.getall_customerWorkOrders": {
      "endpoint": "getall_customerWorkOrders",
      "service": "crmRestApi",
      "path": "response"
    },
    "getall_customerWorkOrders": {
      "count": "number",
      "hasMore": "boolean",
      "items": [{
        "ScheduledDate": "string",
        "ScheduledTimeSlot": "string",
        "Title": "string",
        "WoNumber": "string",
        "WoStatusCdMeaning": "string",
        "WoTypeCdMeaning": "string"
      }],
      "limit": "number",
      "offset": "number",
      "totalResults": "number"
    }
  },
  "chains": {

  },
  "eventListeners": {
    "vbEnter": {
      "chains": [{
        "chainId": "LoadServiceRequestAction",
        "parameters": {}
      }]
    },
    "doneClicked": {
      "chains": [{
        "chainId": "DoneSRNavigateBackButtonClickAction",
        "parameters": {
          "detail": "{{ $event.detail }}"
        }
      }]
    },
    "clearAddMessageClicked": {
      "chains": [{
        "chainId": "ClearAddMessageAction"
      }]
    },
    "srDetailWorkOrderListWoNumberClick": {
      "chains": [{
        "chainId": "SRDetailWOListWODetailViewAction",
        "parameters": {
          "detail": "{{ $current.data.WoNumber }}"
        }
      }],
      "preventDefault": "true",
      "stopPropagation": "true"
    },
    "submitAddMessageClicked": {
      "chains": [{
        "chainId": "SubmitMessageAction"
      }]
    },
    "saveSRAndDoneClicked": {
      "chains": [{
        "chainId": "SaveSRAndDoneButtonClickAction"
      }]
    },
    "actionPerformActionClicked": {
      "chains": [{
        "chainId": "SRActionPerformAction"
      }]
    },
    "cancelActionMessageClicked": {
      "chains": [{
        "chainId": "SRActionCancelButtonClickAction"
      }]
    },
    "actionMenuSelection": {
      "chains": [{
        "chainId": "SRActionMenuSelectionAction",
        "parameters": {
          "menuId": "{{$event.target.value}}"
        }
      }]
    },
    "linkedTextClicked": {
      "chains": [{
        "chainId": "application:LinkedTextClickAction",
        "parameters": {
          "objectId": "{{ $event.detail.objectId }}",
          "objectType": "{{ $event.detail.objectType }}",
          "value": "{{ $event.detail.value }}"
        }
      }]
    },
    "categorySelectorSelected": {
      "chains": [{
        "chainId": "CategorySelectorSelectedAction",
        "parameters": {
          "detail": "{{ $event.detail }}"
        }
      }]
    },
    "productSelectorSelected": {
      "chains": [{
        "chainId": "ProductSelectorSelectedAction",
        "parameters": {
          "detail": "{{ $event.detail }}"
        }
      }]
    },
    "srFileAttachmentFileSelected": {
      "chains": [{
        "chainId": "SRFileAttachmentFileSelectedAction",
        "parameters": {
          "detail": "{{ $application.functions.convertFileListToArray($event.detail.files) }}"
        }
      }]
    },
    "srURLCancelEditAttachmentClicked": {
      "chains": [{
        "chainId": "SRURLCancelUpdateAttachmentAction",
        "parameters": {
          "detail": "{{ $event.detail }}",
          "key": "{{ $current.key }}"
        }
      }]
    },
    "srURLUpdateAttachmentClicked": {
      "chains": [{
        "chainId": "SRURLUpdateAttachmentAction",
        "parameters": {
          "key": "{{ $current.key }}",
          "detail": "{{ $current.data }}"
        }
      }]
    },
    "srURLCreateAttachmentClicked": {
      "chains": [{
        "chainId": "SRURLCreateAttachmentAction",
        "parameters": {
          "Description": "[[ $page.variables.srURLAttachmentDescription ]]",
          "Title": "[[ $page.variables.srURLAttachmentTitle ]]",
          "Url": "[[  $page.variables.srURLAttachmentURL.trim() ]]"
        }
      }]
    },
    "srFileUpdateAttachmentDescriptionClicked": {
      "chains": [{
        "chainId": "SRFileUpdateAttachmentAction",
        "parameters": {
          "key": "{{ $current.key }}",
          "detail": "{{ $current.data }}"
        }
      }]
    },
    "srFileCancelEditAttachmentDescriptionClicked": {
      "chains": [{
        "chainId": "SRFileCancelUpdateAttachmentDescriptionAction",
        "parameters": {
          "detail": "{{ $event.detail }}",
          "key": "{{ $current.key }}"
        }
      }]
    },
    "srFileEditAttachmentClicked": {
      "chains": [{
        "chainId": "SRFileEditAttachmentButtonClickAction",
        "parameters": {
          "key": "{{ $current.key }}"
        }
      }]
    },
    "srUrlEditAttachmentClicked": {
      "chains": [{
        "chainId": "SRUrlEditAttachmentButtonClickAction",
        "parameters": {
          "key": "{{ $current.key }}"
        }
      }]
    }
  },
  "imports": {
    "components": {
      "oj-button": {
        "path": "ojs/ojbutton"
      },
      "oj-collapsible": {
        "path": "ojs/ojcollapsible"
      },
      "oj-conveyor-belt": {
        "path": "ojs/ojconveyorbelt"
      },
      "oj-label": {
        "path": "ojs/ojlabel"
      },
      "oj-form-layout": {
        "path": "ojs/ojformlayout"
      },
      "oj-input-text": {
        "path": "ojs/ojinputtext"
      },
      "oj-progress-circle": {
        "path": "ojs/ojprogress-circle"
      },
      "oj-text-area": {
        "path": "ojs/ojinputtext"
      },
      "oj-list-view": {
        "path": "ojs/ojlistview"
      },
      "oj-tab-bar": {
        "path": "ojs/ojnavigationlist"
      },
      "oj-menu": {
        "path": "ojs/ojmenu"
      },
      "oj-menu-button": {
        "path": "ojs/ojbutton"
      },
      "oj-option": {
        "path": "ojs/ojoption"
      },
      "oj-odcs-linked-text": {
        "path": "oj-odcs/linked-text/loader"
      },
      "oj-odcs-category-selector": {
        "path": "oj-odcs/category-selector/loader"
      },
      "oj-odcs-product-selector": {
        "path": "oj-odcs/product-selector/loader"
      },
      "oj-odcs-attachment-download": {
        "path": "oj-odcs/attachment-download/loader"
      },
      "oj-validation-group": {
        "path": "ojs/ojvalidationgroup"
      },
      "oj-dialog": {
        "path": "ojs/ojdialog"
      },
      "oj-file-picker": {
        "path": "ojs/ojfilepicker"
      }

    }
  },
  "constants": {
    "srURLRexExpValidationPattern": {
      "type": "string",
      "defaultValue": "mailto:.+|file:\\/.+|ftp:\\/\\/.+|https?:\\/\\/.+"
    }
  }
}