{
  "root": "ifIsSmartAssistantOn",
  "description": "",
  "actions": {
    "ifIsSmartAssistantOn": {
      "module": "vb/action/builtin/ifAction",
      "parameters": {
        "condition": "{{ $flow.variables.isProactiveKnowledgeOn }}"
      },
      "outcomes": {
        "true": "if1",
        "false": "returnIfArticlesExist"
      }
    },
    "if1": {
      "module": "vb/action/builtin/ifAction",
      "parameters": {
        "condition": "{{ $page.variables.kmArticleCountData.articleCount === 0 }}"
      },
      "outcomes": {
        "true": "callCreateSRAsNoArticlesCanHelp",
        "false": "return1"
      }
    },
    "return1": {
      "module": "vb/action/builtin/returnAction",
      "parameters": {
        "outcome": "success"
      }
    },
    "returnIfArticlesExist": {
      "module": "vb/action/builtin/returnAction",
      "parameters": {
        "outcome": "success"
      }
    },
    "callCreateSRAsNoArticlesCanHelp": {
      "module": "vb/action/builtin/callChainAction",
      "parameters": {
        "id": "flow:SRCreateSubmitServiceRequestAction",
        "params": {
          "detail": "{{ $flow.variables.serviceRequest }}"
        }
      }
    }
  }
}