{
  "root": "resetKMArticleRating",
  "description": "Gets structured article content from the KM service.",
  "variables": {
    "saveFailureResult": {
      "type": "application:genericServiceErrorResponseType"
    }
  },
  "actions": {
    "setLocale": {
      "module": "vb/action/builtin/callChainAction",
      "parameters": {
        "id": "application:SetKMLocaleAction"
      },
      "outcomes": {
        "success": "getKMauthtoken"
      }
    },
    "getKMauthtoken": {
      "module": "vb/action/builtin/callModuleFunctionAction",
      "parameters": {
        "module": "{{$application.functions}}",
        "functionName": "getKMauthtoken",
        "params": [
          "{{ $application.variables.kmLocale }}",
          "{{ $application.variables.kmConfig.kmInterfaceId }}"
        ]
      },
      "outcomes": {
        "success": "loadCurrentArticle"
      }
    },
    "assignContentFailureResult": {
      "module": "vb/action/builtin/assignVariablesAction",
      "parameters": {
        "$chain.variables.saveFailureResult": {
          "source": "[[ $chain.results.loadCurrentArticle.payload ]]"
        }
      },
      "outcomes": {
        "success": "getErrorMessage"
      }
    },
    "getErrorMessage": {
      "module": "vb/action/builtin/callModuleFunctionAction",
      "parameters": {
        "module": "{{$application.functions}}",
        "functionName": "getErrorMessage",
        "params": [
          "{{$chain.variables.saveFailureResult.status }}",
          "{{$application.variables.kmConfig.kmErrorMessages }}"
        ]
      },
      "outcomes": {
        "success": "fireErrorNotification"
      }
    },
    "fireErrorNotification": {
      "module": "vb/action/builtin/fireNotificationEventAction",
      "parameters": {
        "summary": "[[ $chain.results.getErrorMessage ]]",
        "type": "error",
        "displayMode": "persist"
      },
      "outcomes": {
        "success": "hideWaitingCursorAfterFailure"
      }
    },
    "assignVariables": {
      "module": "vb/action/builtin/assignVariablesAction",
      "parameters": {
        "$page.variables.kmFileAttachments": {
          "source": "{{ $chain.results.transformContentResponse.fileAttachments ? $chain.results.transformContentResponse.fileAttachments : []}}"
        },
        "$page.variables.kmCurrentContent.contentBody": {
          "source": "{{ $chain.results.transformContentResponse.contentBody }}"
        },
        "$page.variables.kmCurrentContent.documentId": {
          "source": "{{ $chain.results.transformContentResponse.IMDocumentId }}"
        },
        "$page.variables.kmCurrentContent.title": {
          "source": "{{ $chain.results.transformContentResponse.title }}"
        },
        "$page.variables.kmCurrentContent.publishDate": {
          "source": "{{ $chain.results.transformContentResponse.publishDate }}"
        },
        "$page.variables.kmShowArticle": {
          "source": true
        },
        "$page.variables.kmRecordId": {
          "source": "{{ $chain.results.loadCurrentArticle.body.recordId }}"
        },
        "$page.variables.kmRatingResults": {
          "source": "{{ $chain.results.processRatingResponse }}",
          "auto": "always"
        }
      },
      "outcomes": {
        "success": "assignShowFileAttachments"
      }
    },
    "assignShowFileAttachments": {
      "module": "vb/action/builtin/assignVariablesAction",
      "parameters": {
        "$page.variables.kmShowFileAttachments": {
          "source": "{{ $page.variables.kmFileAttachments.length > 0 }}"
        }
      },
      "outcomes": {
        "success": "hideWaitingCursorAfterSuccess"
      }
    },
    "hideWaitingCursorAfterSuccess": {
      "module": "vb/action/builtin/callModuleFunctionAction",
      "parameters": {
        "module": "{{$application.functions}}",
        "functionName": "showDefaultCursor"
      },
      "outcomes": {
        "success": "returnFromSuccess"
      }
    },
    "hideWaitingCursorAfterFailure": {
      "module": "vb/action/builtin/callModuleFunctionAction",
      "parameters": {
        "module": "{{$application.functions}}",
        "functionName": "showDefaultCursor"
      },
      "outcomes": {
        "success": "returnFromFail"
      }
    },
    "processContentTypeDefinition": {
      "module": "vb/action/builtin/callModuleFunctionAction",
      "parameters": {
        "module": "{{$application.functions}}",
        "functionName": "processKMContentTypeDefinition",
        "params": [
          "{{ $chain.results.loadCurrentArticle.body }}"
        ]
      },
      "outcomes": {
        "success": "transformContentResponse"
      }
    },
    "transformContentResponse": {
      "module": "vb/action/builtin/callModuleFunctionAction",
      "parameters": {
        "module": "{{$application.functions}}",
        "functionName": "transformKMContent",
        "params": [
          "{{ $chain.results.loadCurrentArticle }}",
          "{{ $application.variables.kmLocale }}",
          "{{ $chain.results.processContentTypeDefinition }}",
          "{{ $application.variables.opaSiteUrl }}"
        ],
        "returnType": "object"
      },
      "outcomes": {
        "success": "processRatingResponse"
      }
    },
    "loadCurrentArticle": {
      "module": "vb/action/builtin/restAction",
      "parameters": {
        "endpoint": "knowledge-service/findArticleByAnswerId",
        "uriParams": {
          "id": "{{ $page.variables.kmContentId }}",
          "kmauthtoken": "{{ $chain.results.getKMauthtoken }}"
        }
      },
      "outcomes": {
        "success": "callValidateIsJsonAction",
        "failure": "assignContentFailureResult"
      }
    },
    "processRatingResponse": {
      "module": "vb/action/builtin/callModuleFunctionAction",
      "parameters": {
        "module": "{{$application.functions}}",
        "functionName": "processRatingData",
        "params": [
          "{{ $chain.results.loadCurrentArticle.body.aggregateFormResults }}"
        ],
        "returnType": "object"
      },
      "outcomes": {
        "success": "assignVariables"
      }
    },
    "resetKMArticleRating": {
      "module": "vb/action/builtin/assignVariablesAction",
      "outcomes": {
        "success": "setLocale"
      },
      "parameters": {
        "$page.variables.kmRatingResults": {
          "source": {},
          "auto": "always",
          "reset": "toDefault"
        },
        "$page.variables.kmShowArticle": {
          "source": false
        }
      }
    },
    "returnFromSuccess": {
      "module": "vb/action/builtin/returnAction",
      "parameters": {
        "outcome": "success"
      }
    },
    "returnFromFail": {
      "module": "vb/action/builtin/returnAction",
      "parameters": {
        "outcome": "failure"
      }
    },
    "ifIsJsonResponse": {
      "module": "vb/action/builtin/ifAction",
      "outcomes": {
        "true": "ifOpaSiteUrl",
        "false": "hideWaitingCursorAfterFailure"
      },
      "parameters": {
        "condition": "[[ $chain.results.callValidateIsJsonAction ]]"
      }
    },
    "callValidateIsJsonAction": {
      "module": "vb/action/builtin/callChainAction",
      "parameters": {
        "id": "application:ValidateIsJsonResponseAction",
        "params": {
          "restPayload": "{{ $chain.results.loadCurrentArticle }}"
        }
      },
      "outcomes": {
        "success": "ifIsJsonResponse"
      }
    },
    "ifOpaSiteUrl": {
      "module": "vb/action/builtin/ifAction",
      "parameters": {
        "condition": "[[ !$application.variables.opaSiteUrl && JSON.stringify($chain.results.loadCurrentArticle.body).indexOf('data-opa-meta-data') > 0 ]]"
      },
      "outcomes": {
        "true": "callChainInitializeOPASiteUrlAction",
        "false": "processContentTypeDefinition"
      }
    },
    "callChainInitializeOPASiteUrlAction": {
      "module": "vb/action/builtin/callChainAction",
      "parameters": {
        "id": "KMInitializeOPASiteUrlAction"
      },
      "outcomes": {
        "success": "processContentTypeDefinition"
      }
    }
  }
}