{
  "description": "",
  "variables": {
    "value": {
      "required": true,
      "type": "any",
      "input": "fromCaller"
    }
  },
  "root": "callRateRestEndpoint",
  "actions": {
    "callRatingsRestEndpoint": {
      "module": "vb/action/builtin/restAction",
      "parameters": {
        "endpoint": "knowledge-service/getRatingsAggregate",
        "uriParams": {
          "id": "{{ $page.variables.kmRecordId }}"
        }
      },
      "outcomes": {
        "success": "callValidateIsJsonAction"
      },
      "description": "Retrieves updated rating information for the article including the user's new rating"
    },
    "callRateRestEndpoint": {
      "module": "vb/action/builtin/restAction",
      "parameters": {
        "endpoint": "knowledge-service/rateArticle",
        "uriParams": {
          "id": "{{ $page.variables.kmRecordId }}",
          "kmauthtoken": "{{ '{\"interfaceId\":1,\"localeId\":\"en_US\",\"localeOverride\":\"true\"}' }}"
        },
        "body": "{{ {\n \"answer\": {\n  \"recordId\": $page.variables.kmRatingResults.answerIds[$chain.variables.value]\n }\n} }}"
      },
      "outcomes": {
        "success": "setRatingApplied"
      },
      "description": "Applies the user's rating to the article"
    },
    "processRatingResponse": {
      "module": "vb/action/builtin/callModuleFunctionAction",
      "parameters": {
        "module": "{{$application.functions}}",
        "functionName": "processRatingData",
        "params": [
          "{{ $chain.results.callRatingsRestEndpoint.body }}"
        ]
      },
      "outcomes": {
        "success": "assignRatingResults"
      }
    },
    "assignRatingResults": {
      "module": "vb/action/builtin/assignVariablesAction",
      "parameters": {
        "$page.variables.kmRatingResults": {
          "source": "{{ $chain.results.processRatingResponse }}",
          "auto": "always"
        }
      }
    },
    "setRatingApplied": {
      "module": "vb/action/builtin/assignVariablesAction",
      "parameters": {
        "$page.variables.kmRatingApplied": {
          "source": "true"
        }
      },
      "outcomes": {
        "success": "callRatingsRestEndpoint"
      },
      "description": "Set the variable that indicates that the user has applied a rating"
    },
    "ifIsJsonResponse": {
      "module": "vb/action/builtin/ifAction",
      "outcomes": {
        "true": "processRatingResponse"
      },
      "parameters": {
        "condition": "[[ $chain.results.callValidateIsJsonAction ]]"
      }
    },
    "callValidateIsJsonAction": {
      "module": "vb/action/builtin/callChainAction",
      "parameters": {
        "id": "application:ValidateIsJsonResponseAction",
        "params": {
          "restPayload": "{{ $chain.results.callRatingsRestEndpoint }}"
        }
      },
      "outcomes": {
        "success": "ifIsJsonResponse"
      }
    }
  }
}