{
  "root": "ifQuestion",
  "description": "",
  "variables": {
    "payload": {
      "type": {
        "target": "string"
      }
    }
  },
  "actions": {
    "fireEventOnDataProviderAction": {
      "module": "vb/action/builtin/fireDataProviderEventAction",
      "parameters": {
        "target": "{{ $page.variables[$variables.payload.target] }}",
        "refresh": null
      },
      "outcomes": {
        "success": "setShowSearchResultsTrue"
      }
    },
    "resetAnswerResultCache": {
      "module": "vb/action/builtin/resetVariablesAction",
      "parameters": {
        "variables": [
          "$page.variables.answerResultCache"
        ]
      },
      "outcomes": {
        "success": "fireEventOnDataProviderAction"
      },
      "description": "Reset the answer result cache before doing the search"
    },
    "setShowSearchResultsTrue": {
      "module": "vb/action/builtin/assignVariablesAction",
      "parameters": {
        "$page.variables.showSearchResults": {
          "source": true
        }
      }
    },
    "ifQuestion": {
      "module": "vb/action/builtin/ifAction",
      "outcomes": {
        "true": "resetAnswerResultCache"
      },
      "parameters": {
        "condition": "{{ $page.variables.queryParams.question }}"
      }
    }
  },
  "@dt": {
    "autowire": {
      "contextKey": "odcs-knowledge-search",
      "name": "KMSearchFireDataProviderRefreshEventAction"
    }
  }
}