{
  "root": "checkQuestion",
  "description": "",
  "variables": {
    "configuration": {
      "type": {
        "hookHandler": "vb/RestHookHandler"
      },
      "description": "The configuration for the REST action",
      "input": "fromCaller",
      "required": true
    },
    "saveFailureResult": {
      "type": "application:genericServiceErrorResponseType"
    }
  },
  "actions": {
    "checkQuestion": {
      "module": "vb/action/builtin/ifAction",
      "parameters": {
        "condition": "{{ $page.variables.queryParams.question }}"
      },
      "outcomes": {
        "true": "isCacheDataMatchingQueryParams",
        "false": "resetKmArticleCountData"
      }
    },
    "setLocale": {
      "module": "vb/action/builtin/callChainAction",
      "parameters": {
        "id": "application:SetKMLocaleAction"
      },
      "outcomes": {
        "success": "getKMauthtoken"
      }
    },
    "getKMauthtoken": {
      "module": "vb/action/builtin/callModuleFunctionAction",
      "parameters": {
        "module": "{{$application.functions}}",
        "functionName": "getKMauthtoken",
        "params": [
          "{{ $application.variables.kmLocale }}",
          "{{ $application.variables.kmConfig.kmInterfaceId }}"
        ]
      },
      "outcomes": {
        "success": "fetchAnswerList"
      }
    },
    "fetchAnswerList": {
      "module": "vb/action/builtin/restAction",
      "parameters": {
        "endpoint": "knowledge-service/getAnswers",
        "headers": {
          "kmauthtoken": "{{ $chain.results.getKMauthtoken}}"
        },
        "hookHandler": "{{ $variables.configuration.hookHandler }}",
        "body": "{\"transactionId\": 0}",
        "requestTransformOptions": {
          "filter": "{{ $page.variables.queryParams }}"
        },
        "requestTransformFunctions": {
          "filter": "{{ $application.functions.setRequestParams }}"
        },
        "uriParams": {
          "kmauthtoken": "{{ $chain.results.getKMauthtoken }}"
        }
      },
      "outcomes": {
        "success": "callValidateIsJsonAction",
        "failure": "assignFailureResult"
      }
    },
    "assignFailureResult": {
      "module": "vb/action/builtin/assignVariablesAction",
      "parameters": {
        "$chain.variables.saveFailureResult": {
          "source": "[[ $chain.results.fetchAnswerList.payload ]]"
        },
        "$page.variables.kmListViewTranslations": {
          "source": {
            "msgNoData": "[[ $application.translations.app.km_articles_list_noDataFound ]]"
          },
          "auto": "always"
        }
      },
      "outcomes": {
        "success": "getErrorMessage"
      }
    },
    "getErrorMessage": {
      "module": "vb/action/builtin/callModuleFunctionAction",
      "parameters": {
        "module": "{{$application.functions}}",
        "functionName": "getErrorMessage",
        "params": [
          "{{ $chain.variables.saveFailureResult.status }}",
          "{{ $application.variables.kmConfig.kmErrorMessages }}"
        ]
      },
      "outcomes": {
        "success": "resetAnswerResultCache"
      }
    },
    "transformResponse": {
      "module": "vb/action/builtin/callModuleFunctionAction",
      "parameters": {
        "module": "{{$application.functions}}",
        "functionName": "transformAnswers",
        "params": [
          "{{ $chain.results.fetchAnswerList }}"
        ]
      },
      "outcomes": {
        "success": "assignAnswerResultToCache"
      }
    },
    "returnResponse": {
      "module": "vb/action/builtin/returnAction",
      "parameters": {
        "outcome": "success",
        "payload": "{{ $page.variables.answerResultCache.data }}"
      },
      "description": "Response returned with populated data in success case and empty data in failure case"
    },
    "resetKmArticleCountData": {
      "module": "vb/action/builtin/assignVariablesAction",
      "parameters": {
        "$page.variables.kmArticleCountData": {
          "source": {
            "question": "",
            "articleCount": 0
          }
        }
      },
      "outcomes": {
        "success": "returnEmptyPayload"
      }
    },
    "ifAnswerResultCached": {
      "module": "vb/action/builtin/ifAction",
      "outcomes": {
        "false": "setLocale",
        "true": "returnResponse"
      },
      "parameters": {
        "condition": "{{ $chain.results.isCacheDataMatchingQueryParams }}"
      }
    },
    "assignAnswerResultToCache": {
      "module": "vb/action/builtin/assignVariablesAction",
      "parameters": {
        "$page.variables.answerResultCache.data": {
          "source": "{{ $chain.results.transformResponse }}"
        },
        "$page.variables.answerResultCache.queryParams": {
          "source": "{{ $page.variables.queryParams }}"
        }
      },
      "outcomes": {
        "success": "returnResponse"
      }
    },
    "assignKmArticleCountData": {
      "module": "vb/action/builtin/assignVariablesAction",
      "outcomes": {
        "success": "transformResponse"
      },
      "parameters": {
        "$page.variables.kmArticleCountData": {
          "source": "{{ { \"question\": $chain.results.fetchAnswerList.body.query.original, \"articleCount\": $chain.results.fetchAnswerList.body.results.results[0] ? $chain.results.fetchAnswerList.body.results.results[0].totalResults : 0 } }}"
        },
        "$page.variables.kmListViewTranslations": {
          "source": {
            "msgNoData": "[[ $flow.variables.isProactiveKnowledgeOn ? $application.translations.app.createServiceRequest_create_in_progress : $application.translations.app.km_articles_list_noDataFound ]]"
          },
          "auto": "always"
        }
      }
    },
    "isCacheDataMatchingQueryParams": {
      "module": "vb/action/builtin/callModuleFunctionAction",
      "parameters": {
        "module": "{{$application.functions}}",
        "functionName": "areAttributesMatchingTestValue",
        "params": [
          "{{ $page.variables.queryParams }}",
          "{{ $page.variables.answerResultCache.queryParams }}"
        ]
      },
      "outcomes": {
        "success": "ifAnswerResultCached"
      }
    },
    "resetAnswerResultCache": {
      "module": "vb/action/builtin/resetVariablesAction",
      "description": "Reset the answerResultCache that holds the result set",
      "parameters": {
        "variables": [
          "$page.variables.answerResultCache"
        ]
      },
      "outcomes": {
        "success": "callCreateSRIfKMFails"
      }
    },
    "returnEmptyPayload": {
      "module": "vb/action/builtin/returnAction",
      "parameters": {
        "outcome": "success",
        "payload": {
          "body": {
            "results": [],
            "facets": []
          }
        }
      }
    },
    "callCreateSRIfKMFails": {
      "module": "vb/action/builtin/callChainAction",
      "parameters": {
        "id": "flow:SRCreateSubmitServiceRequestAction",
        "params": {
          "detail": "{{ $flow.variables.serviceRequest }}"
        }
      },
      "outcomes": {
        "success": "returnResponse"
      }
    },
    "ifIsJsonResponse": {
      "module": "vb/action/builtin/ifAction",
      "outcomes": {
        "true": "assignKmArticleCountData",
        "false": "resetAnswerResultCache"
      },
      "parameters": {
        "condition": "[[ $chain.results.callValidateIsJsonAction ]]"
      }
    },
    "callValidateIsJsonAction": {
      "module": "vb/action/builtin/callChainAction",
      "parameters": {
        "id": "application:ValidateIsJsonResponseAction",
        "params": {
          "restPayload": "{{ $chain.results.fetchAnswerList }}"
        }
      },
      "outcomes": {
        "success": "ifIsJsonResponse"
      }
    }
  },
  "@dt": {
    "autowire": {
      "contextKey": "odcs-knowledge-search",
      "name": "KMSearchFetchAnswerListAction"
    }
  }
}