{
  "root": "checkValue",
  "description": "",
  "variables": {
    "contentId": {
      "type": "string",
      "required": true,
      "input": "fromCaller"
    },
    "eventDetail": {
      "type": "any",
      "required": false,
      "input": "fromCaller"
    }
  },
  "actions": {
    "checkValue": {
      "module": "vb/action/builtin/ifAction",
      "parameters": {
        "condition": "{{ $variables.contentId }}"
      },
      "outcomes": {
        "true": "callGetGlobalIDFromCache",
        "false": "return"
      }
    },
    "showWaitCursor": {
      "module": "vb/action/builtin/callModuleFunctionAction",
      "parameters": {
        "module": "{{$application.functions}}",
        "functionName": "showWaitCursor"
      },
      "outcomes": {
        "success": "ifContentIdMatchesSelection"
      }
    },
    "getArticleType": {
      "module": "vb/action/builtin/callModuleFunctionAction",
      "parameters": {
        "module": "{{$application.functions}}",
        "functionName": "getArticleType",
        "params": [
          "{{ $chain.variables.eventDetail }}"
        ]
      },
      "outcomes": {
        "success": "ifItIsArticle"
      }
    },
    "ifItIsArticle": {
      "module": "vb/action/builtin/ifAction",
      "parameters": {
        "condition": "[[ $chain.results.getArticleType === 'CMS-XML' ]]"
      },
      "outcomes": {
        "true": "showWaitCursor",
        "false": "getAttachmentUrl"
      }
    },
    "getAttachmentUrl": {
      "module": "vb/action/builtin/callModuleFunctionAction",
      "parameters": {
        "module": "{{$application.functions}}",
        "functionName": "getAttachmentUrl",
        "params": [
          "{{ $chain.variables.eventDetail }}"
        ]
      },
      "outcomes": {
        "success": "ifUrlExists"
      }
    },
    "ifUrlExists": {
      "module": "vb/action/builtin/ifAction",
      "parameters": {
        "condition": "{{ $chain.results.getAttachmentUrl }}"
      },
      "outcomes": {
        "true": "openUrl",
        "false": "return"
      }
    },
    "openUrl": {
      "module": "vb/action/builtin/openUrlAction",
      "parameters": {
        "url": "{{ $chain.results.getAttachmentUrl }}",
        "windowName": "_blank"
      },
      "outcomes": {
        "success": "return"
      }
    },
    "callShowArticleDrawAction": {
      "module": "vb/action/builtin/callChainAction",
      "parameters": {
        "id": "SRCreateShowArticleDetailDrawer"
      },
      "outcomes": {
        "success": "return"
      }
    },
    "return": {
      "module": "vb/action/builtin/returnAction",
      "parameters": {
        "outcome": "success"
      }
    },
    "callResetSelectedKeySet": {
      "module": "vb/action/builtin/callModuleFunctionAction",
      "parameters": {
        "module": "[[ $application.functions ]]",
        "functionName": "keySetOperation",
        "params": [
          "clear",
          "{{ $page.variables.kmListViewKeySets }}",
          "selected"
        ]
      },
      "outcomes": {
        "success": "assignKMListViewKeySet"
      }
    },
    "assignKMListViewKeySet": {
      "module": "vb/action/builtin/assignVariablesAction",
      "parameters": {
        "$page.variables.kmListViewKeySets": {
          "source": "{{ $chain.results.callResetSelectedKeySet }}",
          "auto": "always"
        }
      },
      "outcomes": {
        "success": "getArticleType"
      }
    },
    "ifContentIdMatchesSelection": {
      "module": "vb/action/builtin/ifAction",
      "outcomes": {
        "true": "callShowDefaultCursor",
        "false": "assignKMContentIdVariable"
      },
      "description": "If the kmContentId has not changed since the last selection, do not reset it, and stop the showWait cursor as the data is already loaded, otherwise update the kmContentId which will invoke the load article action.",
      "parameters": {
        "condition": "[[ $chain.variables.contentId === $page.variables.kmContentId ]]"
      }
    },
    "callShowDefaultCursor": {
      "module": "vb/action/builtin/callModuleFunctionAction",
      "parameters": {
        "module": "[[ $application.functions ]]",
        "functionName": "showDefaultCursor"
      },
      "outcomes": {
        "success": "callShowArticleDrawAction"
      }
    },
    "assignKMContentIdVariable": {
      "module": "vb/action/builtin/assignVariablesAction",
      "parameters": {
        "$page.variables.kmContentId": {
          "source": "{{ $chain.variables.contentId }}"
        }
      },
      "outcomes": {
        "success": "callShowArticleDrawAction"
      },
      "description": "Update the kmContentId which will invoke the load article action."
    },
    "callGetGlobalIDFromCache": {
      "module": "vb/action/builtin/callModuleFunctionAction",
      "parameters": {
        "module": "[[ $application.functions ]]",
        "functionName": "getValueFromObjectWithKeyValuePair",
        "params": [
          "{{ $page.variables.answerResultCache.data.body.results }}",
          "answerId",
          "{{ Number($chain.variables.contentId) }}",
          "IMAnswerId"
        ],
        "returnType": "string"
      },
      "outcomes": {
        "success": "assignLookedUpIMAnswerId"
      },
      "description": "Lookup from the articles cache the IMAnswerId from the item whose answerId matches that of the key passed into the action."
    },
    "assignLookedUpIMAnswerId": {
      "module": "vb/action/builtin/assignVariablesAction",
      "parameters": {
        "$chain.variables.contentId": {
          "source": "{{ $chain.results.callGetGlobalIDFromCache }}"
        }
      },
      "outcomes": {
        "success": "callResetSelectedKeySet"
      },
      "description": "Update the contentId to be the IMAnswerId corresponding to the selected answerId"
    }
  }
}