{
  "root": "IfQuestionHasLength",
  "description": "",
  "variables": {
    "question": {
      "type": "string",
      "required": true,
      "input": "fromCaller"
    }
  },
  "actions": {
    "resetScrollPositionVariables": {
      "module": "vb/action/builtin/resetVariablesAction",
      "parameters": {
        "variables": [
          "$page.variables.kmListViewScrollPosition"
        ]
      },
      "outcomes": {
        "success": "assignVariables"
      }
    },
    "assignVariables": {
      "module": "vb/action/builtin/assignVariablesAction",
      "parameters": {
        "$page.variables.queryParams.question": {
          "source": "{{ $variables.question }}"
        },
        "$page.variables.queryParams.categoryId": {
          "source": "{{ $page.variables.categoryId }}"
        },
        "$page.variables.queryParams.productId": {
          "source": "{{ $page.variables.productId }}"
        },
        "$page.variables.queryParams.pageSize": {
          "source": "{{ $page.variables.kmArticlesPageSize }}"
        }
      }
    },
    "setShowSearchResultsTrue": {
      "module": "vb/action/builtin/assignVariablesAction",
      "parameters": {
        "$page.variables.showSearchResults": {
          "source": true
        }
      },
      "outcomes": {
        "success": "resetScrollPositionVariables"
      }
    },
    "IfQuestionHasLength": {
      "module": "vb/action/builtin/ifAction",
      "parameters": {
        "condition": "[[ $chain.variables.question && $chain.variables.question.trim().length > 0 ]]"
      },
      "outcomes": {
        "true": "setShowSearchResultsTrue",
        "false": "resetQuestionVariables"
      },
      "description": "If the questionValue exists and is of length greater than zero invoke the search, otherwise make it a no op."
    },
    "resetQuestionVariables": {
      "module": "vb/action/builtin/assignVariablesAction",
      "parameters": {
        "$page.variables.question": {
          "reset": "empty"
        },
        "$page.variables.queryParams": {
          "reset": "empty"
        },
        "$page.variables.showSearchResults": {
          "source": false
        }
      },
      "description": "Reset the variable in case it is empty after being trimmed."
    }
  },
  "@dt": {
    "autowire": {
      "contextKey": "odcs-knowledge-search",
      "name": "KMSearchStartNewSearchAction"
    }
  }
}