{
  "description": "",
  "variables": {},
  "root": "resetRatingApplied",
  "actions": {
    "callShowDrawFunction": {
      "module": "vb/action/builtin/callModuleFunctionAction",
      "parameters": {
        "module": "{{$page.functions}}",
        "functionName": "showDrawer",
        "params": [
          "#odcs-sr-create-answers-end-drawer",
          "#odcs-sr-create-answers-main-content"
        ]
      }
    },
    "resetRatingApplied": {
      "module": "vb/action/builtin/assignVariablesAction",
      "outcomes": {
        "success": "callShowDrawFunction"
      },
      "parameters": {
        "$page.variables.kmRatingApplied": {
          "source": false
        }
      }
    }
  }
}