{
  "root": "callProductGroupRestEndpoint",
  "actions": {
    "fireErrorNotification": {
      "module": "vb/action/builtin/fireNotificationEventAction",
      "parameters": {
        "summary": "[[ $application.translations.format('app', 'productGroupDetails_error_notFound', { ProductGroupId: $page.variables.productGroupId }) ]]"
      }
    },
    "ifProductGroupFetched": {
      "module": "vb/action/builtin/ifAction",
      "parameters": {
        "condition": "{{ $chain.results.callProductGroupRestEndpoint.body.items[0] }}"
      },
      "outcomes": {
        "true": "assignProductGroupVariables",
        "false": "fireErrorNotification"
      }
    },
    "callProductGroupRestEndpoint": {
      "module": "vb/action/builtin/restAction",
      "parameters": {
        "endpoint": "crmRestApi/getall_catalogProductGroups",
        "requestTransformOptions": {
          "filter": {
            "op": "$and",
            "criteria": [
              {
                "attribute": "ProductGroupId",
                "op": "$eq",
                "value": "[[ $page.variables.productGroupId ]]"
              }
            ]
          }
        },
        "responseType": "getall_catalogProductGroups"
      },
      "outcomes": {
        "success": "callValidateIsJsonAction",
        "failure": "fireErrorNotification"
      }
    },
    "assignProductGroupVariables": {
      "module": "vb/action/builtin/assignVariablesAction",
      "parameters": {
        "$page.variables.productGroup": {
          "source": "{{ $chain.results.callProductGroupRestEndpoint.body.items[0] }}",
          "auto": "always"
        },
        "$page.variables.productGroupName": {
          "source": "{{ $chain.results.callProductGroupRestEndpoint.body.items[0].ProductGroupName }}"
        },
        "$page.variables.productGroupLoaded": {
          "source": true
        }
      },
      "outcomes": {
        "success": "callSetContextProduct"
      }
    },
    "callSetPageTitle": {
      "module": "vb/action/builtin/callModuleFunctionAction",
      "parameters": {
        "module": "[[ $application.functions ]]",
        "functionName": "setPageTitle",
        "params": [
          "{{ $application.translations }}",
          "productGroupDetails_loadedPageTitle",
          "{{ {\n  \"name\": $page.variables.productGroup.ProductGroupName\n} }}"
        ]
      }
    },
    "callSetContextProduct": {
      "module": "vb/action/builtin/callChainAction",
      "parameters": {
        "id": "application:SetContextProductAction",
        "params": {
          "id": "{{ $page.variables.productGroup.ProductGroupId }}",
          "type": "product-group"
        }
      },
      "outcomes": {
        "success": "callSetPageTitle"
      }
    },
    "ifIsJsonResponse": {
      "module": "vb/action/builtin/ifAction",
      "outcomes": {
        "true": "ifProductGroupFetched"
      },
      "parameters": {
        "condition": "[[ $chain.results.callValidateIsJsonAction ]]"
      }
    },
    "callValidateIsJsonAction": {
      "module": "vb/action/builtin/callChainAction",
      "parameters": {
        "id": "application:ValidateIsJsonResponseAction",
        "params": {
          "restPayload": "{{ $chain.results.callProductGroupRestEndpoint }}"
        }
      },
      "outcomes": {
        "success": "ifIsJsonResponse"
      }
    }
  },
  "variables": {}
}