{
  "description": "",
  "variables": {
    "detail": {
      "required": true,
      "type": "any",
      "input": "fromCaller"
    }
  },
  "root": "navigateToCreateServiceRequestFlowEvent",
  "actions": {
    "navigateToCreateServiceRequestFlowEvent": {
      "module": "vb/action/builtin/fireCustomEventAction",
      "parameters": {
        "payload": {
          "target": "service-request",
          "operation": "create",
          "params": {
            "serviceRequestSeedAttributes": {
              "ProdGroupId": "[[ $page.variables.productGroup.ProductGroupId ]]",
              "ProdGroupName": "[[ $page.variables.productGroup.ProductGroupName ]]"
            }
          }
        },
        "name": "navigate"
      }
    }
  }
}