{
  "root": "checkValue",
  "description": "",
  "variables": {
    "contentId": {
      "type": "string",
      "required": true,
      "input": "fromCaller"
    }
  },
  "actions": {
    "checkValue": {
      "module": "vb/action/builtin/ifAction",
      "parameters": {
        "condition": "{{ $variables.contentId }}"
      },
      "outcomes": {
        "true": "showWaitCursor"
      }
    },
    "navigateToAnswerDetail": {
      "module": "vb/action/builtin/fireCustomEventAction",
      "parameters": {
        "payload": {
          "target": "knowledge-article",
          "id": "[[ $variables.contentId ]]",
          "operation": "detail"
        },
        "name": "navigate"
      },
      "outcomes": {}
    },
    "showWaitCursor": {
      "module": "vb/action/builtin/callModuleFunctionAction",
      "parameters": {
        "module": "{{ $application.functions }}",
        "functionName": "showWaitCursor"
      },
      "outcomes": {
        "success": "callPersistContextProduct"
      }
    },
    "callPersistContextProduct": {
      "module": "vb/action/builtin/callChainAction",
      "parameters": {
        "id": "application:PersistContextProduct"
      },
      "outcomes": {
        "success": "navigateToAnswerDetail"
      },
      "description": "Retains the context product whilst the user is viewing the KM article"
    }
  }
}