{
  "root": "callProductRestEndpoint",
  "actions": {
    "fireErrorNotification": {
      "module": "vb/action/builtin/fireNotificationEventAction",
      "parameters": {
        "summary": "[[ $application.translations.format('app', 'productDetails_error_notFound', { InventoryItemId: $page.variables.productInventoryItemId }) ]]"
      }
    },
    "callProductRestEndpoint": {
      "module": "vb/action/builtin/restAction",
      "parameters": {
        "requestType": "json",
        "endpoint": "crmRestApi/getall_catalogProductItems",
        "responseType": "page:getallCatalogProductItemsResponse",
        "requestTransformOptions": {
          "filter": {
            "op": "$and",
            "criteria": [
              {
                "attribute": "UsageCode",
                "op": "$eq",
                "value": "[[ $application.variables.usageCode ]]"
              },
              {
                "attribute": "ItemNumber",
                "op": "$eq",
                "value": "[[ $page.variables.productItemNumber ]]"
              }
            ]
          }
        }
      },
      "outcomes": {
        "success": "callValidateIsJsonAction",
        "failure": "fireErrorNotification"
      }
    },
    "ifProductFetched": {
      "module": "vb/action/builtin/ifAction",
      "parameters": {
        "condition": "{{ $chain.results.callProductRestEndpoint.body.items[0] }}"
      },
      "outcomes": {
        "true": "assignProductInventoryItemId",
        "false": "fireErrorNotification"
      }
    },
    "assignProductItemVariables": {
      "module": "vb/action/builtin/assignVariablesAction",
      "parameters": {
        "$page.variables.productItem": {
          "source": "{{ $chain.results.callProductRestEndpoint.body.items[0] }}",
          "auto": "always"
        }
      },
      "outcomes": {
        "success": "callSetContextProduct"
      }
    },
    "callSetPageTitle": {
      "module": "vb/action/builtin/callModuleFunctionAction",
      "parameters": {
        "module": "[[ $application.functions ]]",
        "functionName": "setPageTitle",
        "params": [
          "{{ $application.translations }}",
          "productDetails_loadedPageTitle",
          "{{ {\n  \"name\": $page.variables.productItem.Description\n} }}"
        ]
      }
    },
    "assignProductInventoryItemId": {
      "module": "vb/action/builtin/assignVariablesAction",
      "outcomes": {
        "success": "assignProductItemVariables"
      },
      "parameters": {
        "$page.variables.productInventoryItemId": {
          "source": "{{ $chain.results.callProductRestEndpoint.body.items[0].InventoryItemId }}"
        }
      }
    },
    "callSetContextProduct": {
      "module": "vb/action/builtin/callChainAction",
      "parameters": {
        "id": "application:SetContextProductAction",
        "params": {
          "id": "{{ $page.variables.productItem.InventoryItemId }}",
          "orgId": "{{ $page.variables.productItem.OrganizationId }}",
          "type": "product"
        }
      },
      "outcomes": {
        "success": "callSetPageTitle"
      }
    },
    "ifIsJsonResponse": {
      "module": "vb/action/builtin/ifAction",
      "outcomes": {
        "true": "ifProductFetched"
      },
      "parameters": {
        "condition": "[[ $chain.results.callValidateIsJsonAction ]]"
      }
    },
    "callValidateIsJsonAction": {
      "module": "vb/action/builtin/callChainAction",
      "parameters": {
        "id": "application:ValidateIsJsonResponseAction",
        "params": {
          "restPayload": "{{ $chain.results.callProductRestEndpoint }}"
        }
      },
      "outcomes": {
        "success": "ifIsJsonResponse"
      }
    }
  },
  "variables": {}
}