{
  "root": "resetVariables",
  "description": "This action will clear the search input box and invoke a refresh of the data.",
  "actions": {
    "resetVariables": {
      "module": "vb/action/builtin/resetVariablesAction",
      "parameters": {
        "variables": [
          "$page.variables.productsSrListFilterValue",
          "$page.variables.productsSrListSearchRawValue",
          "$page.variables.productsSrListSearchValue"
        ]
      }
    }
  },
  "variables": {
    "filterText": {
      "type": "string",
      "required": false,
      "input": "fromCaller"
    }
  }
}