{
  "description": "This action is invoked when a sort order is updated, invoking a refresh of the Service Request list service data provider with the updated sort option.",
  "root": "callSortFunction",
  "actions": {
    "assignSortVariables": {
      "module": "vb/action/builtin/assignVariablesAction",
      "parameters": {
        "$page.variables.productsSrListSortCriteriaArray[0]": {
          "source": "[[ {'attribute': $chain.results.callSortFunction.attribute, 'direction': $chain.results.callSortFunction.direction} ]]"
        }
      }
    },
    "callSortFunction": {
      "module": "vb/action/builtin/callModuleFunctionAction",
      "parameters": {
        "module": "{{ $application.functions }}",
        "functionName": "getSortCriteria",
        "returnType": "object",
        "params": [
          "{{ $page.variables.productsSrListSortCriteria }}"
        ]
      },
      "outcomes": {
        "success": "assignSortVariables"
      }
    }
  }
}