{
  "root": "ifQuestionPresent",
  "description": "This action is called by the vbAfterNavigation event in order to redirect the flow to the homepage-answers page if the page variable 'question' is populated.  This enables the visualNavigator to navigate directly to the homepage-articles page with a pre-seeded set of search variables.",
  "actions": {
    "ifQuestionPresent": {
      "module": "vb/action/builtin/ifAction",
      "parameters": {
        "condition": "[[ $flow.variables.navigateToAnswers && $flow.variables.question && $flow.variables.question.trim().length > 0]]"
      },
      "outcomes": {
        "true": "navigateToHomepageAnswersPage",
        "false": "resetSearchCriteria"
      },
      "description": "Invokes a navigation to the homepage-articles page if this action called from the vbAfterNavigation event finds the question variable set."
    },
    "navigateToHomepageAnswersPage": {
      "module": "vb/action/builtin/navigateAction",
      "parameters": {
        "page": "homepage-answers",
        "params": {
          "productId": "{{ $flow.variables.productId }}",
          "productName": "{{ $flow.variables.productName }}",
          "categoryId": "{{ $flow.variables.categoryId }}",
          "categoryName": "{{ $flow.variables.categoryName }}",
          "question": "{{ $flow.variables.question }}"
        }
      },
      "description": "Navigate to the homepage-answers page passing through any article search related parameters."
    },
    "resetSearchCriteria": {
      "module": "vb/action/builtin/resetVariablesAction",
      "parameters": {
        "variables": [
          "$flow.variables.question",
          "$flow.variables.categoryId",
          "$flow.variables.productId",
          "$flow.variables.categoryName",
          "$flow.variables.productName",
          "$flow.variables.kmFacetIds"
        ]
      },
      "description": "Reset the flow search related variables as user has navigated back."
    }
  }
}