{
  "description": "",
  "variables": {
    "detail": {
      "required": true,
      "type": "any",
      "input": "fromCaller"
    },
    "product": {
      "type": "page:kmProduct",
      "defaultValue": {
        "id": "",
        "key": "",
        "hasParent": false
      }
    }
  },
  "root": "ifIdDefined",
  "actions": {
    "ifIdDefined": {
      "module": "vb/action/builtin/ifAction",
      "parameters": {
        "condition": "{{ typeof $chain.variables.detail.id !== 'undefined' }}"
      },
      "outcomes": {
        "true": "getPreCategorySelectionProcessedState",
        "false": "resetId"
      }
    },
    "resetId": {
      "module": "vb/action/builtin/assignVariablesAction",
      "parameters": {
        "$flow.variables.categoryId": {
          "reset": "empty"
        },
        "$flow.variables.categoryName": {
          "reset": "empty"
        }
      }
    },
    "getReferenceKey": {
      "module": "vb/action/builtin/restAction",
      "parameters": {
        "endpoint": "knowledge-service/getCategoryId",
        "uriParams": {
          "id": "{{ $chain.variables.product.id }}"
        }
      },
      "outcomes": {
        "success": "callValidateIsJsonAction",
        "failure": "getPostCategorySelectionProcessedState"
      }
    },
    "transformResponseAction": {
      "module": "vb/action/builtin/callModuleFunctionAction",
      "parameters": {
        "module": "{{ $page.functions }}",
        "functionName": "getReferenceKey",
        "params": [
          "{{ $chain.results.getReferenceKey }}",
          "{{ $chain.variables.product.key }}",
          "category"
        ]
      },
      "outcomes": {
        "success": "assignResult"
      }
    },
    "assignResult": {
      "module": "vb/action/builtin/assignVariablesAction",
      "parameters": {
        "$chain.variables.product.id": {
          "source": "{{ $chain.results.transformResponseAction.id }}"
        },
        "$chain.variables.product.key": {
          "source": "{{ $chain.results.transformResponseAction.key }}"
        },
        "$chain.variables.product.hasParent": {
          "source": "{{ $chain.results.transformResponseAction.hasParent }}"
        }
      },
      "outcomes": {
        "success": "ifComplete"
      }
    },
    "ifComplete": {
      "module": "vb/action/builtin/ifAction",
      "parameters": {
        "condition": "{{ $chain.variables.product.hasParent }}"
      },
      "outcomes": {
        "true": "getReferenceKey",
        "false": "assignCategoryId"
      }
    },
    "assignCategoryId": {
      "module": "vb/action/builtin/assignVariablesAction",
      "parameters": {
        "$flow.variables.categoryId": {
          "source": "{{ $chain.variables.product.key }}"
        },
        "$flow.variables.categoryName": {
          "source": "{{ $chain.variables.detail.name }}"
        }
      },
      "outcomes": {
        "success": "getPostCategorySelectionProcessedState"
      }
    },
    "assignFirstCategoryIdAndSelectorPendingFlagTrue": {
      "module": "vb/action/builtin/assignVariablesAction",
      "parameters": {
        "$chain.variables.product.id": {
          "source": "{{ $chain.variables.detail.id }}"
        },
        "$page.variables.searchSubmissionState": {
          "source": "{{ $chain.results.getPreCategorySelectionProcessedState }}",
          "auto": "always"
        }
      },
      "outcomes": {
        "success": "getReferenceKey"
      }
    },
    "assignSelectorPendingFlagFalse": {
      "module": "vb/action/builtin/assignVariablesAction",
      "parameters": {
        "$page.variables.searchSubmissionState": {
          "source": "{{ $chain.results.getPostCategorySelectionProcessedState }}",
          "auto": "always"
        }
      }
    },
    "getPreCategorySelectionProcessedState": {
      "module": "vb/action/builtin/callModuleFunctionAction",
      "parameters": {
        "module": "{{$application.functions}}",
        "functionName": "setMapKeyValue",
        "params": [
          "{{ $page.variables.searchSubmissionState }}",
          "categorySelectionProcessed",
          false
        ]
      },
      "outcomes": {
        "success": "assignFirstCategoryIdAndSelectorPendingFlagTrue"
      }
    },
    "getPostCategorySelectionProcessedState": {
      "module": "vb/action/builtin/callModuleFunctionAction",
      "parameters": {
        "module": "{{$application.functions}}",
        "functionName": "setMapKeyValue",
        "params": [
          "{{ $page.variables.searchSubmissionState }}",
          "categorySelectionProcessed",
          true
        ]
      },
      "outcomes": {
        "success": "assignSelectorPendingFlagFalse"
      }
    },
    "ifIsJsonResponse": {
      "module": "vb/action/builtin/ifAction",
      "outcomes": {
        "true": "transformResponseAction"
      },
      "parameters": {
        "condition": "[[ $chain.results.callValidateIsJsonAction ]]"
      }
    },
    "callValidateIsJsonAction": {
      "module": "vb/action/builtin/callChainAction",
      "parameters": {
        "id": "application:ValidateIsJsonResponseAction",
        "params": {
          "restPayload": "{{ $chain.results.getReferenceKey }}"
        }
      },
      "outcomes": {
        "success": "ifIsJsonResponse"
      }
    }
  }
}