{
  "root": "ifPopularArticlesResultCached",
  "actions": {
    "setLocale": {
      "module": "vb/action/builtin/callChainAction",
      "parameters": {
        "id": "application:SetKMLocaleAction"
      },
      "outcomes": {
        "success": "getKMauthtoken"
      }
    },
    "getKMauthtoken": {
      "module": "vb/action/builtin/callModuleFunctionAction",
      "parameters": {
        "module": "{{$application.functions}}",
        "functionName": "getKMauthtoken",
        "params": [
          "{{ $application.variables.kmLocale }}",
          "{{ $application.variables.kmConfig.kmInterfaceId }}"
        ]
      },
      "outcomes": {
        "success": "fetchPopularArticlesList"
      }
    },
    "fetchPopularArticlesList": {
      "module": "vb/action/builtin/restAction",
      "parameters": {
        "endpoint": "knowledge-service/getContent",
        "uriParams": {
          "kmauthtoken": "{{ $chain.results.getKMauthtoken }}",
          "limit": "{{ $page.variables.kmPopularArticlesLimit }}",
          "orderBy": "mostPopular,dateAdded"
        },
        "requestTransformOptions": {
          "filter": "{{ $page.variables.kmPopularArticlesFilter }}"
        },
        "requestTransformFunctions": {
          "filter": "{{ $application.functions.appendFilterQueryOptions }}"
        }
      },
      "outcomes": {
        "success": "callValidateIsJsonAction",
        "failure": "assignVariablesOnFailure"
      }
    },
    "ifPopularArticlesResultCached": {
      "module": "vb/action/builtin/ifAction",
      "outcomes": {
        "false": "setLocale",
        "true": "returnCachedResults"
      },
      "parameters": {
        "condition": "{{ $page.variables.kmPopularArticlesResultsCache }}"
      }
    },
    "assignPopularArticlesToCache": {
      "module": "vb/action/builtin/assignVariablesAction",
      "outcomes": {
        "success": "returnCachedResults"
      },
      "parameters": {
        "$page.variables.kmPopularArticlesResultsCache": {
          "source": "{{ $chain.results.fetchPopularArticlesList }}"
        }
      }
    },
    "returnCachedResults": {
      "module": "vb/action/builtin/returnAction",
      "parameters": {
        "outcome": "success",
        "payload": "{{ $page.variables.kmPopularArticlesResultsCache }}"
      }
    },
    "returnEmptyResponseObject": {
      "module": "vb/action/builtin/returnAction",
      "parameters": {
        "outcome": "success",
        "payload": "{{ $chain.variables.response }}"
      }
    },
    "assignVariablesOnFailure": {
      "module": "vb/action/builtin/assignVariablesAction",
      "parameters": {
        "$chain.variables.saveFailureResult": {
          "source": "{{ $chain.results.fetchPopularArticlesList.payload }}",
          "auto": "always"
        }
      },
      "outcomes": {
        "success": "returnEmptyResponseObject"
      }
    },
    "ifIsJsonResponse": {
      "module": "vb/action/builtin/ifAction",
      "outcomes": {
        "true": "assignPopularArticlesToCache",
        "false": "returnEmptyResponseObject"
      },
      "parameters": {
        "condition": "[[ $chain.results.callValidateIsJsonAction ]]"
      }
    },
    "callValidateIsJsonAction": {
      "module": "vb/action/builtin/callChainAction",
      "parameters": {
        "id": "application:ValidateIsJsonResponseAction",
        "params": {
          "restPayload": "{{ $chain.results.fetchPopularArticlesList }}"
        }
      },
      "outcomes": {
        "success": "ifIsJsonResponse"
      }
    }
  },
  "variables": {
    "response": {
      "type": "object"
    },
    "saveFailureResult": {
      "type": "application:genericServiceErrorResponseType"
    },
    "errorMessage": {
      "type": "string"
    }
  },
  "description": "This action will query the most popular items back from the KM content REST api.\nThe number of results can be limited by updating the NUMBER page variable kmPopularArticlesLimit.  \nThe results can also be filtered by populating the filter page variable.\nAn example value to only see Popular Articles associated with the Fusion Category 300100095920022 would be to set the page variable kmPopularArticlesFilter value to:\n\"categories.refKey eq 'FUSION_CATEGORY_300100095920022'\", more examples can be seen in the 'REST API for Oracle Service Cloud Knowledge Advanced' documentation, e.g. https://docs.oracle.com/en/cloud/saas/service/18a/cxska/op-km-api-v1-content-get.html"
}