{
  "root": "assignNavigateToAnswersToFalse",
  "description": "",
  "actions": {
    "assignNavigateToAnswersToFalse": {
      "module": "vb/action/builtin/assignVariablesAction",
      "parameters": {
        "$flow.variables.navigateToAnswers": {
          "source": false
        }
      },
      "outcomes": {
        "success": "returnSuccess"
      }
    },
    "returnSuccess": {
      "module": "vb/action/builtin/returnAction",
      "parameters": {
        "outcome": "success"
      }
    }
  }
}