{
  "root": "ifQuestionAvailable",
  "description": "",
  "actions": {
    "assignSearchSubmissionReady": {
      "module": "vb/action/builtin/assignVariablesAction",
      "parameters": {
        "$page.variables.searchSubmissionState": {
          "source": "{{ $chain.results.getSearchSubmissionReadyObject }}",
          "auto": "always"
        }
      }
    },
    "getSearchSubmissionReadyObject": {
      "module": "vb/action/builtin/callModuleFunctionAction",
      "parameters": {
        "module": "{{$application.functions}}",
        "functionName": "setMapKeyValue",
        "params": [
          "{{ $page.variables.searchSubmissionState }}",
          "searchInputReady",
          true
        ]
      },
      "outcomes": {
        "success": "assignSearchSubmissionReady"
      }
    },
    "ifQuestionAvailable": {
      "module": "vb/action/builtin/ifAction",
      "parameters": {
        "condition": "[[ $flow.variables.question && $flow.variables.question.trim().length > 0 ]]"
      },
      "outcomes": {
        "true": "getSearchSubmissionReadyObject"
      }
    }
  }
}