{
  "root": "ifUserIsAuthenticated",
  "description": "",
  "actions": {
    "fetchItems": {
      "module": "vb/action/builtin/callChainAction",
      "parameters": {
        "id": "application:NavigatorFetchItemsAction",
        "params": {
          "items": "{{ $chain.variables.items }}"
        }
      },
      "outcomes": {
        "success": "assignNavigatorItems"
      }
    },
    "ifNavigatorItemsLoaded": {
      "module": "vb/action/builtin/ifAction",
      "parameters": {
        "condition": "[[ $page.variables.navigatorItems && $application.functions.itemsEquals($variables.items, $page.variables.navigatorItems) ]]"
      },
      "outcomes": {
        "false": "fetchItems"
      }
    },
    "assignNavigatorItems": {
      "module": "vb/action/builtin/assignVariablesAction",
      "parameters": {
        "$page.variables.navigatorItems": {
          "source": "{{ $chain.results.fetchItems }}"
        }
      }
    },
    "ifUserIsAuthenticated": {
      "module": "vb/action/builtin/ifAction",
      "parameters": {
        "condition": "[[ $application.user.roles.User ]]"
      },
      "outcomes": {
        "true": "ifUserIsAccountAdministrator",
        "false": "assignNavigationItemsForAnonymousUser"
      },
      "description": "If the user is authenticated set up the homepage grid navigation items"
    },
    "ifUserIsAccountAdministrator": {
      "module": "vb/action/builtin/ifAction",
      "parameters": {
        "condition": "[[ $application.user.roles.Account_Administrator ]]"
      },
      "outcomes": {
        "true": "assignNavigatorItemsForAccountAdmin",
        "false": "assignNavigatorItemsForNonAccountAdminUser"
      },
      "description": "If the user is an account administrator setup the specific grid navigation items for that role, otherwise set up the grid navigator items for the non account administrator users."
    },
    "assignNavigatorItemsForAccountAdmin": {
      "module": "vb/action/builtin/assignVariablesAction",
      "outcomes": {
        "success": "ifNavigatorItemsLoaded"
      },
      "parameters": {
        "$chain.variables.items": {
          "source": "{{ $page.constants.navigationItemsForAccountAdministrator }}"
        }
      }
    },
    "assignNavigatorItemsForNonAccountAdminUser": {
      "module": "vb/action/builtin/assignVariablesAction",
      "outcomes": {
        "success": "ifNavigatorItemsLoaded"
      },
      "parameters": {
        "$chain.variables.items": {
          "source": "{{ $page.constants.navigationItemsForAuthenticatedUser }}"
        }
      }
    },
    "assignNavigationItemsForAnonymousUser": {
      "module": "vb/action/builtin/assignVariablesAction",
      "outcomes": {
        "success": "ifNavigatorItemsLoaded"
      },
      "parameters": {
        "$chain.variables.items": {
          "source": "{{ $page.constants.navigationItemsForAnonymousUser }}"
        }
      }
    }
  },
  "variables": {
    "items": {
      "type": "application:navigatorItem[]"
    }
  }
}