{
  "description": "Calls navigation to selected visual navigator item flow",
  "variables": {
    "selected": {
      "type": "number",
      "required": true,
      "input": "fromCaller"
    },
    "event": {
      "type": "any",
      "input": "fromCaller"
    }
  },
  "root": "checkIfTypeNotInfo",
  "actions": {
    "fireNavigateEvent": {
      "module": "vb/action/builtin/fireCustomEventAction",
      "parameters": {
        "payload": {
          "target": "[[ $page.variables.navigatorItems[$chain.variables.selected].type ]]",
          "operation": "[[ $page.variables.navigatorItems[$chain.variables.selected].operation ? $page.variables.navigatorItems[$chain.variables.selected].operation :  'detail' ]]",
          "id": "[[ $page.variables.navigatorItems[$chain.variables.selected].detailsId ? $page.variables.navigatorItems[$chain.variables.selected].detailsId : $page.variables.navigatorItems[$chain.variables.selected].id ]]",
          "params": "[[ $page.variables.navigatorItems[$chain.variables.selected].params ]]"
        },
        "name": "navigate"
      }
    },
    "checkIfTypeNotInfo": {
      "module": "vb/action/builtin/ifAction",
      "outcomes": {
        "true": "fireNavigateEvent",
        "false": "returnSuccess"
      },
      "parameters": {
        "condition": "[[ $page.variables.navigatorItems[$chain.variables.selected] && $page.variables.navigatorItems[$chain.variables.selected].type !== 'info' ]]"
      },
      "description": "If the event type is not 'info' invoke the navigation event."
    },
    "returnSuccess": {
      "module": "vb/action/builtin/returnAction",
      "parameters": {
        "outcome": "success"
      }
    }
  }
}