{

  "title": "[[ $application.translations.app.knowledgeArticle_pageTitle ]]",
  "description": "Knowledge Article page",
  "types": {
    "content": {
      "contentBody": "any",
      "documentId": "string",
      "title": "string",
      "publishDate": "string"
    },
    "fileAttachmentType": {
      "title": "string",
      "description": "string",
      "size": "string",
      "url": "string",
      "id": "number",
      "filename": "string",
      "type": "string"
    }
  },
  "variables": {
    "currentContent": {
      "type": "page:content",
      "required": true,
      "persisted": "none"
    },
    "showArticle": {
      "type": "boolean",
      "defaultValue": false
    },
    "fileAttachments": {
      "type": "object[]"
    },
    "fileAttachmentsDataSource": {
      "type": "vb/ArrayDataProvider",
      "defaultValue": {
        "data": "{{ $page.variables.fileAttachments }}",
        "itemType": "fileAttachmentType",
        "idAttribute": "id"
      }
    },
    "showFileAttachments": {
      "type": "boolean",
      "defaultValue": false
    },
    "recordId": {
      "type": "string"
    },
    "ratingResults": {
      "type": "object"
    },
    "transientRatingValue": {
      "type": "number",
      "defaultValue": 0
    },
    "thresholdValues": {
      "type": [{
        "max": "number",
        "shortDesc": "string"
      }],
      "defaultValue": [{
          "max": 1,
          "shortDesc": "[[ $application.translations.format('app', 'odcs_knowledge_article_rating_threshold', {rating: 1}) ]]"
        },
        {
          "max": 2,
          "shortDesc": "[[ $application.translations.format('app', 'odcs_knowledge_article_rating_threshold', {rating: 2}) ]]"
        },
        {
          "max": 3,
          "shortDesc": "[[ $application.translations.format('app', 'odcs_knowledge_article_rating_threshold', {rating: 3}) ]]"
        },
        {
          "max": 4,
          "shortDesc": "[[ $application.translations.format('app', 'odcs_knowledge_article_rating_threshold', {rating: 4}) ]]"
        },
        {
          "max": 5,
          "shortDesc": "[[ $application.translations.format('app', 'odcs_knowledge_article_rating_threshold', {rating: 5}) ]]"
        }
      ]
    },
    "ratingApplied": {
      "type": "boolean",
      "defaultValue": false
    },
    "kmContentId": {
      "type": "string",
      "required": true,
      "input": "fromUrl",
      "persisted": "history",
      "onValueChanged": {
        "chains": [{
          "chainId": "LoadArticleContent",
          "parameters": {}
        }]
      }
    },
    "kmExternalId": {
      "type": "string",
      "input": "fromUrl"
    }
  },
  "chains": {
  },
  "eventListeners": {
    "vbEnter": {
      "chains": [{
        "chainId": "LoadArticleContent"
      }]
    },
    "backToPreviousPage": {
      "chains": [{
        "chainId": "NavigateBackAction"
      }]
    },
    "feedbackSection": {
      "chains": [{
        "chainId": "application:NavigateToSubSectionAction",
        "parameters": {
          "subSectionIds": [ "odcs-knowledge-article-helpful-yes", "odcs-knowledge-article-apply-rating-gauge" ]
        }
      }]
    },
    "nullAction": {
      "preventDefault": "true",
      "chains": [{
        "chainId": "application:NullAction"
      }]
    },
    "odcsKnowledgeArticleApplyRatingGaugeValue": {
      "chains": [{
        "chainId": "ApplyArticleRating",
        "parameters": {
          "value": "{{ $event.detail.value }}"
        }
      }]
    },
    "odcsKnowledgeArticleHelpfulYesOjAction": {
      "chains": [{
        "chainId": "ApplyArticleRating",
        "parameters": {
          "value": "2"
        }
      }]
    },
    "odcsKnowledgeArticleHelpfulNoOjAction": {
      "chains": [{
        "chainId": "ApplyArticleRating",
        "parameters": {
          "value": "1"
        }
      }]
    }
  },
  "imports": {
    "components": {
      "oj-button": {
        "path": "ojs/ojbutton"
      },
      "oj-list-view": {
        "path": "ojs/ojlistview"
      },
      "oj-rating-gauge": {
        "path": "ojs/ojgauge"
      },
      "oj-opa-interview": {
        "path": "oj-opa-interview/loader"
      },
      "oj-bind-dom": {
        "path": "ojs/ojbinddom"
      }
    }
  },
  "security": {
    "access": {
      "requiresAuthentication": false
    }
  }
}
