{

  "description": "Application Starter Page",
  "routerFlow": "homepage",
  "variables": {
    "messagesADP": {
      "type": "vb/ArrayDataProvider",
      "defaultValue": {
        "idAttribute": "id",
        "itemType": "page:messageType"
      }
    },
    "messageId": {
      "type": "number",
      "defaultValue": 0
    }
  },
  "types": {
    "messageType": {
      "id": "string",
      "severity": "string",
      "detail": "string",
      "autoTimeout": "number",
      "summary": "string"
    }
  },
  "chains": {
  },
  "eventListeners": {
    "vbDataProviderNotification": {
      "chains": [
        {
          "chainId": "application:ErrorAction",
          "parameters": {
            "target": "errorpage",
            "status": "{{ $event.detail && $event.detail.status ? $event.detail.status : 503 }}"
          }
        }
      ]
    },
    "vbNotification": {
      "chains": [
        {
          "chainId": "showNotification",
          "parameters": {
            "eventPayload": "{{ {id: $page.variables.messageId, summary: $event.summary, detail: $event.message, severity: $event.type, autoTimeout: $event.displayMode === 'transient' ? 0 : -1} }}"
          }
        }
      ]
    },
    "onMessageClose": {
      "chains": [
        {
          "chainId": "closeNotificationHandler",
          "parameters": {
            "eventMessage": "{{ $event.detail.message }}"
          }
        }
      ]
    },
    "menuLaunch": {
      "chains": [
        {
          "chainId": "MenuLaunchClickAction",
          "parameters": {
            "menuId": "{{$event.target.value}}"
          }
        }
      ],
      "stopPropagation": "false",
      "preventDefault": "true"
    },
    "account_menuOjAction": {
      "chains": [
        {
          "chainId": "MenuItemClickAction",
          "parameters": {
            "menuId": "{{$event.target.value}}"
          }
        }
      ]
    },
    "navigateHomeClick": {
      "chains": [
        {
          "chainId": "HeadingClickNavigateToHomepageAction",
          "parameters": {}
        }
      ],
      "preventDefault": "true"
    },
    "signUpClick": {
      "chains": [
        {
          "chainId": "UserSignUpClickAction",
          "parameters": {}
        }
      ],
      "preventDefault": "true"
    },
    "signInClick": {
      "chains": [
        {
          "chainId": "UserSignInClickAction",
          "parameters": {}
        }
      ],
      "preventDefault": "true"
    },
    "localeMenuOjAction": {
      "chains": [
        {
          "chainId": "application:LocaleMenuAction",
          "parameters": {
            "menuId": "{{ $event.target.value }}"
          }
        }
      ]
    },
    "odcsChatLinkAction": {
      "chains": [
        {
          "chainId": "application:LinkedTextClickAction",
          "parameters": {
            "objectId": "{{ $event.detail.objectId }}",
            "objectType": "{{ $event.detail.objectType }}",
            "value": "{{ $event.detail.value }}"
          }
        }
      ]
    },
    "vbAfterNavigate": {
      "chains": [
        {
          "chainId": "SetPageUrlCookieAction",
          "parameters": {}
        },
        {
          "chainId": "setEntryPoint",
          "parameters": {
            "value": "{{ $event.currentPage + ':' + JSON.stringify($event.currentPageParams) }}"
          }
        }
      ]
    },
    "navigate": {
      "chains": [
        {
          "chainId": "NavigateAction",
          "parameters": {
            "target": "{{ $event.target }}",
            "params": "{{ $event.params }}",
            "operation": "{{ $event.operation }}",
            "id": "{{ $event.id }}"
          }
        }
      ]
    },
    "vbEnter": {
      "chains": [
        {
          "chainId": "BrowserSupportAction",
          "parameters": {}
        }
      ]
    },
    "vbBeforeEnter": {
      "chains": [
        {
          "chainId": "finishIdcsCustomLoginAction",
          "parameters": {}
        }
      ]
    },
    "linkedTextClicked": {
      "chains": [
        {
          "chainId": "application:LinkedTextClickAction",
          "parameters": {
            "objectId": "[[ $event.detail.objectId ]]",
            "objectType": "[[ $event.detail.objectType ]]"
          }
        }
      ]
    }
  },
  "imports": {
    "components": {
      "oj-messages": {
        "path": "ojs/ojmessages"
      },
      "oj-menu": {
        "path": "ojs/ojmenu"
      },
      "oj-menu-button": {
        "path": "ojs/ojbutton"
      },
      "oj-option": {
        "path": "ojs/ojoption"
      },
      "oj-odcs-chat": {
        "path": "oj-odcs/chat/loader"
      },
      "oj-odcs-cobrowse": {
        "path": "oj-odcs/cobrowse/loader"
      },
      "oj-button": {
        "path": "ojs/ojbutton"
      },
      "oj-odcs-linked-text": {
        "path": "oj-odcs/linked-text/loader"
      }
    }
  },
  "events": {
    "navigate": {}
  }
}