{
  "description": "Handles a keypress event on an input field by calling the forgot password action if the enter key is pressed.",
  "variables": {
    "detail": {
      "required": true,
      "type": "any",
      "input": "fromCaller"
    },
    "key": {
      "type": "string",
      "required": true,
      "input": "fromCaller"
    }
  },
  "root": "ifEnterKeyPressed",
  "actions": {
    "ifEnterKeyPressed": {
      "module": "vb/action/builtin/ifAction",
      "parameters": {
        "condition": "[[ !$page.variables.forgotPasswordSubmitInProgress && $chain.variables.key === 'Enter' ]]"
      },
      "outcomes": {
        "true": "callSendResetPasswordEmailAction"
      }
    },
    "callSendResetPasswordEmailAction": {
      "module": "vb/action/builtin/callChainAction",
      "parameters": {
        "id": "ForgotPasswordSendResetEmailAction",
        "params": {
          "detail": "{{ $chain.variables.detail }}"
        }
      }
    }
  }
}