{
  "root": "ifResetTokenSet",
  "description": "",
  "actions": {
    "ifResetTokenSet": {
      "module": "vb/action/builtin/ifAction",
      "label": "If token in URL",
      "parameters": {
        "condition": "[[ $page.variables.token ]]"
      },
      "outcomes": {
        "true": "navigateToResetPassword"
      }
    },
    "navigateToResetPassword": {
      "module": "vb/action/builtin/fireCustomEventAction",
      "parameters": {
        "name": "navigate",
        "payload": {
          "target": "reset-password",
          "operation": "detail",
          "params": {
            "resetToken": "[[ $page.variables.token ]]",
            "resetUserId": "[[ $page.variables.id ]]"
          }
        }
      }
    }
  }
}