{
  "description": "Initiates the password reset flow by sending the user an email containing a password reset token",
  "variables": {
    "detail": {
      "required": true,
      "type": "any",
      "input": "fromCaller"
    },
    "recoveryEmailAddress": {
      "type": "string"
    },
    "maskedEmailFormat": {
      "type": "string"
    },
    "resetEmailSent": {
      "type": "boolean",
      "defaultValue": false
    },
    "userTokenId": {
      "type": "string"
    },
    "userToken": {
      "type": "string"
    },
    "userDisplayName": {
      "type": "string"
    },
    "userId": {
      "type": "string"
    }
  },
  "root": "setSubmitInProgress",
  "actions": {
    "getPasswordRecoveryOptions": {
      "module": "vb/action/builtin/restAction",
      "parameters": {
        "endpoint": "idcsRestApi/postMePasswordRecoveryOptionRetriever",
        "body": "{{ {\n \"userName\": $page.variables.forgotPasswordUsername,\n \"schemas\": [\n  \"urn:ietf:params:scim:schemas:oracle:idcs:MePasswordRecoveryOptionRetriever\"\n ]\n} }}"
      },
      "outcomes": {
        "failure": "fireCannotResetPassword",
        "success": "checkPasswordRecoveryOptions"
      }
    },
    "checkPasswordRecoveryOptions": {
      "module": "vb/action/builtin/callModuleFunctionAction",
      "parameters": {
        "module": "[[ $application.functions ]]",
        "functionName": "checkIdcsPasswordRecoveryOptions",
        "params": [
          "{{ $chain.results.getPasswordRecoveryOptions.body }}"
        ],
        "returnType": "string"
      },
      "outcomes": {
        "success": "assignMaskedEmailFormat"
      }
    },
    "assignMaskedEmailFormat": {
      "module": "vb/action/builtin/assignVariablesAction",
      "parameters": {
        "$chain.variables.maskedEmailFormat": {
          "source": "{{ $chain.results.checkPasswordRecoveryOptions }}"
        }
      },
      "outcomes": {
        "success": "ifEmailRecoverySupported"
      }
    },
    "ifEmailRecoverySupported": {
      "module": "vb/action/builtin/ifAction",
      "parameters": {
        "condition": "[[ $chain.variables.maskedEmailFormat ]]"
      },
      "outcomes": {
        "true": "callMePasswordResetRequestor",
        "false": "fireCannotResetPassword"
      }
    },
    "fireCannotResetPassword": {
      "module": "vb/action/builtin/fireNotificationEventAction",
      "parameters": {
        "summary": "[[ $application.translations.app.forgotPassword_unableToResetSummary ]]",
        "message": "[[ $application.translations.app.forgotPassword_unableToResetMessage ]]"
      },
      "outcomes": {
        "success": "clearSubmitInProgress"
      }
    },
    "callMePasswordResetRequestor": {
      "module": "vb/action/builtin/restAction",
      "parameters": {
        "endpoint": "idcsRestApi/postMePasswordResetRequestor",
        "body": "{{ {\n \"userName\": $page.variables.forgotPasswordUsername,\n \"notificationType\": \"email\",\n \"notificationEmailAddress\": $chain.variables.maskedEmailFormat,\n \"notificationRedirectUrl\": window.location.href,\n \"schemas\": [\n  \"urn:ietf:params:scim:schemas:oracle:idcs:MePasswordResetRequestor\"\n ]\n} }}"
      },
      "outcomes": {
        "success": "assignResetEmailSent",
        "failure": "fireResetPasswordFailed"
      }
    },
    "fireResetPasswordFailed": {
      "module": "vb/action/builtin/fireNotificationEventAction",
      "parameters": {
        "summary": "[[ $application.translations.app.forgotPassword_resetFailedSummary ]]",
        "message": "[[ $application.translations.app.forgotPassword_resetFailedMessage ]]"
      },
      "outcomes": {
        "success": "clearSubmitInProgress"
      }
    },
    "fireEmailSentNotification": {
      "module": "vb/action/builtin/fireNotificationEventAction",
      "parameters": {
        "summary": "[[ $application.translations.app.forgotPassword_emailSentSummary ]]",
        "message": "[[ $application.translations.app.forgotPassword_emailSentMessage ]]",
        "type": "confirmation"
      },
      "outcomes": {
        "success": "clearSubmitInProgress"
      }
    },
    "setSubmitInProgress": {
      "module": "vb/action/builtin/assignVariablesAction",
      "outcomes": {
        "success": "callShowWaitCursor"
      },
      "parameters": {
        "$page.variables.forgotPasswordSubmitInProgress": {
          "source": true
        }
      }
    },
    "clearSubmitInProgress": {
      "module": "vb/action/builtin/assignVariablesAction",
      "parameters": {
        "$page.variables.forgotPasswordSubmitInProgress": {
          "source": false
        }
      },
      "outcomes": {
        "success": "callShowDefaultCursor"
      }
    },
    "callShowWaitCursor": {
      "module": "vb/action/builtin/callModuleFunctionAction",
      "parameters": {
        "module": "[[ $application.functions ]]",
        "functionName": "showWaitCursor"
      },
      "outcomes": {
        "success": "getPasswordRecoveryOptions"
      }
    },
    "callShowDefaultCursor": {
      "module": "vb/action/builtin/callModuleFunctionAction",
      "parameters": {
        "module": "[[ $application.functions ]]",
        "functionName": "showDefaultCursor"
      },
      "outcomes": {
        "success": "ifResetEmailSent"
      }
    },
    "ifResetEmailSent": {
      "module": "vb/action/builtin/ifAction",
      "parameters": {
        "condition": "[[ $variables.resetEmailSent ]]"
      },
      "outcomes": {
        "true": "navigateToHomepage"
      }
    },
    "navigateToHomepage": {
      "module": "vb/action/builtin/navigateAction",
      "parameters": {
        "page": "/shell"
      },
      "outcomes": {}
    },
    "assignResetEmailSent": {
      "module": "vb/action/builtin/assignVariablesAction",
      "parameters": {
        "$variables.resetEmailSent": {
          "source": true
        }
      },
      "outcomes": {
        "success": "fireEmailSentNotification"
      }
    }
  }
}