{
  "description": "Invokes an IDCS REST API to change the current user's password.",
  "variables": {
    "detail": {
      "required": true,
      "type": "any",
      "input": "fromCaller"
    }
  },
  "root": "setSubmitInProgress",
  "actions": {
    "ifPasswordsMatch": {
      "module": "vb/action/builtin/ifAction",
      "label": "Passwords match?",
      "outcomes": {
        "true": "callShowWaitCursor",
        "false": "passwordMismatchError"
      },
      "parameters": {
        "condition": "{{ $page.variables.mustChangePasswordNewPassword1 === $page.variables.mustChangePasswordNewPassword2 }}"
      }
    },
    "callChangePasswordEndpoint": {
      "module": "vb/action/builtin/restAction",
      "parameters": {
        "endpoint": "idcsRestApi/postMePasswordMustChanger",
        "body": "{{ {\n \"mappingAttribute\": \"id\",\n \"mappingAttributeValue\": $page.variables.mustChangePasswordUserId,\n \"oldPassword\": $page.variables.mustChangePasswordOldPassword,\n \"password\": $page.variables.mustChangePasswordNewPassword1,\n \"schemas\": [\n  \"urn:ietf:params:scim:schemas:oracle:idcs:MePasswordMustChanger\"\n ]\n} }}"
      },
      "label": "Call change password REST API",
      "outcomes": {
        "failure": "passwordChangeError",
        "success": "confirmationMessage"
      }
    },
    "passwordMismatchError": {
      "module": "vb/action/builtin/fireNotificationEventAction",
      "label": "Password mismatch error",
      "parameters": {
        "summary": "[[ $application.translations.app.mustChangePassword_mismatchSummary ]]",
        "message": "[[ $application.translations.app.mustChangePassword_mismatchMessage ]]"
      },
      "outcomes": {
        "success": "callShowDefaultCursor"
      }
    },
    "passwordChangeError": {
      "module": "vb/action/builtin/fireNotificationEventAction",
      "label": "Change password error",
      "parameters": {
        "summary": "[[ $application.translations.app.mustChangePassword_errorSummary ]]",
        "message": "[[ $application.translations.app.mustChangePassword_errorMessage ]]"
      },
      "outcomes": {
        "success": "callShowDefaultCursor"
      }
    },
    "confirmationMessage": {
      "module": "vb/action/builtin/fireNotificationEventAction",
      "parameters": {
        "summary": "[[ $application.translations.app.mustChangePassword_confirmationSummary ]]",
        "message": "[[ $application.translations.app.mustChangePassword_confirmationMessage ]]",
        "type": "confirmation"
      },
      "outcomes": {
        "success": "navigateToSignInPage"
      }
    },
    "setSubmitInProgress": {
      "module": "vb/action/builtin/assignVariablesAction",
      "outcomes": {
        "success": "ifPasswordsMatch"
      },
      "parameters": {
        "$page.variables.mustChangePasswordSubmitInProgress": {
          "source": true
        }
      }
    },
    "clearSubmitInProgress": {
      "module": "vb/action/builtin/assignVariablesAction",
      "parameters": {
        "$page.variables.mustChangePasswordSubmitInProgress": {
          "source": false
        }
      }
    },
    "callShowWaitCursor": {
      "module": "vb/action/builtin/callModuleFunctionAction",
      "parameters": {
        "module": "[[ $application.functions ]]",
        "functionName": "showWaitCursor"
      },
      "outcomes": {
        "success": "callChangePasswordEndpoint"
      }
    },
    "callShowDefaultCursor": {
      "module": "vb/action/builtin/callModuleFunctionAction",
      "parameters": {
        "module": "[[ $application.functions ]]",
        "functionName": "showDefaultCursor"
      },
      "outcomes": {
        "success": "clearSubmitInProgress"
      }
    },
    "navigateToSignInPage": {
      "module": "vb/action/builtin/navigateAction",
      "parameters": {
        "page": "sign-in-start",
        "params": {
          "signInFormPassword": "{{ $page.variables.mustChangePasswordNewPassword1 }}",
          "signInFormUsername": "{{ $page.variables.mustChangePasswordUsername }}",
          "endUri": "{{ $page.variables.mustChangePasswordEndUri }}",
          "signInAutoSubmit": true
        }
      },
      "outcomes": {
        "success": "callShowDefaultCursor"
      }
    }
  }
}