{
  "description": "Handles a keypress event on an input field by calling the change password action if the enter key is pressed and the fields are valid.",
  "variables": {
    "detail": {
      "required": true,
      "type": "any",
      "input": "fromCaller"
    },
    "key": {
      "type": "string",
      "required": true,
      "input": "fromCaller"
    }
  },
  "root": "ifEnterKeyPressed",
  "actions": {
    "ifEnterKeyPressed": {
      "module": "vb/action/builtin/ifAction",
      "outcomes": {
        "true": "callChangePasswordSubmitAction"
      },
      "parameters": {
        "condition": "[[ $page.variables.mustChangePasswordValid === 'valid' && !$page.variables.mustChangePasswordSubmitInProgress && $chain.variables.key === 'Enter' ]]"
      }
    },
    "callChangePasswordSubmitAction": {
      "module": "vb/action/builtin/callChainAction",
      "parameters": {
        "id": "ChangePasswordSubmitAction",
        "params": {
          "detail": "{{ $chain.variables.detail }}"
        }
      }
    }
  }
}