{

  "title": "[[ $application.translations.app.productDetails_pageTitle ]]",
  "description": "A page displaying the SRs and KM articles for a single product",
  "variables": {
    "catalogProductItemsListSDP": {
      "type": "vb/ServiceDataProvider",
      "defaultValue": {
        "endpoint": "crmRestApi/getall_catalogProductItems",
        "idAttribute": "InventoryItemId",
        "itemsPath": "items",
        "responseType": "page:getallCatalogProductItemsResponse",
        "fetchChainId": "ProductLoadAction"
      }
    },
    "kmContentList": {
      "type": "vb/ServiceDataProvider",
      "defaultValue": {
        "fetchChainId": "KMFetchContentListAction",
        "itemsPath": "items",
        "idAttribute": "answerId"
      }
    },
    "productItem": {
      "type": "product"
    },
    "productInventoryItemId": {
      "type": "number",
      "required": true,
      "input": "fromUrl"
    },
    "productDetailSelectedTab": {
      "type": "string",
      "defaultValue": "odcs-product-detail-tab-km-articles",
      "persisted": "session"
    },
    "productId": {
      "type": "string",
      "input": "fromUrl",
      "defaultValue": "",
      "persisted": "history",
      "@dt": {
        "autowire": {
          "contextKey": "odcs-knowledge-search",
          "name": "productId"
        }
      }
    },
    "productName": {
      "type": "string",
      "input": "fromUrl",
      "defaultValue": "",
      "persisted": "history",
      "@dt": {
        "autowire": {
          "contextKey": "odcs-knowledge-search",
          "name": "productName"
        }
      }
    },
    "categoryId": {
      "type": "string",
      "input": "fromUrl",
      "defaultValue": "",
      "persisted": "history",
      "@dt": {
        "autowire": {
          "contextKey": "odcs-knowledge-search",
          "name": "categoryId"
        }
      }
    },
    "categoryName": {
      "type": "string",
      "input": "fromUrl",
      "defaultValue": "",
      "persisted": "history",
      "@dt": {
        "autowire": {
          "contextKey": "odcs-knowledge-search",
          "name": "categoryName"
        }
      }
    },
    "kmContentListFilter": {
      "type": "string"
    },
    "kmContentResultsCache": {
      "type": "any",
      "persisted": "history"
    },
    "productsSrListSortCriteria": {
      "type": "string",
      "defaultValue": "LastUpdateDate:descending",
      "persisted": "history"
    },
    "productsSrListSearchValue": {
      "type": "string",
      "persisted": "history",
      "defaultValue": ""
    },
    "productsSrListSortByOptions": {
      "type": "object[]",
      "defaultValue": [{
          "value": "SrNumber:descending",
          "label": "[[ $application.translations.format('app', 'common_sortByFieldDescending', { field: $application.translations.app.serviceRequest_number }) ]]"
        },
        {
          "value": "SrNumber:ascending",
          "label": "[[ $application.translations.format('app', 'common_sortByFieldAscending', { field: $application.translations.app.serviceRequest_number }) ]]"
        },
        {
          "value": "LastUpdateDate:descending",
          "label": "[[ $application.translations.format('app', 'common_sortByFieldDescending', { field: $application.translations.app.common_lastUpdateDate }) ]]"
        },
        {
          "value": "LastUpdateDate:ascending",
          "label": "[[ $application.translations.format('app', 'common_sortByFieldAscending', { field: $application.translations.app.common_lastUpdateDate }) ]]"
        },
        {
          "value": "Title:descending",
          "label": "[[ $application.translations.format('app', 'common_sortByFieldDescending', { field: $application.translations.app.serviceRequest_title }) ]]"
        },
        {
          "value": "Title:ascending",
          "label": "[[ $application.translations.format('app', 'common_sortByFieldAscending', { field: $application.translations.app.serviceRequest_title }) ]]"
        },
        {
          "value": "ProductItemDescription:descending",
          "label": "[[ $application.translations.format('app', 'common_sortByFieldDescending', { field: $application.translations.app.serviceRequest_product }) ]]"
        },
        {
          "value": "ProductItemDescription:ascending",
          "label": "[[ $application.translations.format('app', 'common_sortByFieldAscending', { field: $application.translations.app.serviceRequest_product }) ]]"
        },
        {
          "value": "StatusCd:descending",
          "label": "[[ $application.translations.format('app', 'common_sortByFieldDescending', { field: $application.translations.app.serviceRequest_status }) ]]"
        },
        {
          "value": "StatusCd:ascending",
          "label": "[[ $application.translations.format('app', 'common_sortByFieldAscending', { field: $application.translations.app.serviceRequest_status }) ]]"
        }
      ]
    },
    "productsSrListSortCriteriaArray": {
      "type": "object[]",
      "defaultValue": [{
        "attribute": "LastUpdateDate",
        "direction": "descending"
      }],
      "persisted": "history"
    },
    "productsSrListServiceDataProvider": {
      "type": "vb/ServiceDataProvider",
      "input": "none",
      "required": false,
      "defaultValue": {
        "endpoint": "crmRestApi/getall_serviceRequests",
        "responseType": "page:srListGetAllServiceRequestsResponse",
        "itemsPath": "items",
        "uriParameters": {
          "fields": "SrNumber,Title,ProblemDescription,CriticalFlag,StatusCd,SeverityCd,BUOrgId,BusinessUnitName,ReportedByPartyName,AccountPartyName,LastUpdateDate,LastUpdatedByDisplayName,ProductItemDescription,ProdGroupName,CategoryName,SourceCd;SrStatusCdLookup:Meaning,LookupCode;SeverityCdLookup:Meaning,LookupCode;SourceCdLookup:Meaning,LookupCode",
          "onlyData": "true"
        },
        "sortCriteria": "[[ $page.variables.productsSrListSortCriteriaArray ]]",
        "idAttribute": "SrNumber",
        "filterCriterion": {
          "op": "$and",
          "criteria": [{
              "attribute": "filter",
              "op": "$co",
              "value": "{{$page.variables.productsSrListFilterValue}}"
            },
            {
              "attribute": "StatusTypeCd",
              "op": "$ne",
              "value": "ORA_SVC_CLOSED"
            },
            {
              "attribute": "BUOrgId",
              "op": "$eq",
              "value": "{{$application.variables.businessUnitId}}"
            },
            {
              "attribute": "StatusTypeCd",
              "op": "$ne",
              "value": "ORA_SVC_RESOLVED"
            },
            {
              "attribute": "InventoryItemId",
              "op": "$eq",
              "value": "[[ $page.variables.productInventoryItemId ]]"
            }
          ]
        },
        "transforms": {
          "request": {
            "filter": "[[ $application.functions.filterServiceRequests ]]"
          }
        }
      }
    },
    "productsSrListSearchRawValue": {
      "type": "string",
      "persisted": "none"
    },
    "productsSrListFilterValue": {
      "type": "string",
      "defaultValue": "{{ $page.variables.productsSrListSearchValue }}"
    },
    "productItemNumber": {
      "type": "string",
      "defaultValue": "CRMITEM-AS54888-00182746",
      "input": "fromUrl"
    },
    "productsSrListSortByOptionsArrayDataProvider": {
      "type": "vb/ArrayDataProvider2",
      "defaultValue": {
        "data": "{{ $page.variables.productsSrListSortByOptions }}",
        "itemType": "object",
        "keyAttributes": "value"
      }
    }
  },
  "types": {
    "product": {
      "Description": "string",
      "LongDescription": "string",
      "InventoryItemId": "number",
      "OrganizationId": "number",
      "ProductGroupId": "number",
      "ItemNumber": "string",
      "UsageCode": "string",
      "CSSEnabled": "string"
    },
    "getallCatalogProductItemsResponse": {
      "items": [{
        "Description": "string",
        "LongDescription": "string",
        "InventoryItemId": "number",
        "OrganizationId": "number",
        "ProductGroupId": "number",
        "ItemNumber": "string",
        "UsageCode": "string",
        "CSSEnabled": "string"
      }]
    },
    "@decorators.getallCatalogProductItemsResponse": {
      "endpoint": "getall_catalogProductItems",
      "service": "crmRestApi",
      "path": "response"
    },
    "queryParams": {
      "question": "string",
      "categoryId": "string",
      "productId": "string"
    },
    "@decorators.queryParams": {
      "autowire": {
        "contextKey": "odcs-knowledge-search",
        "name": "queryParams"
      }
    },
    "srListGetAllServiceRequestsResponse": {
      "items": [{
        "AccountPartyName": "string",
        "BusinessUnitName": "string",
        "CategoryName": "string",
        "CriticalFlag": "boolean",
        "LastUpdatedByDisplayName": "string",
        "ProblemDescription": "string",
        "ProdGroupName": "string",
        "ProductItemDescription": "string",
        "ReportedByPartyName": "string",
        "SeverityCd": "string",
        "SeverityCdLookup": {
          "items": [{
            "LookupCode": "string",
            "Meaning": "string"
          }]
        },
        "SourceCd": "string",
        "SourceCdLookup": {
          "items": [{
            "LookupCode": "string",
            "Meaning": "string"
          }]
        },
        "SrCreatedBy": "string",
        "LastUpdateDate": "string",
        "SrNumber": "string",
        "SrStatusCdLookup": {
          "items": [{
            "LookupCode": "string",
            "Meaning": "string"
          }]
        },
        "StatusCd": "string",
        "Title": "string"
      }]
    },
    "@decorators.srListGetAllServiceRequestsResponse": {
      "endpoint": "getall_serviceRequests",
      "service": "crmRestApi",
      "path": "response"
    }
  },
  "chains": {
  },
  "eventListeners": {
    "vbEnter": {
      "chains": [{
        "chainId": "ProductLoadAction",
        "parameters": {}
      }]
    },
    "kmListSelectedChanged": {
      "chains": [{
        "chainId": "KMNavigateToArticleAction",
        "parameters": {
          "contentId": "{{ $event.detail.value.key }}"
        }
      }]
    },
    "answerLinkClick": {
      "stopPropagation": "",
      "preventDefault": "true",
      "chains": [{
        "chainId": "application:NullAction",
        "parameters": {}
      }]
    },
    "srListRowSelected": {
      "chains": [{
        "chainId": "SRListNavigateToServiceRequestDetailClickAction",
        "parameters": {
          "detail": "{{ $event.detail.value.key }}"
        }
      }]
    },
    "srListSortValueChanged": {
      "chains": [{
        "chainId": "SRListSortOrderUpdateAction",
        "parameters": {}
      }]
    },
    "srListClearSearchClicked": {
      "chains": [{
        "chainId": "SRListClearSearchAction",
        "parameters": {}
      }]
    },
    "srListSearchEvent": {
      "chains": [{
        "chainId": "SRListSearchAction",
        "parameters": {
          "filterText": "{{$page.variables.productsSrListSearchRawValue}}"
        }
      }]
    },
    "srCreateServiceRequestClicked": {
      "chains": [{
        "chainId": "SRNavigateToServiceRequestCreateAction"
      }]
    },
    "nullAction": {
      "preventDefault": "true",
      "chains": [{
        "chainId": "application:NullAction"
      }]
    }
  },
  "imports": {
    "components": {
      "oj-label": {
        "path": "ojs/ojlabel"
      },
      "oj-button": {
        "path": "ojs/ojbutton"
      },
      "oj-tab-bar": {
        "path": "ojs/ojnavigationlist"
      },
      "oj-list-view": {
        "path": "ojs/ojlistview"
      },
      "oj-switcher": {
        "path": "ojs/ojswitcher"
      },
      "oj-select-single": {
        "path": "ojs/ojselectsingle"
      },
      "oj-combobox-one": {
        "path": "ojs/ojselectcombobox"
      }
    }
  }
}