{
  "description": "",
  "variables": {
    "value": {
      "required": true,
      "type": "any",
      "input": "fromCaller"
    }
  },
  "root": "getRolesFromAccount",
  "actions": {
    "assignRoles": {
      "module": "vb/action/builtin/assignVariablesAction",
      "parameters": {
        "$page.variables.myProfileRoles": {
          "source": "{{ $chain.results.getRolesFromAccount[0] }}"
        }
      }
    },
    "getRolesFromAccount": {
      "module": "vb/action/builtin/callModuleFunctionAction",
      "parameters": {
        "module": "[[ $application.functions ]]",
        "functionName": "getValueFromObjectWithKeyValuePair",
        "params": [
          "{{ $application.variables.accountsAndRoles }}",
          "Account",
          "{{ $chain.variables.value }}",
          "RoleNames"
        ]
      },
      "outcomes": {
        "success": "assignRoles"
      }
    }
  }
}