{
  "root": "isValidForPatch",
  "description": "",
  "actions": {
    "showDefaultCursorAfterFailure": {
      "module": "vb/action/builtin/callModuleFunctionAction",
      "parameters": {
        "module": "{{$application.functions}}",
        "functionName": "showDefaultCursor"
      }
    },
    "showDefaultCursorAfterSuccess": {
      "module": "vb/action/builtin/callModuleFunctionAction",
      "parameters": {
        "module": "{{$application.functions}}",
        "functionName": "showDefaultCursor"
      }
    },
    "fireNotificationSuccess": {
      "module": "vb/action/builtin/fireNotificationEventAction",
      "parameters": {
        "type": "confirmation",
        "summary": "[[ $application.translations.app.myProfile_updatedMsg ]]",
        "displayMode": "transient"
      },
      "outcomes": {
        "success": "showDefaultCursorAfterSuccess"
      }
    },
    "assignContactRecord": {
      "module": "vb/action/builtin/assignVariablesAction",
      "parameters": {
        "$page.variables.myProfileEditDetails": {
          "source": "false"
        },
        "$page.variables.myProfileWorkInProgress": {
          "source": "false"
        }
      },
      "outcomes": {
        "success": "fireNotificationSuccess"
      }
    },
    "showProgressCursor": {
      "module": "vb/action/builtin/callModuleFunctionAction",
      "parameters": {
        "module": "{{$application.functions}}",
        "functionName": "showProgressCursor"
      },
      "outcomes": {
        "success": "setWorkInProgress"
      }
    },
    "setWorkInProgress": {
      "module": "vb/action/builtin/assignVariablesAction",
      "parameters": {
        "$page.variables.myProfileWorkInProgress": {
          "source": "true"
        }
      },
      "outcomes": {
        "success": "patchIDCSRecord"
      }
    },
    "UnSetWorkInProgress": {
      "module": "vb/action/builtin/assignVariablesAction",
      "outcomes": {
        "success": "showDefaultCursorAfterFailure"
      },
      "parameters": {
        "$page.variables.myProfileWorkInProgress": {
          "source": "false"
        },
        "$page.variables.myProfileEditDetails": {
          "source": false
        }
      }
    },
    "patchIDCSRecord": {
      "module": "vb/action/builtin/restAction",
      "parameters": {
        "endpoint": "idcsRestApi/patchAdminV1Me",
        "body": {
          "schemas": [
            "urn:ietf:params:scim:api:messages:2.0:PatchOp"
          ],
          "Operations": [
            {
              "op": "replace",
              "path": "name",
              "value": {
                "givenName": "[[ $page.variables.myProfileContactRecord.FirstName ]]",
                "familyName": "[[ $page.variables.myProfileContactRecord.LastName ]]"
              }
            }
          ]
        }
      },
      "outcomes": {
        "success": "patchContactRecord1",
        "failure": "resetEditVariable1"
      }
    },
    "fireNotificationAfterFailure1": {
      "module": "vb/action/builtin/fireNotificationEventAction",
      "parameters": {
        "summary": "[[ $application.translations.app.myProfile_couldNotUpdateIDCS ]]"
      },
      "outcomes": {
        "success": "UnSetWorkInProgress"
      }
    },
    "isValidForPatch": {
      "module": "vb/action/builtin/callModuleFunctionAction",
      "parameters": {
        "module": "[[ $application.functions ]]",
        "functionName": "isValidForSubmit"
      },
      "outcomes": {
        "success": "ifValidForPatch"
      }
    },
    "ifValidForPatch": {
      "module": "vb/action/builtin/ifAction",
      "outcomes": {
        "true": "showProgressCursor",
        "false": "showDefaultCursorAfterFailure"
      },
      "parameters": {
        "condition": "[[ $chain.results.isValidForPatch ]]"
      }
    },
    "patchContactRecord1": {
      "module": "vb/action/builtin/callChainAction",
      "parameters": {
        "id": "MyProfilePatchContactRecordAction"
      },
      "outcomes": {
        "success": "assignContactRecord",
        "failure": "resetEditVariable2"
      }
    },
    "resetEditVariable2": {
      "module": "vb/action/builtin/callChainAction",
      "parameters": {
        "id": "MyProfileCancelClickedAction"
      },
      "outcomes": {
        "success": "UnSetWorkInProgress"
      }
    },
    "resetEditVariable1": {
      "module": "vb/action/builtin/callChainAction",
      "parameters": {
        "id": "MyProfileCancelClickedAction"
      },
      "outcomes": {
        "success": "fireNotificationAfterFailure1"
      }
    }
  },
  "variables": {}
}