{
  "root": "ifPrimaryAddressExists",
  "description": "",
  "actions": {
    "loadPrimaryAddress": {
      "module": "vb/action/builtin/restAction",
      "parameters": {
        "endpoint": "crmRestApi/getall_contacts-Address",
        "uriParams": {
          "contacts_Id": "{{ $application.variables.partyNumber }}",
          "fields": "Address1,Address2,Address3,Address4,AddressNumber,City,Country,State,PostalCode,AddressId"
        },
        "requestTransformOptions": {
          "filter": {
            "op": "$and",
            "criteria": [
              {
                "attribute": "AddressId",
                "op": "$eq",
                "value": "[[ $chain.variables.primaryAddressId ]]"
              }
            ]
          }
        }
      },
      "outcomes": {
        "success": "getAddressFormatLayout",
        "failure": "fireNotificationAfterFailure"
      }
    },
    "fireNotificationAfterFailure": {
      "module": "vb/action/builtin/fireNotificationEventAction",
      "parameters": {
        "target": "leaf",
        "summary": "[[ $chain.results.loadPrimaryAddress.message.summary ]]",
        "type": "error",
        "displayMode": "persist"
      }
    },
    "assignContactRecord": {
      "module": "vb/action/builtin/assignVariablesAction",
      "parameters": {
        "$page.variables.myProfileContactRecord": {
          "source": {
            "PrimaryAddress": {
              "items": [
                "{{ $chain.results.loadPrimaryAddress.body.items[0] }}"
              ]
            }
          },
          "reset": "none",
          "auto": "always",
          "mapping": {
            "$target.PrimaryAddress": {
              "source": "$source.PrimaryAddress",
              "reset": "none",
              "auto": "always",
              "mapping": {
                "$target.items": {
                  "source": "$source.items",
                  "reset": "empty",
                  "auto": "always"
                }
              }
            }
          }
        },
        "$page.variables.myProfileOriginalContactRecord": {
          "source": {
            "PrimaryAddress": {
              "items": [
                "{{ $chain.results.loadPrimaryAddress.body.items[0] }}"
              ]
            }
          },
          "reset": "none",
          "auto": "always",
          "mapping": {
            "$target.PrimaryAddress": {
              "source": "$source.PrimaryAddress",
              "reset": "none",
              "auto": "always",
              "mapping": {
                "$target.items": {
                  "source": "$source.items",
                  "reset": "empty",
                  "auto": "always"
                }
              }
            }
          }
        },
        "$page.variables.myProfileAddressStyleFormatLayout": {
          "source": "{{ $chain.results.getAddressFormatLayout.body.items }}",
          "auto": "always"
        }
      },
      "outcomes": {
        "success": "returnSuccessWithAddress"
      }
    },
    "ifPrimaryAddressExists": {
      "module": "vb/action/builtin/ifAction",
      "outcomes": {
        "true": "loadPrimaryAddress",
        "false": "returnSucces"
      },
      "parameters": {
        "condition": "[[ $chain.variables.primaryAddressId ]]"
      }
    },
    "getAddressFormatLayout": {
      "module": "vb/action/builtin/restAction",
      "parameters": {
        "endpoint": "crmRestApi/getall_addressStyleFormats-AddressStyleFormatLayout",
        "uriParams": {
          "addressStyleFormats_Id": "{{ $chain.results.loadPrimaryAddress.body.items[0].Country }}",
          "fields": "AttributeLabel,AttributeName,MandatoryFlag",
          "onlyData": true
        }
      },
      "outcomes": {
        "failure": "fireFailureNotification",
        "success": "assignContactRecord"
      }
    },
    "fireFailureNotification": {
      "module": "vb/action/builtin/fireNotificationEventAction",
      "parameters": {
        "target": "leaf",
        "summary": "[[ $chain.results.getAddressFormatLayout.message.summary ]]",
        "type": "error",
        "displayMode": "persist"
      }
    },
    "returnSuccessWithAddress": {
      "module": "vb/action/builtin/returnAction",
      "parameters": {
        "outcome": "success",
        "payload": "{{ $chain.results.loadPrimaryAddress.body.items[0] }}"
      }
    },
    "returnSucces": {
      "module": "vb/action/builtin/returnAction",
      "parameters": {
        "outcome": "success",
        "payload": {}
      }
    }
  },
  "variables": {
    "primaryAddressId": {
      "type": "string",
      "input": "fromCaller"
    }
  }
}