{
  "root": "ifPrimaryAddressPresent",
  "description": "",
  "actions": {
    "patchContactRecord": {
      "module": "vb/action/builtin/restAction",
      "parameters": {
        "endpoint": "crmRestApi/update_contacts",
        "uriParams": {
          "contacts_Id": "{{ $application.variables.partyNumber }}"
        },
        "body": {
          "FirstName": "[[ $page.variables.myProfileContactRecord.FirstName ]]",
          "LastName": "[[ $page.variables.myProfileContactRecord.LastName ]]",
          "WorkPhoneNumber": "[[ $page.variables.myProfileContactRecord.WorkPhoneNumber ]]",
          "AddressLine1": "[[ $page.variables.myProfileContactRecord.PrimaryAddress.Address1 ]]",
          "AddressLine2": "[[ $page.variables.myProfileContactRecord.PrimaryAddress.Address2 ]]",
          "AddressLine3": "[[ $page.variables.myProfileContactRecord.PrimaryAddress.Address3 ]]",
          "AddressLine4": "[[ $page.variables.myProfileContactRecord.PrimaryAddress.Address4 ]]",
          "City": "[[ $page.variables.myProfileContactRecord.PrimaryAddress.City ]]",
          "Country": "[[ $page.variables.myProfileContactRecord.PrimaryAddress.Country ]]",
          "State": "[[ $page.variables.myProfileContactRecord.PrimaryAddress.State ]]",
          "PostalCode": "[[ $page.variables.myProfileContactRecord.PrimaryAddress.PostalCode ]]"
        }
      },
      "outcomes": {
        "failure": "fireNotification3",
        "success": "reloadContactDetails1"
      }
    },
    "ifPrimaryAddressPresent": {
      "module": "vb/action/builtin/ifAction",
      "parameters": {
        "condition": "[[ $page.variables.myProfileOriginalContactRecord.PrimaryAddressId != null ]]"
      },
      "outcomes": {
        "true": "patchContactRecord",
        "false": "ifCreateAddressIsSet1"
      }
    },
    "returnFailure": {
      "module": "vb/action/builtin/returnAction",
      "parameters": {
        "outcome": "failure"
      }
    },
    "fireNotification1": {
      "module": "vb/action/builtin/fireNotificationEventAction",
      "parameters": {
        "target": "leaf",
        "summary": "[[ $application.translations.format('app', 'myProfile_couldNotUpdateMsg', { data: $chain.results.patchContactWithAddress.status }) ]]",
        "type": "error",
        "displayMode": "persist"
      },
      "outcomes": {
        "success": "return2"
      }
    },
    "fireNotification2": {
      "module": "vb/action/builtin/fireNotificationEventAction",
      "parameters": {
        "target": "leaf",
        "summary": "[[ $application.translations.format('app', 'myProfile_couldNotUpdateMsg', { data: $chain.results.patchContactRecordWithoutAddress.status }) ]]",
        "type": "error",
        "displayMode": "persist"
      },
      "outcomes": {
        "success": "return4"
      }
    },
    "patchContactWithAddress": {
      "module": "vb/action/builtin/restAction",
      "parameters": {
        "endpoint": "crmRestApi/update_contacts",
        "uriParams": {
          "contacts_Id": "{{ $application.variables.partyNumber }}"
        },
        "body": {
          "FirstName": "[[ $page.variables.myProfileContactRecord.FirstName ]]",
          "LastName": "[[ $page.variables.myProfileContactRecord.LastName ]]",
          "WorkPhoneNumber": "[[ $page.variables.myProfileContactRecord.WorkPhoneNumber ]]",
          "AddressLine1": "[[ $page.variables.myProfileContactRecord.PrimaryAddress.Address1 ]]",
          "AddressLine2": "[[ $page.variables.myProfileContactRecord.PrimaryAddress.Address2 ]]",
          "AddressLine3": "[[ $page.variables.myProfileContactRecord.PrimaryAddress.Address3 ]]",
          "AddressLine4": "[[ $page.variables.myProfileContactRecord.PrimaryAddress.Address4 ]]",
          "City": "[[ $page.variables.myProfileContactRecord.PrimaryAddress.City ]]",
          "Country": "[[ $page.variables.myProfileContactRecord.PrimaryAddress.Country ]]",
          "State": "[[ $page.variables.myProfileContactRecord.PrimaryAddress.State ]]",
          "PostalCode": "[[ $page.variables.myProfileContactRecord.PrimaryAddress.PostalCode ]]"
        }
      },
      "outcomes": {
        "failure": "fireNotification1",
        "success": "reloadContactDetails2"
      }
    },
    "returnSucces": {
      "module": "vb/action/builtin/returnAction",
      "parameters": {
        "outcome": "success"
      }
    },
    "assignContactRecords2": {
      "module": "vb/action/builtin/assignVariablesAction",
      "parameters": {
        "$page.variables.myProfileContactRecord": {
          "source": "{{ $chain.results.patchContactRecordWithoutAddress.body }}",
          "auto": "always"
        },
        "$page.variables.myProfileOriginalContactRecord": {
          "source": "{{ $chain.results.patchContactRecordWithoutAddress.body }}",
          "auto": "always"
        }
      },
      "outcomes": {
        "success": "return3"
      }
    },
    "return1": {
      "module": "vb/action/builtin/returnAction",
      "parameters": {
        "outcome": "success"
      }
    },
    "return2": {
      "module": "vb/action/builtin/returnAction",
      "parameters": {
        "outcome": "failure"
      }
    },
    "return3": {
      "module": "vb/action/builtin/returnAction",
      "parameters": {
        "outcome": "success"
      }
    },
    "return4": {
      "module": "vb/action/builtin/returnAction",
      "parameters": {
        "outcome": "failure"
      }
    },
    "fireNotification3": {
      "module": "vb/action/builtin/fireNotificationEventAction",
      "parameters": {
        "target": "leaf",
        "summary": "[[ $chain.results.patchContactRecord.message.summary ]]",
        "type": "error",
        "displayMode": "persist"
      },
      "outcomes": {
        "success": "returnFailure"
      }
    },
    "ifCreateAddressIsSet1": {
      "module": "vb/action/builtin/ifAction",
      "parameters": {
        "condition": "[[ $page.variables.myProfileCreateAddress ]]"
      },
      "outcomes": {
        "true": "patchContactWithAddress",
        "false": "patchContactRecordWithoutAddress"
      }
    },
    "patchContactRecordWithoutAddress": {
      "module": "vb/action/builtin/restAction",
      "parameters": {
        "endpoint": "crmRestApi/update_contacts",
        "uriParams": {
          "contacts_Id": "{{ $application.variables.partyNumber }}"
        },
        "body": {
          "FirstName": "[[ $page.variables.myProfileContactRecord.FirstName ]]",
          "LastName": "[[ $page.variables.myProfileContactRecord.LastName ]]",
          "WorkPhoneNumber": "[[ $page.variables.myProfileContactRecord.WorkPhoneNumber ]]"
        }
      },
      "outcomes": {
        "success": "assignContactRecords2",
        "failure": "fireNotification2"
      }
    },
    "reloadContactDetails1": {
      "module": "vb/action/builtin/callChainAction",
      "parameters": {
        "id": "MyProfileGetContactDetailsAction"
      },
      "outcomes": {
        "success": "returnSucces"
      }
    },
    "reloadContactDetails2": {
      "module": "vb/action/builtin/callChainAction",
      "parameters": {
        "id": "MyProfileGetContactDetailsAction"
      },
      "outcomes": {
        "success": "return1"
      }
    }
  }
}