{
  "root": "resetContactRecord",
  "description": "",
  "actions": {
    "resetEditVariable": {
      "module": "vb/action/builtin/assignVariablesAction",
      "parameters": {
        "$page.variables.myProfileEditDetails": {
          "source": false
        }
      },
      "outcomes": {}
    },
    "forEachValidatedElement": {
      "module": "vb/action/builtin/forEachAction",
      "outcomes": {
        "success": "resetEditVariable"
      },
      "parameters": {
        "actionId": "callResetMethod",
        "items": "{{ $page.variables.myProfileValidatedComponents }}"
      }
    },
    "callResetMethod": {
      "module": "vb/action/builtin/callComponentMethodAction",
      "parameters": {
        "component": "{{ document.getElementById($current.data) }}",
        "method": "reset"
      }
    },
    "resetContactRecord": {
      "module": "vb/action/builtin/assignVariablesAction",
      "parameters": {
        "$page.variables.myProfileContactRecord": {
          "source": "{{ $page.variables.myProfileOriginalContactRecord }}",
          "auto": "always"
        },
        "$page.variables.myProfileCreateAddress": {
          "source": false
        }
      },
      "outcomes": {
        "success": "ifCountrySelected"
      }
    },
    "resetFormatLayout": {
      "module": "vb/action/builtin/resetVariablesAction",
      "parameters": {
        "variables": [
          "$page.variables.myProfileAddressStyleFormatLayout"
        ]
      },
      "outcomes": {
        "success": "forEachValidatedElement"
      }
    },
    "ifCountrySelected": {
      "module": "vb/action/builtin/ifAction",
      "parameters": {
        "condition": "[[ $page.variables.myProfileContactRecord.PrimaryAddress.Country ]]"
      },
      "outcomes": {
        "false": "resetFormatLayout",
        "true": "forEachValidatedElement"
      }
    }
  }
}