{
  "root": "if1",
  "description": "",
  "actions": {
    "loadCountriesLOV": {
      "module": "vb/action/builtin/restAction",
      "parameters": {
        "endpoint": "crmRestApi/getall_fndTerritories",
        "uriParams": {
          "fields": "TerritoryCode,TerritoryShortName",
          "onlyData": "true",
          "finder": "ObsoleteEnabledFlagFinder;BindEnabledFlag=Y,BindObsoleteFlag=N",
          "limit": "255",
          "offset": "1"
        }
      },
      "outcomes": {
        "success": "sortByTerritoryName",
        "failure": "fireFailureNotification"
      }
    },
    "assignCountryList": {
      "module": "vb/action/builtin/assignVariablesAction",
      "parameters": {
        "$page.variables.myProfileCountryList": {
          "source": "{{ $chain.results.sortByTerritoryName }}"
        }
      },
      "outcomes": {
        "success": "returnSuccess"
      }
    },
    "returnFailure": {
      "module": "vb/action/builtin/returnAction",
      "parameters": {
        "outcome": "failure"
      }
    },
    "returnSuccess": {
      "module": "vb/action/builtin/returnAction",
      "parameters": {
        "outcome": "success"
      }
    },
    "fireFailureNotification": {
      "module": "vb/action/builtin/fireNotificationEventAction",
      "outcomes": {
        "success": "returnFailure"
      },
      "parameters": {
        "summary": "{{ $application.translations.format('app', 'common_couldNotLoadDataMsg', { data: $chain.results.loadCountriesLOV.payload.status }) }}"
      }
    },
    "sortByTerritoryName": {
      "module": "vb/action/builtin/callModuleFunctionAction",
      "parameters": {
        "module": "[[ $page.functions ]]",
        "functionName": "sortCountryList",
        "params": [
          "{{ $chain.results.loadCountriesLOV.body.items }}"
        ]
      },
      "outcomes": {
        "success": "assignCountryList"
      }
    },
    "if1": {
      "module": "vb/action/builtin/ifAction",
      "parameters": {
        "condition": "[[ $page.variables.myProfileCountryList.length > 0 ]]"
      },
      "outcomes": {
        "true": "return1",
        "false": "loadCountriesLOV"
      }
    },
    "return1": {
      "module": "vb/action/builtin/returnAction",
      "parameters": {
        "outcome": "success"
      }
    }
  }
}