{
  "description": "",
  "variables": {
    "value": {
      "required": true,
      "type": "any",
      "input": "fromCaller"
    }
  },
  "root": "showProgressCursor",
  "actions": {
    "assignFormatLayout": {
      "module": "vb/action/builtin/assignVariablesAction",
      "parameters": {
        "$page.variables.myProfileAddressStyleFormatLayout": {
          "source": "{{ $chain.results.getAddressFormatLayout.body.items }}"
        }
      },
      "outcomes": {
        "success": "showDefaultCursor"
      }
    },
    "getAddressFormatLayout": {
      "module": "vb/action/builtin/restAction",
      "parameters": {
        "endpoint": "crmRestApi/getall_addressStyleFormats-AddressStyleFormatLayout",
        "uriParams": {
          "addressStyleFormats_Id": "{{ $page.variables.myProfileContactRecord.PrimaryAddress.Country }}",
          "fields": "AttributeLabel,AttributeName,MandatoryFlag",
          "onlyData": true
        }
      },
      "outcomes": {
        "failure": "fireFailureNotification",
        "success": "assignFormatLayout"
      }
    },
    "showProgressCursor": {
      "module": "vb/action/builtin/callModuleFunctionAction",
      "parameters": {
        "module": "[[ $application.functions ]]",
        "functionName": "showProgressCursor"
      },
      "outcomes": {
        "success": "getAddressFormatLayout"
      }
    },
    "showDefaultCursor": {
      "module": "vb/action/builtin/callModuleFunctionAction",
      "parameters": {
        "module": "[[ $application.functions ]]",
        "functionName": "showDefaultCursor"
      }
    },
    "fireFailureNotification": {
      "module": "vb/action/builtin/fireNotificationEventAction",
      "parameters": {
        "target": "leaf",
        "summary": "[[ $chain.results.getAddressFormatLayout.message.summary ]]",
        "type": "error",
        "displayMode": "persist"
      },
      "outcomes": {
        "success": "showDefaultCursor"
      }
    }
  }
}