{
  "root": "resetContactRecord",
  "description": "",
  "actions": {
    "showProgressCursor": {
      "module": "vb/action/builtin/callModuleFunctionAction",
      "parameters": {
        "module": "{{$application.functions}}",
        "functionName": "showProgressCursor"
      },
      "outcomes": {
        "success": "loadContact"
      }
    },
    "resetContactRecord": {
      "module": "vb/action/builtin/resetVariablesAction",
      "parameters": {
        "variables": [
          "$page.variables.myProfileContactRecord",
          "$page.variables.myProfileOriginalContactRecord",
          "$page.variables.myProfileLoaded"
        ]
      },
      "outcomes": {
        "success": "showProgressCursor"
      }
    },
    "loadContact": {
      "module": "vb/action/builtin/restAction",
      "parameters": {
        "endpoint": "crmRestApi/get_contacts",
        "uriParams": {
          "contacts_Id": "{{ $application.variables.partyNumber }}",
          "fields": "PartyId,PartyNumber,AccountPartyId,AccountPartyNumber,FirstName,LastName,WorkPhoneNumber,EmailAddress,PrimaryAddressId",
          "onlyData": "true"
        }
      },
      "outcomes": {
        "success": "callValidateIsJsonAction",
        "failure": "fireNotificationAfterFaillure"
      }
    },
    "assignContactRecord": {
      "module": "vb/action/builtin/assignVariablesAction",
      "parameters": {
        "$page.variables.myProfileContactRecord": {
          "source": "{{ $chain.results.addPrimaryAddressToContactResponse }}",
          "auto": "always"
        },
        "$page.variables.myProfileLoaded": {
          "source": "true"
        },
        "$page.variables.myProfileOriginalContactRecord": {
          "source": "{{ $chain.results.addPrimaryAddressToContactResponse }}",
          "auto": "always"
        }
      },
      "outcomes": {
        "success": "showDefaultCursor"
      }
    },
    "getCountryList": {
      "module": "vb/action/builtin/callChainAction",
      "parameters": {
        "id": "MyProfileGetCountryListAction"
      },
      "outcomes": {
        "success": "addPrimaryAddressToContactResponse",
        "failure": "showDefaultCursor"
      }
    },
    "fireNotificationAfterFaillure": {
      "module": "vb/action/builtin/fireNotificationEventAction",
      "outcomes": {
        "success": "showDefaultCursor"
      },
      "parameters": {
        "summary": "[[ $application.translations.format('app', 'common_couldNotLoadDataMsg', {data : $chain.results.loadContact.payload.status }) ]]"
      }
    },
    "getPrimaryAddress": {
      "module": "vb/action/builtin/callChainAction",
      "parameters": {
        "id": "MyProfileGetPrimaryAddressAction",
        "params": {
          "primaryAddressId": "{{ $chain.results.loadContact.body.PrimaryAddressId }}"
        }
      },
      "outcomes": {
        "success": "getCountryList"
      }
    },
    "addPrimaryAddressToContactResponse": {
      "module": "vb/action/builtin/callModuleFunctionAction",
      "parameters": {
        "module": "[[ $application.functions ]]",
        "functionName": "setMapKeyValue",
        "params": [
          "{{ $chain.results.loadContact.body }}",
          "PrimaryAddress",
          "{{ $chain.results.getPrimaryAddress }}"
        ]
      },
      "outcomes": {
        "success": "assignContactRecord"
      }
    },
    "showDefaultCursor": {
      "module": "vb/action/builtin/callModuleFunctionAction",
      "parameters": {
        "module": "{{$application.functions}}",
        "functionName": "showDefaultCursor"
      }
    },
    "ifIsJsonResponse": {
      "module": "vb/action/builtin/ifAction",
      "outcomes": {
        "true": "getPrimaryAddress",
        "false": "showDefaultCursor"
      },
      "parameters": {
        "condition": "[[ $chain.results.callValidateIsJsonAction ]]"
      }
    },
    "callValidateIsJsonAction": {
      "module": "vb/action/builtin/callChainAction",
      "parameters": {
        "id": "application:ValidateIsJsonResponseAction",
        "params": {
          "restPayload": "{{ $chain.results.loadContact }}"
        }
      },
      "outcomes": {
        "success": "ifIsJsonResponse"
      }
    }
  }
}