{
  "root": "callIsUsingOdcsSecurityProvider",
  "description": "Sets the flag to enable the Change Password button based on whether the OdcsSecurityProvider is being used (and hence the Change Password page functionality will work based on the IDCS/IDP configuration).",
  "variables": {},
  "actions": {
    "callIsUsingOdcsSecurityProvider": {
      "module": "vb/action/builtin/callModuleFunctionAction",
      "parameters": {
        "module": "[[ $application.functions ]]",
        "functionName": "isUsingOdcsSecurityProvider",
        "returnType": "boolean"
      },
      "outcomes": {
        "success": "assignEnableChangePassword"
      }
    },
    "assignEnableChangePassword": {
      "module": "vb/action/builtin/assignVariablesAction",
      "parameters": {
        "$page.variables.myProfileEnableChangePassword": {
          "source": "{{ $chain.results.callIsUsingOdcsSecurityProvider }}"
        }
      }
    }
  }
}