{
  "description": "",
  "variables": {
    "value": {
      "required": true,
      "type": "any",
      "input": "fromCaller"
    }
  },
  "root": "callRateRestEndpoint",
  "actions": {
    "callRatingsRestEndpoint": {
      "module": "vb/action/builtin/restAction",
      "parameters": {
        "endpoint": "knowledge-service/getRatingsAggregate",
        "uriParams": {
          "id": "{{ $page.variables.recordId }}"
        }
      },
      "outcomes": {
        "success": "processRatingResponse"
      },
      "description": "Retrieves updated rating information for the article including the user's new rating"
    },
    "callRateRestEndpoint": {
      "module": "vb/action/builtin/restAction",
      "parameters": {
        "endpoint": "knowledge-service/rateArticle",
        "uriParams": {
          "id": "{{ $page.variables.recordId }}"
        },
        "body": "{{ {\n \"answer\": {\n  \"recordId\": $page.variables.ratingResults.answerIds[$chain.variables.value]\n }\n} }}"
      },
      "outcomes": {
        "success": "setRatingApplied"
      },
      "description": "Applies the user's rating to the article"
    },
    "processRatingResponse": {
      "module": "vb/action/builtin/callModuleFunctionAction",
      "parameters": {
        "module": "{{$application.functions}}",
        "functionName": "processRatingData",
        "params": [
          "{{ $chain.results.callRatingsRestEndpoint.body }}"
        ]
      },
      "outcomes": {
        "success": "assignRatingResults"
      }
    },
    "assignRatingResults": {
      "module": "vb/action/builtin/assignVariablesAction",
      "parameters": {
        "$page.variables.ratingResults": {
          "source": "{{ $chain.results.processRatingResponse }}",
          "auto": "always"
        }
      }
    },
    "setRatingApplied": {
      "module": "vb/action/builtin/assignVariablesAction",
      "parameters": {
        "$page.variables.ratingApplied": {
          "source": "true"
        }
      },
      "outcomes": {
        "success": "callRatingsRestEndpoint"
      },
      "description": "Set the variable that indicates that the user has applied a rating"
    }
  }
}