{
  "root": "ifOpaSiteUrl",
  "description": "This action will attempt to set the application variable opaSiteUrl by using the Topology Manager REST end point. \nIn order to support older applications the action will fall back to using the pre DCS 21B end point.",
  "actions": {
    "callGetTopologyManagerEndpointFunction": {
      "module": "vb/action/builtin/callModuleFunctionAction",
      "parameters": {
        "module": "[[ $application.functions ]]",
        "functionName": "getRestURL",
        "params": [
          "fscmRestApi/get_TopologyManagerEnterpriseApplicationEndpoints"
        ]
      },
      "outcomes": {
        "success": "ifNonLegacyEndPointFound"
      }
    },
    "callRestGetTopologyManagerEnterpriseApplicationEndpoints": {
      "module": "vb/action/builtin/restAction",
      "parameters": {
        "endpoint": "fscmRestApi/get_TopologyManagerEnterpriseApplicationEndpoints",
        "uriParams": {
          "onlyData": true,
          "TopologyManagerEnterpriseApplicationEndpoints_Id": "OPA_HUB_URL"
        }
      },
      "outcomes": {
        "failure": "fireErrorNotificationNonLegacyLookupFailure",
        "success": "assignVariablesRestCalledOPASiteUrl"
      }
    },
    "callLegacyRestEndpoint": {
      "module": "vb/action/builtin/restAction",
      "parameters": {
        "endpoint": "fscmRestApi/getEndpointById",
        "uriParams": {
          "onlyData": true
        }
      },
      "outcomes": {
        "failure": "fireErrorNotificationForLegacyEndpointLookup",
        "success": "assignOPASiteUrlFromLegactEndpoint"
      }
    },
    "assignOPASiteUrlFromLegactEndpoint": {
      "module": "vb/action/builtin/assignVariablesAction",
      "parameters": {
        "$variables.restCalledOPASiteUrl": {
          "source": "{{ $chain.results.callLegacyRestEndpoint.body.ExternalEndpoint }}"
        }
      },
      "outcomes": {
        "success": "ifRestCalledOPASiteUrlFound"
      }
    },
    "assignVariablesRestCalledOPASiteUrl": {
      "module": "vb/action/builtin/assignVariablesAction",
      "parameters": {
        "$variables.restCalledOPASiteUrl": {
          "source": "{{ $chain.results.callRestGetTopologyManagerEnterpriseApplicationEndpoints.body.ExternalEndpoint }}"
        }
      },
      "outcomes": {
        "success": "ifRestCalledOPASiteUrlFound"
      }
    },
    "assignApplicationOPASiteUrlVariable": {
      "module": "vb/action/builtin/assignVariablesAction",
      "parameters": {
        "$application.variables.opaSiteUrl": {
          "source": "{{ $variables.restCalledOPASiteUrl.indexOf('://') > 0 ? $variables.restCalledOPASiteUrl : 'https://' + $variables.restCalledOPASiteUrl }}"
        }
      },
      "description": "Assigns the found URL, if no protocol was prepended to the value 'https://' is inserted, this can be overriden by setting the protocol on the OPA_HUB_URL value in the Topology Manager configuration"
    },
    "ifOpaSiteUrl": {
      "module": "vb/action/builtin/ifAction",
      "parameters": {
        "condition": "[[ $application.variables.opaSiteUrl ]]"
      },
      "outcomes": {
        "false": "callGetTopologyManagerEndpointFunction"
      },
      "description": "If the application variable has been already set do not attempt to fetch it, otherwise attempt to look it up."
    },
    "ifNonLegacyEndPointFound": {
      "module": "vb/action/builtin/ifAction",
      "parameters": {
        "condition": "[[ $chain.results.callGetTopologyManagerEndpointFunction ]]"
      },
      "outcomes": {
        "false": "callGetLegacyEndpointFunction",
        "true": "callRestGetTopologyManagerEnterpriseApplicationEndpoints"
      }
    },
    "ifLegacyEndPointFound": {
      "module": "vb/action/builtin/ifAction",
      "parameters": {
        "condition": "[[ $chain.results.callGetLegacyEndpointFunction ]]"
      },
      "outcomes": {
        "true": "callLegacyRestEndpoint",
        "false": "ifRestCalledOPASiteUrlFound"
      }
    },
    "fireErrorNotificationNonLegacyLookupFailure": {
      "module": "vb/action/builtin/fireNotificationEventAction",
      "parameters": {
        "target": "leaf",
        "summary": "[[ $chain.results.callRestGetTopologyManagerEnterpriseApplicationEndpoints.message.summary ]]",
        "type": "error",
        "displayMode": "persist",
        "message": "Developer Warning: Topology Manager has been unable to retrieve the OPA site URL, examine console logs for further information"
      }
    },
    "callGetLegacyEndpointFunction": {
      "module": "vb/action/builtin/callModuleFunctionAction",
      "parameters": {
        "module": "[[ $application.functions ]]",
        "functionName": "getRestURL",
        "params": [
          "fscmRestApi/getEndpointById"
        ]
      },
      "outcomes": {
        "success": "ifLegacyEndPointFound"
      }
    },
    "fireErrorNotificationForLegacyEndpointLookup": {
      "module": "vb/action/builtin/fireNotificationEventAction",
      "parameters": {
        "target": "leaf",
        "summary": "[[ $chain.results.callLegacyRestEndpoint.message.summary ]]",
        "type": "error",
        "displayMode": "persist",
        "message": "Developer Warning: Topology Manager has been unable to retrieve the OPA site URL, examine console logs for further information"
      }
    },
    "ifRestCalledOPASiteUrlFound": {
      "module": "vb/action/builtin/ifAction",
      "parameters": {
        "condition": "[[ $variables.restCalledOPASiteUrl ]]"
      },
      "outcomes": {
        "true": "assignApplicationOPASiteUrlVariable"
      }
    }
  },
  "variables": {
    "restCalledOPASiteUrl": {
      "type": "string"
    }
  }
}