{
  "root": "setLocale",
  "description": "Gets structured article content from the KM service.",
  "variables": {
    "saveFailureResult": {
      "type": "application:genericServiceErrorResponseType"
    },
    "opaSiteURLWarningPlaceholder": {
      "type": "string",
      "defaultValue": "[[ '<p><i class=\"fas fa-exclamation-triangle fa-2x\" title=\"' +  $application.translations.app.knowledge_article_opaSiteURLConfigurationIconTitle + '\"></i> ' + $application.translations.app.knowledge_article_opaSiteURLConfigurationWarningMessage + '</p>' ]]"
    }
  },
  "actions": {
    "setLocale": {
      "module": "vb/action/builtin/callChainAction",
      "parameters": {
        "id": "application:SetKMLocaleAction"
      },
      "outcomes": {
        "success": "ifExternalId"
      }
    },
    "getKMauthtoken": {
      "module": "vb/action/builtin/callModuleFunctionAction",
      "parameters": {
        "module": "{{$application.functions}}",
        "functionName": "getKMauthtoken",
        "params": [
          "{{ $application.variables.kmLocale }}",
          "{{ $application.variables.kmConfig.kmInterfaceId }}"
        ]
      },
      "outcomes": {
        "success": "showWaitCursor"
      }
    },
    "assignContentFailureResult": {
      "module": "vb/action/builtin/assignVariablesAction",
      "parameters": {
        "$chain.variables.saveFailureResult": {
          "source": "[[ $chain.results.loadCurrentArticle.payload ]]"
        }
      },
      "outcomes": {
        "success": "getErrorMessage"
      }
    },
    "getErrorMessage": {
      "module": "vb/action/builtin/callModuleFunctionAction",
      "parameters": {
        "module": "{{$application.functions}}",
        "functionName": "getErrorMessage",
        "params": [
          "{{$chain.variables.saveFailureResult.status }}",
          "{{$application.variables.kmConfig.kmErrorMessages }}"
        ]
      },
      "outcomes": {
        "success": "fireErrorNotification"
      }
    },
    "fireErrorNotification": {
      "module": "vb/action/builtin/fireNotificationEventAction",
      "parameters": {
        "summary": "[[ $chain.results.getErrorMessage ]]",
        "type": "error",
        "displayMode": "persist"
      },
      "outcomes": {
        "success": "showDefaultCursor"
      }
    },
    "assignVariables": {
      "module": "vb/action/builtin/assignVariablesAction",
      "parameters": {
        "$page.variables.fileAttachments": {
          "source": "{{ $chain.results.transformContentResponse.fileAttachments ? $chain.results.transformContentResponse.fileAttachments : []}}"
        },
        "$page.variables.currentContent.contentBody": {
          "source": "{{ $chain.results.transformContentResponse.contentBody }}"
        },
        "$page.variables.currentContent.documentId": {
          "source": "{{ $chain.results.transformContentResponse.IMDocumentId }}"
        },
        "$page.variables.currentContent.title": {
          "source": "{{ $chain.results.transformContentResponse.title }}"
        },
        "$page.variables.currentContent.publishDate": {
          "source": "{{ $chain.results.transformContentResponse.publishDate }}"
        },
        "$page.variables.showArticle": {
          "source": "{{ true }}"
        },
        "$page.variables.recordId": {
          "source": "{{ $chain.results.loadCurrentArticle.body.recordId }}"
        },
        "$page.variables.ratingResults": {
          "source": "{{ $chain.results.processRatingResponse }}",
          "auto": "always"
        },
        "$application.variables.kmViewCount": {
          "source": "{{ $application.variables.kmViewCount + 1 }}"
        }
      },
      "outcomes": {
        "success": "assignShowFileAttachments"
      }
    },
    "assignShowFileAttachments": {
      "module": "vb/action/builtin/assignVariablesAction",
      "parameters": {
        "$page.variables.showFileAttachments": {
          "source": "{{ $page.variables.fileAttachments.length > 0 }}"
        }
      },
      "outcomes": {
        "success": "callSetPageTitle"
      }
    },
    "processContentTypeDefinition": {
      "module": "vb/action/builtin/callModuleFunctionAction",
      "parameters": {
        "module": "{{$application.functions}}",
        "functionName": "processKMContentTypeDefinition",
        "params": [
          "{{ $chain.results.loadCurrentArticle.body }}"
        ]
      },
      "outcomes": {
        "success": "transformContentResponse"
      }
    },
    "transformContentResponse": {
      "module": "vb/action/builtin/callModuleFunctionAction",
      "parameters": {
        "module": "{{$application.functions}}",
        "functionName": "transformKMContent",
        "params": [
          "{{ $chain.results.loadCurrentArticle }}",
          "{{ $application.variables.kmLocale }}",
          "{{ $chain.results.processContentTypeDefinition }}",
          "{{ $application.variables.opaSiteUrl }}",
          "[[ undefined ]]",
          "[[ {\n \"opaInterviewConfigurationWarningPlaceholder\":  $chain.variables.opaSiteURLWarningPlaceholder \n } ]]"
        ],
        "returnType": "object"
      },
      "outcomes": {
        "success": "processRatingResponse"
      }
    },
    "loadCurrentArticle": {
      "module": "vb/action/builtin/restAction",
      "parameters": {
        "endpoint": "knowledge-service/findArticleByAnswerId",
        "uriParams": {
          "id": "{{ $page.variables.kmContentId }}",
          "kmauthtoken": "{{ $chain.results.getKMauthtoken }}"
        }
      },
      "outcomes": {
        "success": "callValidateIsJsonAction",
        "failure": "assignContentFailureResult"
      }
    },
    "processRatingResponse": {
      "module": "vb/action/builtin/callModuleFunctionAction",
      "parameters": {
        "module": "{{$application.functions}}",
        "functionName": "processRatingData",
        "params": [
          "{{ $chain.results.loadCurrentArticle.body.aggregateFormResults }}"
        ],
        "returnType": "object"
      },
      "outcomes": {
        "success": "assignVariables"
      }
    },
    "showWaitCursor": {
      "module": "vb/action/builtin/callModuleFunctionAction",
      "parameters": {
        "module": "{{$application.functions}}",
        "functionName": "showWaitCursor"
      },
      "outcomes": {
        "success": "loadCurrentArticle"
      }
    },
    "ifExternalId": {
      "module": "vb/action/builtin/ifAction",
      "outcomes": {
        "true": "callGetKnowledgeContentIdAction",
        "false": "getKMauthtoken"
      },
      "parameters": {
        "condition": "[[ $page.variables.kmExternalId ]]"
      }
    },
    "callGetKnowledgeContentIdAction": {
      "module": "vb/action/builtin/callChainAction",
      "parameters": {
        "id": "application:GetKnowledgeContentIdAction",
        "params": {
          "externalId": "{{ $page.variables.kmExternalId }}"
        }
      },
      "outcomes": {
        "success": "ifContentId",
        "failure": "fireKnowledgeArticleNotFoundNotification"
      }
    },
    "ifContentId": {
      "module": "vb/action/builtin/ifAction",
      "outcomes": {
        "true": "assignContentId",
        "false": "fireKnowledgeArticleNotFoundNotification"
      },
      "parameters": {
        "condition": "{{ $chain.results.callGetKnowledgeContentIdAction }}"
      }
    },
    "fireKnowledgeArticleNotFoundNotification": {
      "module": "vb/action/builtin/fireNotificationEventAction",
      "parameters": {
        "displayMode": "transient",
        "type": "error",
        "summary": "[[ $application.translations.app.km_error_articleNotFound ]]"
      }
    },
    "assignContentId": {
      "module": "vb/action/builtin/assignVariablesAction",
      "parameters": {
        "$page.variables.kmContentId": {
          "source": "{{ $chain.results.callGetKnowledgeContentIdAction }}"
        }
      },
      "outcomes": {
        "success": "getKMauthtoken"
      }
    },
    "callSetPageTitle": {
      "module": "vb/action/builtin/callModuleFunctionAction",
      "parameters": {
        "module": "[[ $application.functions ]]",
        "functionName": "setPageTitle",
        "params": [
          "{{ $application.translations }}",
          "knowledgeArticle_loadedPageTitle",
          "{{ {\n  \"title\": $page.variables.currentContent.title\n} }}"
        ]
      },
      "outcomes": {
        "success": "showDefaultCursor"
      }
    },
    "ifIsJsonResponse": {
      "module": "vb/action/builtin/ifAction",
      "outcomes": {
        "true": "ifOpaSiteUrl",
        "false": "showDefaultCursor"
      },
      "parameters": {
        "condition": "[[ $chain.results.callValidateIsJsonAction ]]"
      }
    },
    "callValidateIsJsonAction": {
      "module": "vb/action/builtin/callChainAction",
      "parameters": {
        "id": "application:ValidateIsJsonResponseAction",
        "params": {
          "restPayload": "{{ $chain.results.loadCurrentArticle }}"
        }
      },
      "outcomes": {
        "success": "ifIsJsonResponse"
      }
    },
    "showDefaultCursor": {
      "module": "vb/action/builtin/callModuleFunctionAction",
      "parameters": {
        "module": "{{$application.functions}}",
        "functionName": "showDefaultCursor"
      }
    },
    "ifOpaSiteUrl": {
      "module": "vb/action/builtin/ifAction",
      "parameters": {
        "condition": "[[ !$application.variables.opaSiteUrl && JSON.stringify($chain.results.loadCurrentArticle.body).indexOf('data-opa-meta-data') > 0 ]]"
      },
      "outcomes": {
        "true": "callChainInitializeOPASiteUrlAction",
        "false": "processContentTypeDefinition"
      }
    },
    "callChainInitializeOPASiteUrlAction": {
      "module": "vb/action/builtin/callChainAction",
      "parameters": {
        "id": "InitializeOPASiteUrlAction"
      },
      "outcomes": {
        "success": "processContentTypeDefinition"
      }
    }
  }
}