{
  "root": "resetVariables",
  "description": "Clears the page context for the application",
  "variables": {
    "event": {
      "required": false,
      "input": "fromCaller",
      "type": {
        "previousPage": "string",
        "previousPageParams": "any",
        "currentPage": "string",
        "currentPageParams": "any"
      }
    }
  },
  "actions": {
    "resetVariables": {
      "module": "vb/action/builtin/resetVariablesAction",
      "parameters": {
        "variables": [
          "$application.variables.isSignInPage",
          "$application.variables.isSignUpPage"
        ]
      }
    }
  },
  "@dt": {
    "autowire": {
      "contextKey": "odcs-page-context",
      "name": "ClearPageContextAction"
    }
  }
}