{
  "root": "ifClearServiceRequest",
  "description": "Clears the application's service context",
  "actions": {
    "resetServiceRequest": {
      "module": "vb/action/builtin/resetVariablesAction",
      "outcomes": {
        "success": "ifClearCategory"
      },
      "parameters": {
        "variables": [
          "$application.variables.serviceContext.serviceRequest"
        ]
      }
    },
    "ifClearServiceRequest": {
      "module": "vb/action/builtin/ifAction",
      "outcomes": {
        "true": "resetServiceRequest",
        "false": "ifClearCategory"
      },
      "parameters": {
        "condition": "[[ $application.variables.serviceContext.serviceRequest.resetOnNavigate ]]"
      }
    },
    "ifClearCategory": {
      "module": "vb/action/builtin/ifAction",
      "outcomes": {
        "true": "resetCategory",
        "false": "ifResetProduct"
      },
      "parameters": {
        "condition": "[[ $application.variables.serviceContext.category.resetOnNavigate ]]"
      }
    },
    "resetCategory": {
      "module": "vb/action/builtin/resetVariablesAction",
      "outcomes": {
        "success": "ifResetProduct"
      },
      "parameters": {
        "variables": [
          "$application.variables.serviceContext.category"
        ]
      }
    },
    "ifResetProduct": {
      "module": "vb/action/builtin/ifAction",
      "outcomes": {
        "true": "resetProduct",
        "false": "resetOnNavigateFlags"
      },
      "parameters": {
        "condition": "[[ $application.variables.serviceContext.product.resetOnNavigate ]]"
      }
    },
    "resetProduct": {
      "module": "vb/action/builtin/resetVariablesAction",
      "parameters": {
        "variables": [
          "$application.variables.serviceContext.product"
        ]
      },
      "outcomes": {
        "success": "resetOnNavigateFlags"
      }
    },
    "resetOnNavigateFlags": {
      "module": "vb/action/builtin/resetVariablesAction",
      "parameters": {
        "variables": [
          "$application.variables.serviceContext.serviceRequest.resetOnNavigate",
          "$application.variables.serviceContext.category.resetOnNavigate",
          "$application.variables.serviceContext.product.resetOnNavigate"
        ]
      },
      "description": "Resets the state of all the 'resetOnNavigate' flags for the service context objects. This ensures that the context is retained for only one navigation unless the flags are explicitly set to false on the current page."
    }
  },
  "@dt": {
    "autowire": {
      "contextKey": "odcs-service-context",
      "name": "ClearServiceContextAction"
    }
  }
}