{
  "root": "ifStatusDefined",
  "description": "Invoked on any Rest call failure because of server communication issues",
  "actions": {
    "navigateToErrorRootPage": {
      "module": "vb/action/builtin/navigateAction",
      "parameters": {
        "page": "/error"
      }
    },
    "navigateToErrorFlowPage": {
      "module": "vb/action/builtin/fireCustomEventAction",
      "parameters": {
        "name": "navigate",
        "payload": "{{ {\n \"target\": $chain.variables.target\n} }}"
      }
    },
    "ifServerError": {
      "module": "vb/action/builtin/ifAction",
      "parameters": {
        "condition": "[[ $chain.variables.status > 499 && $chain.variables.status < 600 ]]"
      },
      "outcomes": {
        "true": "assignServerAppErrorVariables",
        "false": "ifNotSecured"
      }
    },
    "ifInitializedUserFailure": {
      "module": "vb/action/builtin/ifAction",
      "outcomes": {
        "true": "assignAppErrorVariables",
        "false": "ifServerError"
      },
      "parameters": {
        "condition": "[[ $variables.target === 'error' ]]"
      }
    },
    "fireSecurityFailureNotification": {
      "module": "vb/action/builtin/fireNotificationEventAction",
      "parameters": {
        "target": "leaf",
        "summary": "[[ $chain.variables.message || $application.functions.getErrorMessage($chain.variables.status, $application.constants.errorMessages) ]]"
      }
    },
    "ifStatusDefined": {
      "module": "vb/action/builtin/ifAction",
      "outcomes": {
        "true": "ifInitializedUserFailure"
      },
      "parameters": {
        "condition": "[[ $chain.variables.status ]]"
      }
    },
    "ifNotSecured": {
      "module": "vb/action/builtin/ifAction",
      "parameters": {
        "condition": "[[ $chain.variables.status === 403 || $chain.variables.status === 401 ]]"
      },
      "outcomes": {
        "true": "fireSecurityFailureNotification"
      }
    },
    "assignAppErrorVariables": {
      "module": "vb/action/builtin/assignVariablesAction",
      "outcomes": {
        "success": "navigateToErrorRootPage"
      },
      "parameters": {
        "$application.variables.errorStatus": {
          "source": "{{ $variables.status }}"
        },
        "$application.variables.errorMessage": {
          "source": "{{ $variables.message }}"
        }
      }
    },
    "assignServerAppErrorVariables": {
      "module": "vb/action/builtin/assignVariablesAction",
      "parameters": {
        "$application.variables.errorStatus": {
          "source": "{{ $variables.status }}"
        },
        "$application.variables.errorMessage": {
          "source": "{{ $variables.message }}"
        }
      },
      "outcomes": {
        "success": "navigateToErrorFlowPage"
      }
    }
  },
  "variables": {
    "message": {
      "type": "string",
      "required": false,
      "input": "fromCaller",
      "description": "Explicit error message. If defined, this is used instead of looking up a message based on the HTTP status."
    },
    "target": {
      "type": "string",
      "required": true,
      "input": "fromCaller"
    },
    "status": {
      "type": "number",
      "required": true,
      "input": "fromCaller",
      "description": "HTTP status code. Used to lookup an error message if a message is not passed in."
    }
  },
  "@dt": {
    "autowire": {
      "contextKey": "odcs-error-action",
      "name": "ErrorAction"
    }
  }
}