{
  "root": "checkKnowledgeArticle",
  "description": "",
  "actions": {
    "checkKnowledgeArticle": {
      "module": "vb/action/builtin/restAction",
      "parameters": {
        "endpoint": "knowledge-service/getContentId",
        "uriParams": {
          "id": "{{ $chain.variables.externalId }}",
          "kmauthtoken": "{{ '{\"interfaceId\":1,\"localeId\":\"en_US\",\"localeOverride\":\"true\"}' }}"
        }
      },
      "outcomes": {
        "failure": "showDefaultCursorFailure",
        "success": "assignContentId"
      }
    },
    "assignContentId": {
      "module": "vb/action/builtin/assignVariablesAction",
      "parameters": {
        "$chain.variables.contentId": {
          "source": "{{ $chain.results.checkKnowledgeArticle.body.answerId }}"
        }
      },
      "outcomes": {
        "success": "showDefaultCursorSuccess"
      }
    },
    "showDefaultCursorSuccess": {
      "module": "vb/action/builtin/callModuleFunctionAction",
      "parameters": {
        "module": "{{$application.functions}}",
        "functionName": "showDefaultCursor"
      },
      "outcomes": {
        "success": "returnSuccess"
      }
    },
    "showDefaultCursorFailure": {
      "module": "vb/action/builtin/callModuleFunctionAction",
      "parameters": {
        "module": "{{$application.functions}}",
        "functionName": "showDefaultCursor"
      },
      "outcomes": {
        "success": "returnFailure"
      }
    },
    "returnSuccess": {
      "module": "vb/action/builtin/returnAction",
      "parameters": {
        "outcome": "success",
        "payload": "{{ $chain.variables.contentId }}"
      }
    },
    "returnFailure": {
      "module": "vb/action/builtin/returnAction",
      "parameters": {
        "outcome": "failure"
      }
    }
  },
  "variables": {
    "externalId": {
      "type": "string",
      "required": true,
      "input": "fromCaller"
    },
    "contentId": {
      "type": "string"
    }
  },
  "returnType": "string"
}