{
  "root": "ifUser",
  "description": "",
  "actions": {
    "callMySelfServiceRoles": {
      "module": "vb/action/builtin/restAction",
      "parameters": {
        "endpoint": "crmRestApi/getall_mySelfServiceRoles",
        "uriParams": {
          "fields": "ContactPartyId,AccountPartyId,AccountPartyName,ContactPartyNumber,RelationshipTypeCd,RelationshipTypeCdMeaning",
          "onlyData": "{{ true }}"
        }
      },
      "outcomes": {
        "success": "callValidateIsJsonAction",
        "failure": "assignErrorStatus"
      }
    },
    "assignPartyIdAndAccounts": {
      "module": "vb/action/builtin/assignVariablesAction",
      "parameters": {
        "$application.variables.partyId": {
          "source": "{{ $chain.results.callMySelfServiceRoles.body.items[0].ContactPartyId }}"
        },
        "$application.variables.accounts": {
          "source": "{{ $chain.results.extractAccountsFromRoles }}"
        },
        "$application.variables.partyNumber": {
          "source": "{{ $chain.results.callMySelfServiceRoles.body.items[0].ContactPartyNumber }}"
        },
        "$application.variables.accountsAndRoles": {
          "source": "{{ $chain.results.getAccountsAndRoles }}"
        }
      },
      "outcomes": {
        "success": "forEachInAccountsAndRoles"
      }
    },
    "ifUser": {
      "module": "vb/action/builtin/ifAction",
      "outcomes": {
        "true": "callMySelfServiceRoles"
      },
      "parameters": {
        "condition": "[[ $application.user.roles.indexOf('User') >= 0 && !$application.variables.partyId ]]"
      }
    },
    "extractAccountsFromRoles": {
      "module": "vb/action/builtin/callModuleFunctionAction",
      "parameters": {
        "module": "{{$application.functions}}",
        "functionName": "extractAccountsFromRoles",
        "params": [
          "{{ $chain.results.callMySelfServiceRoles.body.items }}"
        ],
        "returnType": "object[]"
      },
      "outcomes": {
        "success": "getAccountsAndRoles"
      }
    },
    "assignErrorStatus": {
      "module": "vb/action/builtin/assignVariablesAction",
      "parameters": {
        "$application.variables.errorStatus": {
          "source": "{{ $chain.results.callMySelfServiceRoles.status > 0 ? $chain.results.callMySelfServiceRoles.status : 503 }}"
        }
      },
      "outcomes": {
        "success": "callErrorAction"
      }
    },
    "assignServiceNotAvailableErrorStatus": {
      "module": "vb/action/builtin/callChainAction",
      "parameters": {
        "id": "application:ErrorAction",
        "params": {
          "status": "{{ $chain.results.callMySelfServiceRoles.status > 0 ? $chain.results.callMySelfServiceRoles.status : 503 }}",
          "target": "error"
        }
      },
      "outcomes": {
        "success": "returnFailure"
      }
    },
    "callErrorAction": {
      "module": "vb/action/builtin/callChainAction",
      "parameters": {
        "id": "application:ErrorAction",
        "params": {
          "status": "{{ $chain.results.callMySelfServiceRoles.status > 0 ? $chain.results.callMySelfServiceRoles.status : 503 }}",
          "target": "error"
        }
      },
      "description": "Call ErrorAction with target as 'error' to denote navigation to the root error page.",
      "outcomes": {
        "success": "returnFailure"
      }
    },
    "getAccountsAndRoles": {
      "module": "vb/action/builtin/callModuleFunctionAction",
      "parameters": {
        "module": "[[ $application.functions ]]",
        "functionName": "getAccountAndRolesObject",
        "params": [
          "{{ $chain.results.callMySelfServiceRoles.body.items }}",
          "{{ $chain.results.extractAccountsFromRoles }}"
        ]
      },
      "outcomes": {
        "success": "assignPartyIdAndAccounts"
      }
    },
    "ifIsJsonResponse": {
      "module": "vb/action/builtin/ifAction",
      "outcomes": {
        "true": "ifRolesDefined",
        "false": "assignServiceNotAvailableErrorStatus"
      },
      "parameters": {
        "condition": "[[ $chain.results.callValidateIsJsonAction ]]"
      },
      "label": "If response is JSON"
    },
    "callValidateIsJsonAction": {
      "module": "vb/action/builtin/callChainAction",
      "parameters": {
        "id": "application:ValidateIsJsonResponseAction",
        "params": {
          "restPayload": "{{ $chain.results.callMySelfServiceRoles }}"
        }
      },
      "outcomes": {
        "success": "ifIsJsonResponse"
      }
    },
    "returnFailure": {
      "module": "vb/action/builtin/returnAction",
      "parameters": {
        "outcome": "failure"
      }
    },
    "returnSuccess": {
      "module": "vb/action/builtin/returnAction",
      "parameters": {
        "outcome": "success"
      }
    },
    "callChainErrorAction": {
      "module": "vb/action/builtin/callChainAction",
      "parameters": {
        "id": "ErrorAction",
        "params": {
          "target": "error",
          "status": "{{ $chain.results.callMySelfServiceRoles.status }}",
          "message": "{{ $application.translations.app.common_userConfigError }}"
        }
      },
      "outcomes": {
        "success": "returnFailureNoRoles"
      }
    },
    "ifRolesDefined": {
      "module": "vb/action/builtin/ifAction",
      "parameters": {
        "condition": "[[ $chain.results.callMySelfServiceRoles.body.items.length > 0 ]]"
      },
      "outcomes": {
        "true": "extractAccountsFromRoles",
        "false": "ifDesignTime"
      },
      "label": "If user has self-service roles defined"
    },
    "returnFailureNoRoles": {
      "module": "vb/action/builtin/returnAction",
      "parameters": {
        "outcome": "failure"
      }
    },
    "ifDesignTime": {
      "module": "vb/action/builtin/ifAction",
      "parameters": {
        "condition": "[[ $application.profile === 'user_proxy_dev' ]]"
      },
      "outcomes": {
        "false": "callChainErrorAction"
      }
    },
    "forEachInAccountsAndRoles": {
      "module": "vb/action/builtin/forEachAction",
      "parameters": {
        "items": "{{ $application.variables.accountsAndRoles[0].RoleNames }}",
        "actionId": "ifManager"
      },
      "outcomes": {
        "success": "returnSuccess"
      }
    },
    "ifManager": {
      "module": "vb/action/builtin/ifAction",
      "parameters": {
        "condition": "[[ $current.data === 'Account Manager' || $current.data === 'Account Administrator' ]]"
      },
      "outcomes": {
        "true": "assignIsManagerVariables"
      }
    },
    "assignIsManagerVariables": {
      "module": "vb/action/builtin/assignVariablesAction",
      "parameters": {
        "$application.variables.isManager": {
          "source": true
        }
      }
    }
  },
  "@dt": {
    "autowire": {
      "contextKey": "odcs-user-initialization-actions",
      "name": "InitializeUserAction"
    }
  }
}