{
  "root": "ifStripeCodeNotDefined",
  "description": "",
  "actions": {
    "ifStripeCodeNotDefined": {
      "module": "vb/action/builtin/ifAction",
      "parameters": {
        "condition": "[[ !$application.variables.stripeCode]]"
      },
      "outcomes": {
        "true": "defaultStripeCode",
        "false": "ifUsageCodeNotDefined"
      }
    },
    "defaultStripeCode": {
      "module": "vb/action/builtin/assignVariablesAction",
      "parameters": {
        "$application.variables.stripeCode": {
          "source": "{{ $application.variables.mode === 'HCM' ? 'ORA_SVC_HCM' : 'ORA_SVC_CRM' }}"
        }
      },
      "outcomes": {
        "success": "ifUsageCodeNotDefined"
      }
    },
    "ifUsageCodeNotDefined": {
      "module": "vb/action/builtin/ifAction",
      "parameters": {
        "condition": "[[ !$application.variables.usageCode ]]"
      },
      "outcomes": {
        "true": "defaultUsageCode",
        "false": "ifKnowledgeInterfaceIdNotDefined"
      }
    },
    "defaultUsageCode": {
      "module": "vb/action/builtin/assignVariablesAction",
      "parameters": {
        "$application.variables.usageCode": {
          "source": "{{ $application.variables.mode === 'HCM' ? 'HRHELPDESK' : 'SERVICE' }}"
        }
      },
      "outcomes": {
        "success": "ifKnowledgeInterfaceIdNotDefined"
      }
    },
    "ifKnowledgeInterfaceIdNotDefined": {
      "module": "vb/action/builtin/ifAction",
      "parameters": {
        "condition": "[[ !$application.variables.kmConfig.kmInterfaceId ]]"
      },
      "outcomes": {
        "true": "defaultKnowledgeInterfaceId"
      }
    },
    "defaultKnowledgeInterfaceId": {
      "module": "vb/action/builtin/assignVariablesAction",
      "parameters": {
        "$application.variables.kmConfig": {
          "source": {
            "kmInterfaceId": "{{ $application.variables.mode === 'HCM' ? 2 : 1 }}"
          },
          "reset": "none",
          "auto": "always"
        }
      }
    }
  },
  "@dt": {
    "autowire": {
      "contextKey": "odcs-mode",
      "name": "InitializeModeAction"
    }
  }
}