{
  "root": "callGetRestURL",
  "description": "",
  "variables": {},
  "actions": {
    "callGetRestURL": {
      "module": "vb/action/builtin/callModuleFunctionAction",
      "parameters": {
        "module": "[[ $application.functions ]]",
        "functionName": "getRestURL",
        "params": [
          "crmRestApi/getall_mySelfServiceRoles"
        ]
      },
      "outcomes": {
        "success": "assignFAHost"
      }
    },
    "assignFAHost": {
      "module": "vb/action/builtin/assignVariablesAction",
      "parameters": {
        "$application.variables.faHost": {
          "source": "{{ $chain.results.callGetRestURL.split('/')[2] }}"
        }
      }
    }
  }
}