{
  "root": "ifPartyId",
  "description": "",
  "actions": {
    "ifPartyId": {
      "module": "vb/action/builtin/ifAction",
      "parameters": {
        "condition": "[[ $application.variables.partyId ]]"
      },
      "outcomes": {
        "false": "callInitializeUser",
        "true": "return"
      }
    },
    "callInitializeUser": {
      "module": "vb/action/builtin/callChainAction",
      "parameters": {
        "id": "application:InitializeUserAction"
      },
      "outcomes": {
        "success": "return"
      }
    },
    "return": {
      "module": "vb/action/builtin/returnAction",
      "parameters": {
        "outcome": "success"
      }
    }
  },
  "@dt": {
    "autowire": {
      "contextKey": "odcs-user-initialization-actions",
      "name": "IsUserInitializedAction"
    }
  }
}