{
  "description": "",
  "variables": {
    "objectType": {
      "type": "string",
      "required": true,
      "input": "fromCaller"
    },
    "objectId": {
      "type": "string",
      "required": true,
      "input": "fromCaller"
    },
    "contentId": {
      "type": "string"
    },
    "value": {
      "type": "string",
      "required": false,
      "input": "fromCaller"
    }
  },
  "actions": {
    "checkKnowledgeArticle": {
      "module": "vb/action/builtin/restAction",
      "parameters": {
        "endpoint": "knowledge-service/getContentId",
        "uriParams": {
          "id": "{{ $chain.variables.objectId }}",
          "kmauthtoken": "{{ '{\"interfaceId\":1,\"localeId\":\"en_US\",\"localeOverride\":\"true\"}' }}"
        }
      },
      "outcomes": {
        "failure": "showDefaultCursor2",
        "success": "assignContentId"
      }
    },
    "assignContentId": {
      "module": "vb/action/builtin/assignVariablesAction",
      "parameters": {
        "$chain.variables.contentId": {
          "source": "{{ $chain.results.checkKnowledgeArticle.body.answerId }}"
        }
      },
      "outcomes": {
        "success": "showDefaultCursor1"
      }
    },
    "navigateToServiceRequestDetailFlowEvent": {
      "module": "vb/action/builtin/fireCustomEventAction",
      "parameters": {
        "payload": {
          "target": "service-request",
          "operation": "detail",
          "id": "[[ $chain.variables.objectId ]]"
        },
        "name": "navigate"
      }
    },
    "navigateToKnowledgeArticleFlowEvent": {
      "module": "vb/action/builtin/fireCustomEventAction",
      "parameters": {
        "payload": {
          "target": "knowledge-article",
          "id": "[[ $variables.contentId ]]",
          "operation": "detail"
        },
        "name": "navigate"
      }
    },
    "fireKnowledgeArticleNotFoundNotification": {
      "module": "vb/action/builtin/fireNotificationEventAction",
      "parameters": {
        "displayMode": "transient",
        "type": "error",
        "summary": "[[ $application.translations.app.km_error_articleNotFound ]]"
      }
    },
    "showWaitCursor": {
      "module": "vb/action/builtin/callModuleFunctionAction",
      "parameters": {
        "module": "{{$application.functions}}",
        "functionName": "showWaitCursor"
      },
      "outcomes": {
        "success": "checkKnowledgeArticle"
      }
    },
    "showDefaultCursor1": {
      "module": "vb/action/builtin/callModuleFunctionAction",
      "parameters": {
        "module": "{{$application.functions}}",
        "functionName": "showDefaultCursor"
      },
      "outcomes": {
        "success": "navigateToKnowledgeArticleFlowEvent"
      }
    },
    "showDefaultCursor2": {
      "module": "vb/action/builtin/callModuleFunctionAction",
      "parameters": {
        "module": "{{$application.functions}}",
        "functionName": "showDefaultCursor"
      },
      "outcomes": {
        "success": "fireKnowledgeArticleNotFoundNotification"
      }
    },
    "navigateToServiceRequestDetailFlowEventHcm": {
      "module": "vb/action/builtin/fireCustomEventAction",
      "parameters": {
        "payload": {
          "target": "service-request",
          "operation": "detail",
          "id": "[[ $chain.variables.objectId ]]"
        },
        "name": "navigate"
      }
    },
    "openUrlLink": {
      "module": "vb/action/builtin/openUrlAction",
      "parameters": {
        "windowName": "_blank",
        "url": "{{ $chain.variables.objectId }}"
      }
    },
    "openMailtoUrl": {
      "module": "vb/action/builtin/openUrlAction",
      "parameters": {
        "url": "{{ $chain.variables.objectId }}"
      }
    },
    "switchObjectType": {
      "module": "vb/action/builtin/switchAction",
      "parameters": {
        "possibleValues": [
          "SERVICE_REQUEST_CRM",
          "SERVICE_REQUEST_HCM",
          "URL",
          "MAILTO",
          "ARTICLE_LINK",
          "KNOWLEDGE_ARTICLE",
          "KNOWLEDGE_LINK"
        ],
        "caseValue": "{{ $chain.variables.objectType }}"
      },
      "outcomes": {
        "default": "showWaitCursor",
        "SERVICE_REQUEST_CRM": "navigateToServiceRequestDetailFlowEvent",
        "SERVICE_REQUEST_HCM": "navigateToServiceRequestDetailFlowEventHcm",
        "URL": "openUrlLink",
        "MAILTO": "openMailtoUrl",
        "ARTICLE_LINK": "fireNavigateToArticle",
        "KNOWLEDGE_ARTICLE": "showWaitCursor",
        "KNOWLEDGE_LINK": "showWaitCursor"
      }
    },
    "fireNavigateToArticle": {
      "module": "vb/action/builtin/fireCustomEventAction",
      "parameters": {
        "name": "navigate",
        "payload": {
          "target": "knowledge-article",
          "operation": "detail",
          "id": "[[ $chain.variables.objectId ]]"
        }
      }
    }
  },
  "root": "switchObjectType",
  "@dt": {
    "autowire": {
      "contextKey": "odcs-linked-text",
      "name": "LinkedTextClickAction"
    }
  }
}