{
  "description": "Fired when the locale menu option is chosen",
  "variables": {
    "menuId": {
      "required": true,
      "type": "any",
      "input": "fromCaller"
    }
  },
  "root": "setAppLocale",
  "actions": {
    "setAppLocale": {
      "module": "vb/action/builtin/callModuleFunctionAction",
      "parameters": {
        "module": "{{$application.functions}}",
        "functionName": "setAppLocale",
        "params": [
          "{{ $chain.variables.menuId }}"
        ]
      },
      "outcomes": {
        "success": "resetKMLocale"
      }
    },
    "resetKMLocale": {
      "module": "vb/action/builtin/resetVariablesAction",
      "outcomes": {
        "success": "reloadApplication"
      },
      "parameters": {
        "variables": [
          "$application.variables.kmLocale"
        ]
      }
    },
    "reloadApplication": {
      "module": "vb/action/builtin/callModuleFunctionAction",
      "parameters": {
        "module": "[[ $application.functions ]]",
        "functionName": "reload",
        "params": [
          "false"
        ]
      }
    }
  }
}