{
  "root": "ifAutoLoginIdcsUser",
  "description": "Log in a user that is already authenticated with IDCS (but not yet logged in to VBCS).",
  "variables": {},
  "actions": {
    "callFunctionIsIdcsUserAuthenticated": {
      "module": "vb/action/builtin/callModuleFunctionAction",
      "parameters": {
        "module": "[[ $application.functions ]]",
        "functionName": "isIdcsUserAuthenticated",
        "returnType": "boolean"
      },
      "outcomes": {
        "success": "ifIdcsUserAuthenticated"
      }
    },
    "ifIdcsUserAuthenticated": {
      "module": "vb/action/builtin/ifAction",
      "parameters": {
        "condition": "[[ $chain.results.callFunctionIsIdcsUserAuthenticated ]]"
      },
      "outcomes": {
        "true": "callFunctionGetProtectedUrl"
      },
      "description": "Is the current user authenticated with IDCS?"
    },
    "callFunctionGetProtectedUrl": {
      "module": "vb/action/builtin/callModuleFunctionAction",
      "parameters": {
        "module": "[[ $application.functions ]]",
        "functionName": "getProtectedUrl",
        "returnType": "string"
      },
      "outcomes": {
        "success": "ifProtectedUrlAvailable"
      }
    },
    "openProtectedUrl": {
      "module": "vb/action/builtin/openUrlAction",
      "parameters": {
        "url": "[[ $chain.results.callFunctionGetProtectedUrl ]]"
      },
      "description": "Opens the /protected URL to complete the VBCS login process for the user"
    },
    "callFunctionIsUsingOdcsSecurityProvider": {
      "module": "vb/action/builtin/callModuleFunctionAction",
      "parameters": {
        "module": "[[ $application.functions ]]",
        "functionName": "isUsingOdcsSecurityProvider"
      },
      "outcomes": {
        "success": "ifUsingOdcsSecurityProvider"
      }
    },
    "ifUsingOdcsSecurityProvider": {
      "module": "vb/action/builtin/ifAction",
      "parameters": {
        "condition": "[[ $chain.results.callFunctionIsUsingOdcsSecurityProvider ]]"
      },
      "outcomes": {
        "true": "callFunctionIsIdcsUserAuthenticated"
      },
      "description": "Is the ODCS Security Provider enabled? This is required to perform the automatic login of IDCS users."
    },
    "ifAutoLoginIdcsUser": {
      "module": "vb/action/builtin/ifAction",
      "parameters": {
        "condition": "[[ !$application.user.isAuthenticated && $constants.enableAutoLogin ]]"
      },
      "outcomes": {
        "true": "callFunctionIsUsingOdcsSecurityProvider"
      },
      "description": "Should users that are already authenticated with IDCS (but not VBCS) be automatically logged in to VBCS?"
    },
    "ifProtectedUrlAvailable": {
      "module": "vb/action/builtin/ifAction",
      "parameters": {
        "condition": "[[ $chain.results.callFunctionGetProtectedUrl ]]"
      },
      "outcomes": {
        "true": "openProtectedUrl"
      },
      "description": "Is the /protected URL for the application available?"
    }
  },
  "constants": {
    "enableAutoLogin": {
      "type": "boolean",
      "defaultValue": false
    }
  }
}