{
  "root": "ifAtEntryPoint",
  "description": "",
  "actions": {
    "ifAtEntryPoint": {
      "module": "vb/action/builtin/ifAction",
      "parameters": {
        "condition": "[[ $application.variables.entryPointId && $application.variables.entryPointId === $application.variables.currentPageId ]]"
      },
      "outcomes": {
        "false": "navigateBackHistory",
        "true": "navigateToHomePage"
      }
    },
    "navigateBackHistory": {
      "module": "vb/action/builtin/navigateBackAction"
    },
    "navigateToHomePage": {
      "module": "vb/action/builtin/navigateAction",
      "parameters": {
        "page": "/shell"
      }
    }
  },
  "@dt": {
    "autowire": {
      "contextKey": "odcs-navigate-back",
      "name": "navigateBack"
    }
  }
}