{
  "root": "ifUserHasRole",
  "description": "Fires a navigation event with the given payload if a user has an ODCS role",
  "variables": {},
  "actions": {
    "ifUserHasRole": {
      "module": "vb/action/builtin/ifAction",
      "outcomes": {
        "true": "navigate",
        "false": "returnSuccess"
      },
      "parameters": {
        "condition": "[[ ($application.user.roles.User || $application.user.roles.Account_Administrator) && window.vbInitConfig && window.vbInitConfig.IS_DT_MODE === false ]]"
      },
      "description": "Checks if the current user has an ODCS role and the app is running in RT mode"
    },
    "navigate": {
      "module": "vb/action/builtin/fireCustomEventAction",
      "outcomes": {
        "success": "returnNavigate"
      },
      "parameters": {
        "name": "navigate",
        "payload": "{{ $chain.constants.navigatePayload }}"
      }
    },
    "returnNavigate": {
      "module": "vb/action/builtin/returnAction",
      "parameters": {
        "outcome": "failure",
        "payload": "{ cancelled: true }"
      }
    },
    "returnSuccess": {
      "module": "vb/action/builtin/returnAction",
      "parameters": {
        "outcome": "success",
        "payload": "{ cancelled: false }"
      }
    }
  },
  "constants": {
    "navigatePayload": {
      "type": "object",
      "required": true,
      "input": "fromCaller"
    }
  }
}