{
  "root": "showWaitCursor",
  "description": "",
  "actions": {
    "fetchProducts": {
      "module": "vb/action/builtin/callChainAction",
      "parameters": {
        "id": "application:NavigatorFetchProductItemsAction",
        "params": {
          "items": "{{ $chain.results.splitItemsByType.product }}"
        }
      }
    },
    "runItemFetchesInParallel": {
      "module": "vb/action/builtin/forkAction",
      "parameters": {
        "actions": {
          "fetchProductGroups": "fetchProductGroups",
          "getStaticItems": "getStaticItems",
          "fetchProducts": "fetchProducts",
          "fetchCategories": "fetchCategories"
        }
      },
      "outcomes": {
        "join": "joinItemsByIndex"
      },
      "description": ""
    },
    "return": {
      "module": "vb/action/builtin/returnAction",
      "parameters": {
        "outcome": "success",
        "payload": "[[ $chain.results.joinItemsByIndex ]]"
      }
    },
    "showDefaultCursor": {
      "module": "vb/action/builtin/callModuleFunctionAction",
      "parameters": {
        "module": "[[ $application.functions ]]",
        "functionName": "showDefaultCursor"
      },
      "outcomes": {
        "success": "return"
      }
    },
    "showWaitCursor": {
      "module": "vb/action/builtin/callModuleFunctionAction",
      "parameters": {
        "module": "[[ $application.functions ]]",
        "functionName": "showWaitCursor"
      },
      "outcomes": {
        "success": "forEachItem"
      }
    },
    "splitItemsByType": {
      "module": "vb/action/builtin/callModuleFunctionAction",
      "parameters": {
        "module": "[[ $application.functions ]]",
        "functionName": "splitItemsByType",
        "params": [
          "{{ $chain.variables.items }}",
          "['product','category','product-group']"
        ]
      },
      "outcomes": {
        "success": "runItemFetchesInParallel"
      }
    },
    "getStaticItems": {
      "module": "vb/action/builtin/callModuleFunctionAction",
      "parameters": {
        "module": "[[ $application.functions ]]",
        "functionName": "transformStaticItems",
        "params": [
          "{{ $chain.results.splitItemsByType['other'] }}",
          "{{ $application.translations.app }}"
        ]
      }
    },
    "joinItemsByIndex": {
      "module": "vb/action/builtin/callModuleFunctionAction",
      "parameters": {
        "module": "[[ $application.functions ]]",
        "functionName": "joinItemsByIndex",
        "params": [
          "{{ $chain.results.fetchProducts }}",
          "{{ $chain.results.getStaticItems }}",
          "{{ $chain.results.fetchCategories }}",
          "{{ $chain.results.fetchProductGroups }}"
        ]
      },
      "outcomes": {
        "success": "showDefaultCursor"
      }
    },
    "forEachItem": {
      "module": "vb/action/builtin/forEachAction",
      "parameters": {
        "items": "{{ $chain.variables.items }}",
        "actionId": "assignIndex"
      },
      "outcomes": {
        "success": "splitItemsByType"
      }
    },
    "assignIndex": {
      "module": "vb/action/builtin/assignVariablesAction",
      "parameters": {
        "$chain.variables.items[$current.index].index": {
          "source": "{{ $current.index }}",
          "auto": "always"
        }
      },
      "description": "Assign index to all items"
    },
    "fetchCategories": {
      "module": "vb/action/builtin/callChainAction",
      "parameters": {
        "id": "application:NavigatorFetchCategoryItemsAction",
        "params": {
          "items": "{{ $chain.results.splitItemsByType.category }}"
        }
      }
    },
    "fetchProductGroups": {
      "module": "vb/action/builtin/callChainAction",
      "parameters": {
        "id": "application:NavigatorFetchProductGroupsAction",
        "params": {
          "items": "{{ $chain.results.splitItemsByType['product-group'] }}"
        }
      }
    }
  },
  "variables": {
    "items": {
      "type": "application:navigatorItem[]",
      "required": true,
      "input": "fromCaller"
    }
  },
  "@dt": {
    "autowire": {
      "contextKey": "odcs-navigator",
      "name": "NavigatorFetchItemsAction"
    }
  }
}