{
  "root": "ifUserAuthenticated",
  "description": "Fires a navigation event with the given payload if a user is authenticated. This can be used to navigate authenticated users away from pages that are only intended for unauthenticated users.",
  "variables": {},
  "actions": {
    "ifUserAuthenticated": {
      "module": "vb/action/builtin/ifAction",
      "outcomes": {
        "true": "navigate",
        "false": "returnSuccess"
      },
      "parameters": {
        "condition": "[[ $application.user.isAuthenticated && window.vbInitConfig && window.vbInitConfig.IS_DT_MODE === false ]]"
      },
      "description": "Checks if the current user is authenticated and the app is running in RT mode"
    },
    "navigate": {
      "module": "vb/action/builtin/fireCustomEventAction",
      "outcomes": {
        "success": "returnNavigate"
      },
      "parameters": {
        "name": "navigate",
        "payload": "{{ $chain.constants.navigatePayload }}"
      }
    },
    "returnNavigate": {
      "module": "vb/action/builtin/returnAction",
      "parameters": {
        "outcome": "failure",
        "payload": "{ cancelled: true }"
      }
    },
    "returnSuccess": {
      "module": "vb/action/builtin/returnAction",
      "parameters": {
        "outcome": "success",
        "payload": "{ cancelled: false }"
      }
    }
  },
  "constants": {
    "navigatePayload": {
      "type": "object",
      "required": true,
      "input": "fromCaller"
    }
  }
}