{
  "root": "ifProductItemsExist",
  "description": "",
  "actions": {
    "ifProductItemsExist": {
      "module": "vb/action/builtin/ifAction",
      "outcomes": {
        "true": "getCatalogProductItems"
      },
      "parameters": {
        "condition": "[[ $chain.variables.items && $chain.variables.items.length > 0 ]]"
      }
    },
    "return": {
      "module": "vb/action/builtin/returnAction",
      "parameters": {
        "outcome": "success",
        "payload": "{{ $chain.results.populateProductItems }}"
      }
    },
    "ifMissingItemsExist": {
      "module": "vb/action/builtin/ifAction",
      "outcomes": {
        "true": "fireMissingProductWarning",
        "false": "return"
      },
      "parameters": {
        "condition": "[[ $chain.results.getMissingItems.length > 0 ]]"
      }
    },
    "fireMissingProductWarning": {
      "module": "vb/action/builtin/fireNotificationEventAction",
      "parameters": {
        "summary": "[[ $application.translations.app.visual_navigator_fetch_products_failed ]]",
        "message": "[[ $application.translations.format('app', 'visual_navigator_fetch_products_missing_list', {list: $chain.results.getMissingItems.join()}) ]]",
        "displayMode": "transient",
        "type": "warning"
      },
      "outcomes": {
        "success": "return"
      }
    },
    "fireErrorNotification": {
      "module": "vb/action/builtin/fireNotificationEventAction",
      "parameters": {
        "summary": "[[ $application.translations.app.visual_navigator_fetch_products_failed ]]",
        "type": "error",
        "displayMode": "transient"
      },
      "outcomes": {
        "success": "return"
      }
    },
    "populateProductItems": {
      "module": "vb/action/builtin/callModuleFunctionAction",
      "parameters": {
        "module": "[[ $application.functions ]]",
        "functionName": "transformProductItems",
        "params": [
          "{{ $chain.variables.items }}",
          "{{ $chain.results.getCatalogProductItems.body }}",
          "{{ $application.path }}"
        ]
      },
      "outcomes": {
        "success": "getMissingItems"
      }
    },
    "getCatalogProductItems": {
      "module": "vb/action/builtin/restAction",
      "parameters": {
        "endpoint": "crmRestApi/getall_catalogProductItems",
        "responseType": "application:getallCatalogProductItemsResponse",
        "requestType": "json",
        "requestTransformOptions": "{{ { 'query': $chain.variables.items } }}",
        "requestTransformFunctions": {
          "query": "{{ $application.functions.setProductRequestParameters }}"
        },
        "uriParams": {
          "fields": "Description,ItemNumber,LongDescription,InventoryItemId",
          "q": "{{ 'UsageCode%20=%20%27'+$application.variables.usageCode+'%27' }}"
        }
      },
      "outcomes": {
        "success": "populateProductItems",
        "failure": "fireErrorNotification"
      }
    },
    "getMissingItems": {
      "module": "vb/action/builtin/callModuleFunctionAction",
      "parameters": {
        "module": "[[ $application.functions ]]",
        "functionName": "getMissingItems",
        "params": [
          "{{ $chain.results.populateProductItems }}"
        ]
      },
      "outcomes": {
        "success": "ifMissingItemsExist"
      }
    }
  },
  "variables": {
    "items": {
      "type": "application:navigatorItem[]",
      "required": true,
      "input": "fromCaller"
    }
  },
  "@dt": {
    "autowire": {
      "contextKey": "odcs-navigator",
      "name": "NavigatorFetchProductItemsAction"
    }
  }
}