{
  "root": "ifProductGroupExist",
  "description": "",
  "actions": {
    "return": {
      "module": "vb/action/builtin/returnAction",
      "parameters": {
        "outcome": "success",
        "payload": "{{ $chain.results.populateProductGroups }}"
      }
    },
    "ifMissingItemsExist": {
      "module": "vb/action/builtin/ifAction",
      "outcomes": {
        "true": "fireMissingProductWarning",
        "false": "return"
      },
      "parameters": {
        "condition": "[[ $chain.results.getMissingItems.length > 0 ]]"
      }
    },
    "fireMissingProductWarning": {
      "module": "vb/action/builtin/fireNotificationEventAction",
      "parameters": {
        "summary": "[[ $application.translations.app.visual_navigator_fetch_product_groups_failed ]]",
        "message": "[[ $application.translations.format('app', 'visual_navigator_fetch_product_groups_missing_list', {list: $chain.results.getMissingItems.join()}) ]]",
        "displayMode": "transient",
        "type": "warning"
      },
      "outcomes": {
        "success": "return"
      }
    },
    "fireErrorNotification": {
      "module": "vb/action/builtin/fireNotificationEventAction",
      "parameters": {
        "summary": "[[ $application.translations.app.visual_navigator_fetch_product_groups_failed ]]",
        "type": "error",
        "displayMode": "transient"
      },
      "outcomes": {
        "success": "return"
      }
    },
    "getMissingItems": {
      "module": "vb/action/builtin/callModuleFunctionAction",
      "parameters": {
        "module": "[[ $application.functions ]]",
        "functionName": "getMissingItems",
        "params": [
          "{{ $chain.results.populateProductGroups }}"
        ]
      },
      "outcomes": {
        "success": "ifMissingItemsExist"
      }
    },
    "ifProductGroupExist": {
      "module": "vb/action/builtin/ifAction",
      "outcomes": {
        "true": "getCatalogProductGroups"
      },
      "parameters": {
        "condition": "[[ $chain.variables.items && $chain.variables.items.length > 0]]"
      }
    },
    "getCatalogProductGroups": {
      "module": "vb/action/builtin/restAction",
      "parameters": {
        "endpoint": "crmRestApi/getall_catalogProductGroups",
        "uriParams": {
          "fields": "ProductGroupId,ProductGroupName,ProductGroupDescription,ProductGroupReferenceNumber",
          "q": "{{ 'UsageCode%20=%20%27'+$application.variables.usageCode+'%27' }}"
        },
        "responseType": "application:getall_catalogProductGroups",
        "requestTransformOptions": "{{ { 'query': $chain.variables.items } }}",
        "requestTransformFunctions": {
          "query": "{{ $application.functions.setProductGroupRequestParameters }}"
        }
      },
      "outcomes": {
        "success": "populateProductGroups",
        "failure": "fireErrorNotification"
      }
    },
    "populateProductGroups": {
      "module": "vb/action/builtin/callModuleFunctionAction",
      "parameters": {
        "module": "[[ $application.functions ]]",
        "functionName": "transformProductGroups",
        "params": [
          "{{ $chain.variables.items }}",
          "{{ $chain.results.getCatalogProductGroups.body }}",
          "$application.path"
        ]
      },
      "outcomes": {
        "success": "getMissingItems"
      }
    }
  },
  "variables": {
    "items": {
      "type": "application:navigatorItem[]",
      "required": true,
      "input": "fromCaller"
    }
  },
  "@dt": {
    "autowire": {
      "contextKey": "odcs-navigator",
      "name": "NavigatorFetchProductGroupsAction"
    }
  }
}