{
  "root": "ifCategoryItemsExist",
  "description": "",
  "actions": {
    "return": {
      "module": "vb/action/builtin/returnAction",
      "parameters": {
        "outcome": "success",
        "payload": "{{ $chain.results.populateCategoryItems }}"
      }
    },
    "ifMissingItemsExist": {
      "module": "vb/action/builtin/ifAction",
      "outcomes": {
        "true": "fireMissingCategoryWarning",
        "false": "return"
      },
      "parameters": {
        "condition": "[[ $chain.results.getMissingItems.length > 0 ]]"
      }
    },
    "fireMissingCategoryWarning": {
      "module": "vb/action/builtin/fireNotificationEventAction",
      "parameters": {
        "summary": "[[ $application.translations.app.visual_navigator_fetch_categories_failed ]]",
        "message": "[[ $application.translations.format('app', 'visual_navigator_fetch_categories_missing_list', {list: $chain.results.getMissingItems.join()}) ]]",
        "displayMode": "transient",
        "type": "warning"
      },
      "outcomes": {
        "success": "return"
      }
    },
    "fireErrorNotification": {
      "module": "vb/action/builtin/fireNotificationEventAction",
      "parameters": {
        "summary": "[[ $application.translations.app.visual_navigator_fetch_categories_failed ]]",
        "type": "error",
        "displayMode": "transient"
      },
      "outcomes": {
        "success": "return"
      }
    },
    "getMissingItems": {
      "module": "vb/action/builtin/callModuleFunctionAction",
      "parameters": {
        "module": "[[ $application.functions ]]",
        "functionName": "getMissingItems",
        "params": [
          "{{ $chain.results.populateCategoryItems }}"
        ]
      },
      "outcomes": {
        "success": "ifMissingItemsExist"
      }
    },
    "ifCategoryItemsExist": {
      "module": "vb/action/builtin/ifAction",
      "outcomes": {
        "true": "getCategoryItems"
      },
      "parameters": {
        "condition": "[[ $chain.variables.items && $chain.variables.items.length > 0]]"
      }
    },
    "getCategoryItems": {
      "module": "vb/action/builtin/restAction",
      "parameters": {
        "endpoint": "crmRestApi/getall_categories",
        "uriParams": {
          "fields": "CategoryId,CategoryName"
        },
        "responseType": "application:getall_categories",
        "requestTransformOptions": "{{ { 'query': $chain.variables.items } }}",
        "requestTransformFunctions": {
          "query": "{{ $application.functions.setCategoryRequestParameters }}"
        }
      },
      "outcomes": {
        "success": "populateCategoryItems",
        "failure": "fireErrorNotification"
      }
    },
    "populateCategoryItems": {
      "module": "vb/action/builtin/callModuleFunctionAction",
      "parameters": {
        "module": "[[ $application.functions ]]",
        "functionName": "transformCategoryItems",
        "params": [
          "{{ $chain.variables.items }}",
          "{{ $chain.results.getCategoryItems.body }}",
          "{{ $application.path }}"
        ]
      },
      "outcomes": {
        "success": "getMissingItems"
      }
    }
  },
  "variables": {
    "items": {
      "type": "application:navigatorItem[]",
      "required": true,
      "input": "fromCaller"
    }
  },
  "@dt": {
    "autowire": {
      "contextKey": "odcs-navigator",
      "name": "NavigatorFetchCategoryItemsAction"
    }
  }
}