{
  "root": "navigateToSignInPage",
  "description": "",
  "actions": {
    "navigateToSignInPage": {
      "module": "vb/action/builtin/navigateToPageAction",
      "parameters": {
        "page": "[[ $chain.variables.path ]]",
        "params": "[[ $chain.variables.params ]]",
        "history": "[[ $chain.variables.history ]]"
      }
    }
  },
  "variables": {
    "path": {
      "type": "string",
      "required": true,
      "input": "fromCaller"
    },
    "params": {
      "type": "object",
      "required": true,
      "input": "fromCaller"
    },
    "history": {
      "type": "string",
      "required": true,
      "input": "fromCaller"
    }
  }
}