{
  "root": "navigateToSubSection",
  "description": "Navigates to the subsection id provided as an input to this action",
  "variables": {
    "subSectionIds": {
      "type": "string[]",
      "required": true,
      "input": "fromCaller"
    }
  },
  "actions": {
    "navigateToSubSection": {
      "module": "vb/action/builtin/callModuleFunctionAction",
      "parameters": {
        "module": "[[ $application.functions ]]",
        "functionName": "navigateToSubSection",
        "params": [
          "{{ $chain.variables.subSectionIds }}"
        ]
      }
    }
  },
  "@dt": {
    "autowire": {
      "contextKey": "odcs-sub-section",
      "name": "NavigateToSubSectionAction"
    }
  }
}