{
  "root": "assignContextCategoryResetFlag",
  "description": "Persists the current context category, if any, beyond the next navigation",
  "actions": {
    "assignContextCategoryResetFlag": {
      "module": "vb/action/builtin/assignVariablesAction",
      "parameters": {
        "$application.variables.serviceContext": {
          "source": {
            "category": {
              "resetOnNavigate": false
            }
          },
          "reset": "none",
          "auto": "always",
          "mapping": {
            "$target.category": {
              "source": "$source.category",
              "reset": "none",
              "auto": "always"
            }
          }
        }
      }
    }
  },
  "@dt": {
    "autowire": {
      "contextKey": "odcs-service-context",
      "name": "PersistContextCategory"
    }
  }
}