{
  "root": "assignContextSrResetFlag",
  "description": "Persists the current context service request, if any, beyond the next navigation",
  "actions": {
    "assignContextSrResetFlag": {
      "module": "vb/action/builtin/assignVariablesAction",
      "parameters": {
        "$application.variables.serviceContext": {
          "source": {
            "serviceRequest": {
              "resetOnNavigate": false
            }
          },
          "reset": "none",
          "auto": "always",
          "mapping": {
            "$target.category": {
              "source": "$source.serviceRequest",
              "reset": "none",
              "auto": "always"
            }
          }
        }
      }
    }
  },
  "@dt": {
    "autowire": {
      "contextKey": "odcs-service-context",
      "name": "PersistContextServiceRequest"
    }
  }
}