{
  "root": "assignContextProductResetFlag",
  "description": "Persists the current context product, if any, beyond the next navigation",
  "actions": {
    "assignContextProductResetFlag": {
      "module": "vb/action/builtin/assignVariablesAction",
      "parameters": {
        "$application.variables.serviceContext": {
          "source": {
            "product": {
              "resetOnNavigate": false
            }
          },
          "reset": "none",
          "auto": "always",
          "mapping": {
            "$target.product": {
              "source": "$source.product",
              "reset": "none",
              "auto": "always"
            }
          }
        }
      }
    }
  },
  "@dt": {
    "autowire": {
      "contextKey": "odcs-service-context",
      "name": "PersistContextProduct"
    }
  }
}