{
  "root": "clearId",
  "description": "Sets the application level variable that stores the context product",
  "variables": {
    "id": {
      "type": "string",
      "required": true,
      "input": "fromCaller"
    },
    "orgId": {
      "type": "string",
      "required": false,
      "input": "fromCaller"
    },
    "type": {
      "type": "string",
      "required": false,
      "input": "fromCaller"
    }
  },
  "actions": {
    "assignType": {
      "module": "vb/action/builtin/assignVariablesAction",
      "label": "Set type",
      "parameters": {
        "$application.variables.serviceContext": {
          "source": {
            "product": {
              "type": "{{ $chain.variables.type }}"
            }
          },
          "reset": "none",
          "auto": "always",
          "mapping": {
            "$target.product": {
              "source": "$source.product",
              "reset": "none",
              "auto": "always"
            }
          }
        }
      },
      "outcomes": {
        "success": "assignOrgId"
      }
    },
    "assignOrgId": {
      "module": "vb/action/builtin/assignVariablesAction",
      "label": "Set organization ID",
      "parameters": {
        "$application.variables.serviceContext": {
          "source": {
            "product": {
              "orgId": "{{ $chain.variables.orgId }}"
            }
          },
          "reset": "none",
          "auto": "always",
          "mapping": {
            "$target.product": {
              "source": "$source.product",
              "reset": "none",
              "auto": "always"
            }
          }
        }
      },
      "outcomes": {
        "success": "assignId"
      }
    },
    "assignId": {
      "module": "vb/action/builtin/assignVariablesAction",
      "label": "Set ID",
      "parameters": {
        "$application.variables.serviceContext": {
          "source": {
            "product": {
              "id": "{{ $chain.variables.id }}"
            }
          },
          "reset": "none",
          "auto": "always",
          "mapping": {
            "$target.product": {
              "source": "$source.product",
              "reset": "none",
              "auto": "always"
            }
          }
        }
      }
    },
    "clearId": {
      "module": "vb/action/builtin/resetVariablesAction",
      "outcomes": {
        "success": "assignType"
      },
      "label": "Clear id",
      "parameters": {
        "variables": [
          "$application.variables.serviceContext.product.id"
        ]
      }
    }
  },
  "@dt": {
    "autowire": {
      "contextKey": "odcs-service-context",
      "name": "SetContextProductAction"
    }
  }
}