{
  "root": "assignSrNumber",
  "description": "Sets the application level variable that stores the context service request",
  "variables": {
    "srNumber": {
      "type": "string",
      "required": true,
      "input": "fromCaller"
    }
  },
  "actions": {
    "assignSrNumber": {
      "module": "vb/action/builtin/assignVariablesAction",
      "label": "Set SR Number",
      "parameters": {
        "$application.variables.serviceContext": {
          "source": {
            "serviceRequest": {
              "number": "{{ $chain.variables.srNumber }}"
            }
          },
          "reset": "none",
          "auto": "always",
          "mapping": {
            "$target.serviceRequest": {
              "source": "$source.serviceRequest",
              "reset": "none",
              "auto": "always"
            }
          }
        }
      }
    }
  },
  "@dt": {
    "autowire": {
      "contextKey": "odcs-service-context",
      "name": "SetContextServiceRequestAction"
    }
  }
}