{
  "root": "assignCategoryId",
  "description": "Sets the application level variable that stores the context category",
  "variables": {
    "id": {
      "type": "string",
      "required": true,
      "input": "fromCaller"
    }
  },
  "actions": {
    "assignCategoryId": {
      "module": "vb/action/builtin/assignVariablesAction",
      "parameters": {
        "$application.variables.serviceContext": {
          "source": {
            "category": {
              "id": "{{ $chain.variables.id }}"
            }
          },
          "reset": "none",
          "auto": "always",
          "mapping": {
            "$target.category": {
              "source": "$source.category",
              "reset": "none",
              "auto": "always"
            }
          }
        }
      },
      "label": "Set id"
    }
  },
  "@dt": {
    "autowire": {
      "contextKey": "odcs-service-context",
      "name": "SetContextCategoryAction"
    }
  }
}