{
  "root": "ifKMauthtokenSet",
  "description": "",
  "variables": {},
  "actions": {
    "ifKMauthtokenSet": {
      "module": "vb/action/builtin/ifAction",
      "parameters": {
        "condition": "{{ $application.variables.kmLocale == \"\" }}"
      },
      "outcomes": {
        "true": "getLocalesFromServer",
        "false": "returnSuccess"
      }
    },
    "getLocalesFromServer": {
      "module": "vb/action/builtin/restAction",
      "parameters": {
        "endpoint": "knowledge-service/getLocales",
        "requestType": "json",
        "responseType": "object"
      },
      "outcomes": {
        "success": "getKMLanguage"
      }
    },
    "getKMLanguage": {
      "module": "vb/action/builtin/callModuleFunctionAction",
      "parameters": {
        "module": "{{$application.functions}}",
        "functionName": "getKMLanguage",
        "params": [
          "{{ $chain.results.getLocalesFromServer }}",
          "{{ $application.variables.kmConfig.kmLanguageDefaults }}"
        ]
      },
      "outcomes": {
        "success": "assignResult"
      }
    },
    "assignResult": {
      "module": "vb/action/builtin/assignVariablesAction",
      "parameters": {
        "$application.variables.kmLocale": {
          "source": "{{ $chain.results.getKMLanguage }}"
        }
      }
    },
    "returnSuccess": {
      "module": "vb/action/builtin/returnAction",
      "parameters": {
        "outcome": "success"
      }
    }
  },
  "@dt": {
    "autowire": {
      "contextKey": "odcs-knowledge",
      "name": "SetKMLocaleAction"
    }
  }
}