{
  "root": "callIsJsonResponse",
  "description": "This action allows consistent handling of cases where the service is not available. Such as during a period of server maintenance where successful HTTP responses are being returned with splash screens stating the server is under going maintenance, yet the expected json responses are not present. \nIt checks the passed in rest payload to see if it is json and returns true if it is otherwise a notification is raised and false returned.",
  "actions": {
    "fireNotificationServiceUnavailable": {
      "module": "vb/action/builtin/fireNotificationEventAction",
      "parameters": {
        "target": "leaf",
        "summary": "[[ $application.translations.app.common_serviceUnavailable ]]"
      },
      "outcomes": {
        "success": "returnFalse"
      }
    },
    "returnFalse": {
      "module": "vb/action/builtin/returnAction",
      "parameters": {
        "outcome": "failure",
        "payload": false
      },
      "description": "The payload is invalid, return false."
    },
    "returnTrue": {
      "module": "vb/action/builtin/returnAction",
      "parameters": {
        "outcome": "success",
        "payload": true
      },
      "description": "The payload is valid, return true."
    },
    "ifIsJsonResponse": {
      "module": "vb/action/builtin/ifAction",
      "outcomes": {
        "false": "fireNotificationServiceUnavailable",
        "true": "returnTrue"
      },
      "parameters": {
        "condition": "[[ $chain.results.callIsJsonResponse ]]"
      }
    },
    "callIsJsonResponse": {
      "module": "vb/action/builtin/callModuleFunctionAction",
      "parameters": {
        "module": "[[ $application.functions ]]",
        "functionName": "isJsonResponse",
        "params": [
          "{{ $chain.variables.restPayload }}"
        ]
      },
      "outcomes": {
        "success": "ifIsJsonResponse"
      }
    }
  },
  "returnType": "boolean",
  "variables": {
    "restPayload": {
      "type": "object",
      "required": true,
      "input": "fromCaller"
    }
  },
  "@dt": {
    "autowire": {
      "contextKey": "odcs-validate-is-json-response-action",
      "name": "ValidateIsJsonResponseAction"
    }
  }
}