{

  "title": "[[ $application.translations.app.productGroupDetails_pageTitle ]]",
  "description": "A page displaying the SRs for a single product group",
  "variables": {
    "productGroup": {
      "type": "productGroup"
    },
    "productGroupId": {
      "type": "number",
      "input": "fromUrl",
      "required": true
    },
    "productGroupDetailSelectedTab": {
      "type": "string",
      "defaultValue": "odcs-product-group-detail-tab-sr-list",
      "persisted": "session"
    },
    "productGroupLoaded": {
      "type": "boolean",
      "defaultValue": false
    },
    "productGroupName": {
      "type": "string"
    },
    "productGroupSrListFilterValue": {
      "type": "string",
      "defaultValue": "{{ $page.variables.productGroupSrListSearchValue }}"
    },
    "productGroupSrListSearchRawValue": {
      "type": "string",
      "persisted": "none"
    },
    "productGroupSrListSearchValue": {
      "type": "string",
      "persisted": "history",
      "defaultValue": ""
    },
    "productGroupSrListServiceDataProvider": {
      "type": "vb/ServiceDataProvider",
      "input": "none",
      "required": false,
      "defaultValue": {
        "endpoint": "crmRestApi/getall_serviceRequests",
        "responseType": "page:srListGetAllServiceRequestsResponse",
        "itemsPath": "items",
        "uriParameters": {
          "fields": "SrNumber,Title,ProblemDescription,CriticalFlag,StatusCd,SeverityCd,BUOrgId,BusinessUnitName,ReportedByPartyName,AccountPartyName,LastUpdateDate,LastUpdatedByDisplayName,ProductItemDescription,ProdGroupName,CategoryName,SourceCd;SrStatusCdLookup:Meaning,LookupCode;SeverityCdLookup:Meaning,LookupCode;SourceCdLookup:Meaning,LookupCode",
          "onlyData": "true"
        },
        "sortCriteria": "[[ $page.variables.productGroupSrListSortCriteriaArray ]]",
        "idAttribute": "SrNumber",
        "filterCriterion": {
          "op": "$and",
          "criteria": [
            {
              "op": "$co",
              "attribute": "filter",
              "value": "{{ $page.variables.productGroupSrListFilterValue }}"
            },
            {
              "attribute": "StatusTypeCd",
              "op": "$ne",
              "value": "ORA_SVC_CLOSED"
            },
            {
              "op": "$eq",
              "attribute": "BUOrgId",
              "value": "{{ $application.variables.businessUnitId }}"
            },
            {
              "attribute": "StatusTypeCd",
              "op": "$ne",
              "value": "ORA_SVC_RESOLVED"
            },
            {
              "op": "$eq",
              "attribute": "ProdGroupName",
              "value": "{{ $page.variables.productGroupName }}"
            }
          ]
        },
        "transforms": {
          "request": {
            "filter": "[[ $application.functions.filterServiceRequests ]]"
          }
        }
      }
    },
    "productGroupSrListSortByOptions": {
      "type": "object[]",
      "defaultValue": [
        {
          "value": "SrNumber:descending",
          "label": "[[ $application.translations.format('app', 'common_sortByFieldDescending', { field: $application.translations.app.serviceRequest_number }) ]]"
        },
        {
          "value": "SrNumber:ascending",
          "label": "[[ $application.translations.format('app', 'common_sortByFieldAscending', { field: $application.translations.app.serviceRequest_number }) ]]"
        },
        {
          "value": "LastUpdateDate:descending",
          "label": "[[ $application.translations.format('app', 'common_sortByFieldDescending', { field: $application.translations.app.common_lastUpdateDate }) ]]"
        },
        {
          "value": "LastUpdateDate:ascending",
          "label": "[[ $application.translations.format('app', 'common_sortByFieldAscending', { field: $application.translations.app.common_lastUpdateDate }) ]]"
        },
        {
          "value": "Title:descending",
          "label": "[[ $application.translations.format('app', 'common_sortByFieldDescending', { field: $application.translations.app.serviceRequest_title }) ]]"
        },
        {
          "value": "Title:ascending",
          "label": "[[ $application.translations.format('app', 'common_sortByFieldAscending', { field: $application.translations.app.serviceRequest_title }) ]]"
        },
        {
          "value": "ProductItemDescription:descending",
          "label": "[[ $application.translations.format('app', 'common_sortByFieldDescending', { field: $application.translations.app.serviceRequest_product }) ]]"
        },
        {
          "value": "ProductItemDescription:ascending",
          "label": "[[ $application.translations.format('app', 'common_sortByFieldAscending', { field: $application.translations.app.serviceRequest_product }) ]]"
        },
        {
          "value": "StatusCd:descending",
          "label": "[[ $application.translations.format('app', 'common_sortByFieldDescending', { field: $application.translations.app.serviceRequest_status }) ]]"
        },
        {
          "value": "StatusCd:ascending",
          "label": "[[ $application.translations.format('app', 'common_sortByFieldAscending', { field: $application.translations.app.serviceRequest_status }) ]]"
        }
      ]
    },
    "productGroupSrListSortCriteria": {
      "type": "string",
      "defaultValue": "LastUpdateDate:descending",
      "persisted": "history"
    },
    "productGroupSrListSortCriteriaArray": {
      "type": "object[]",
      "defaultValue": [
        {
          "attribute": "LastUpdateDate",
          "direction": "descending"
        }
      ],
      "persisted": "history"
    },
    "productGroupSrListSortByOptionsArrayDataProvider": {
      "type": "vb/ArrayDataProvider2",
      "defaultValue": {
        "data": "{{ $page.variables.productGroupSrListSortByOptions }}",
        "itemType": "object",
        "keyAttributes": "value"
      }
    }
  },
  "metadata": {},
  "types": {
    "srListGetAllServiceRequestsResponse": {
      "items": [{
        "AccountPartyName": "string",
        "BusinessUnitName": "string",
        "CategoryName": "string",
        "CriticalFlag": "boolean",
        "LastUpdatedByDisplayName": "string",
        "ProblemDescription": "string",
        "ProdGroupName": "string",
        "ProductItemDescription": "string",
        "ReportedByPartyName": "string",
        "SeverityCd": "string",
        "SeverityCdLookup": {
          "items": [{
            "LookupCode": "string",
            "Meaning": "string"
          }]
        },
        "SourceCd": "string",
        "SourceCdLookup": {
          "items": [{
            "LookupCode": "string",
            "Meaning": "string"
          }]
        },
        "SrCreatedBy": "string",
        "LastUpdateDate": "string",
        "SrNumber": "string",
        "SrStatusCdLookup": {
          "items": [{
            "LookupCode": "string",
            "Meaning": "string"
          }]
        },
        "StatusCd": "string",
        "Title": "string"
      }]
    },
    "@decorators.srListGetAllServiceRequestsResponse": {
      "endpoint": "getall_serviceRequests",
      "service": "crmRestApi",
      "path": "response"
    },
    "@decorators.getall_catalogProductGroups": {
      "endpoint": "getall_catalogProductGroups",
      "service": "crmRestApi",
      "path": "response"
    },
    "getall_catalogProductGroups": {
      "items": [
        {
          "ProductGroupDenormId": "number",
          "ProductGroupDescription": "string",
          "ProductGroupId": "number",
          "ProductGroupName": "string",
          "ProductGroupReferenceNumber": "string"
        }
      ]
    },
    "productGroup": {
      "ProductGroupId": "number",
      "ProductGroupName": "string",
      "ProductGroupDenormId": "number",
      "ProductGroupDescription": "string",
      "ProductGroupReferenceNumber": "string"
    }
  },
  "chains": {
  },
  "eventListeners": {
    "vbEnter": {
      "chains": [{
        "chainId": "ProductGroupLoadAction",
        "parameters": {}
      }]
    },
    "srListRowClicked": {
      "chains": [{
        "chainId": "SRListNavigateToServiceRequestDetailClickAction",
        "parameters": {
          "detail": "{{ $event.detail.value.key }}"
        }
      }]
    },
    "srListSortValueChanged": {
      "chains": [{
        "chainId": "SRListSortOrderUpdateAction",
        "parameters": {}
      }]
    },
    "srListClearSearchClicked": {
      "chains": [{
        "chainId": "SRListClearSearchAction",
        "parameters": {}
      }]
    },
    "srListSearchEvent": {
      "chains": [{
        "chainId": "SRListSearchAction",
        "parameters": {
          "filterText": "{{$page.variables.productGroupSrListFilterValue}}"
        }
      }]
    },
    "srCreateServiceRequestClicked": {
      "chains": [{
        "chainId": "SRNavigateToServiceRequestCreateAction"
      }]
    },
    "nullAction": {
      "preventDefault": "true",
      "chains": [{
        "chainId": "application:NullAction"
      }]
    }
  },
  "imports": {
    "components": {
      "oj-label": {
        "path": "ojs/ojlabel"
      },
      "oj-button": {
        "path": "ojs/ojbutton"
      },
      "oj-tab-bar": {
        "path": "ojs/ojnavigationlist"
      },
      "oj-list-view": {
        "path": "ojs/ojlistview"
      },
      "oj-switcher": {
        "path": "ojs/ojswitcher"
      },
      "oj-select-single": {
        "path": "ojs/ojselectsingle"
      },
      "oj-combobox-one": {
        "path": "ojs/ojselectcombobox"
      }
    }
  }
}