{

  "id": "service-request-create",
  "description": "Flow main",
  "defaultPage": "service-request-create-start",
  "chains": {
  },
  "security": {
    "access": {
      "requiresAuthentication": true,
      "roles": ["User"]
    }
  },
  "services": {},
  "types": {
    "genericServiceErrorResponseType": {
      "body": "any",
      "status": "number"
    },
    "@decorators.createServiceRequest": {
      "endpoint": "create_serviceRequests",
      "service": "crmRestApi",
      "path": "response"
    },
    "createServiceRequest": {
      "AccountPartyId": "number",
      "CategoryId": "number",
      "CategoryName": "string",
      "IBAssetId": "number",
      "InventoryItemId": "number",
      "InventoryOrgId": "number",
      "ProblemDescription": "string",
      "ProdGroupId": "number",
      "ProdGroupName": "string",
      "ProductItemDescription": "string",
      "StripeCd": "string",
      "Title": "string"
    }
  },
  "variables": {
    "serviceRequest": {
      "type": "createServiceRequest",
      "defaultValue": {
        "AccountPartyId": "[[ $application.variables.accounts.length > 0 ? $application.variables.accounts[0].partyId : undefined ]]",
        "StripeCd": "[[ $application.variables.stripeCode ]]"
      }
    },
    "serviceRequestCreateInProgress": {
      "type": "boolean",
      "defaultValue": false
    },
    "srDetailsValidGroup": {
      "type": "string"
    },
    "isEntryPointSRCreateFlow": {
      "type": "boolean",
      "defaultValue": false
    },
    "isProactiveKnowledgeOn": {
      "type": "boolean",
      "defaultValue": true
    },
    "disableProactiveKnowledgeSearchCount": {
      "type": "number",
      "defaultValue": 1
    },
    "disableProactiveKnowledgeViewCount": {
      "type": "number",
      "defaultValue": 2
    },
    "serviceRequestSeedAttributes": {
      "type": "object",
      "input": "fromCaller"
    },
    "srCreatedReturnToCallingFlow": {
      "type": "boolean",
      "defaultValue": false
    },
    "srDetailsCategorySelectorValidationGroup": {
      "type": "string"
    },
    "srDetailsProductSelectorValidationGroup": {
      "type": "string"
    }
  },
  "eventListeners": {
    "vbEnter": {
      "chains": [{
          "chainId": "flow:SRCreateSetIsEntryPointSRCreateFlow",
          "parameters": {}
        },
        {
          "chainId": "flow:SRCreateAssignSeedAttributesToServiceRequestAction",
          "parameters": {}
        },
        {
          "chainId": "application:IsUserInitializedAction",
          "parameters": {}
        }
      ]
    }
  }
}