{

  "title": "[[ $application.translations.app.createServiceRequest_pageTitle ]]",
  "description": "Page that allows a user to create a new Service Request",
  "variables": {},
  "types": {},
  "chains": {
  },
  "eventListeners": {
    "srCreateCancelClicked": {
      "chains": [{
        "chainId": "SRCreateNavigateBackAction",
        "parameters": {
          "detail": "{{ $event.detail }}"
        }
      }]
    },
    "srCreateSubmitClicked": {
      "chains": [{
        "chainId": "SRCreateValidateAndSubmitAction",
        "parameters": {
        }
      }]
    },
    "srCreateProductSelectorSelected": {
      "chains": [{
        "chainId": "SRCreateProductSelectorSelectedAction",
        "parameters": {
          "detail": "{{ $event.detail }}"
        }
      }]
    },
    "srCreateCategorySelectorSelected": {
      "chains": [{
        "chainId": "SRCreateCategorySelectorSelectedAction",
        "parameters": {
          "detail": "{{ $event.detail }}"
        }
      }]
    },
    "srCreateProactiveKnowledgeClicked": {
      "chains": [{
        "chainId": "SRCreateShowAnswersAction"
      }]
    },
    "vbEnter": {
      "chains": [
        {
          "chainId": "SRNavigateBackOnSRCreationEntry",
          "parameters": {}
        }
      ]
    }
  },
  "imports": {
    "components": {
      "oj-form-layout": {
        "path": "ojs/ojformlayout"
      },
      "oj-input-text": {
        "path": "ojs/ojinputtext"
      },
      "oj-label": {
        "path": "ojs/ojlabel"
      },
      "oj-text-area": {
        "path": "ojs/ojinputtext"
      },
      "oj-button": {
        "path": "ojs/ojbutton"
      },
      "oj-odcs-category-selector": {
        "path": "oj-odcs/category-selector/loader"
      },
      "oj-odcs-product-selector": {
        "path": "oj-odcs/product-selector/loader"
      },
      "oj-select-single": {
        "path": "ojs/ojselectsingle"
      },
      "oj-option": {
        "path": "ojs/ojoption"
      },
      "oj-validation-group": {
        "path": "ojs/ojvalidationgroup"
      }
    }
  }
}