{

  "title": "[[ $application.translations.app.createServiceRequestAnswers_pageTitle ]]",
  "description": "Page that is used to attempt to defer Service Request creation by displaying KM articles that correspond to the user's Service Request data",
  "variables": {
    "answerList": {
      "type": "vb/ServiceDataProvider",
      "persisted": "none",
      "defaultValue": {
        "fetchChainId": "KMSearchFetchAnswerListAction",
        "itemsPath": "results",
        "keyAttributes": "answerId"
      },
      "@dt": {
        "autowire": {
          "contextKey": "odcs-knowledge-search",
          "name": "answerList"
        }
      }
    },
    "queryParams": {
      "type": "page:queryParams",
      "onValueChanged": {
        "chains": [{
          "chainId": "KMSearchFireDataProviderRefreshEventAction",
          "parameters": {
            "payload": {
              "target": "answerList"
            }
          }
        }]
      },
      "persisted": "history",
      "@dt": {
        "autowire": {
          "contextKey": "odcs-knowledge-search",
          "name": "queryParams"
        }
      }
    },
    "showSearchResults": {
      "type": "boolean",
      "defaultValue": false,
      "@dt": {
        "autowire": {
          "contextKey": "odcs-knowledge-search",
          "name": "showSearchResults"
        }
      }
    },
    "kmArticleCountData": {
      "type": "object",
      "defaultValue": {
        "question": "",
        "articleCount": 0
      },
      "onValueChanged": {
        "chains": [{
          "chainId": "KMArticleCountReactionAction"
        }]
      },
      "persisted": "history",
      "@dt": {
        "autowire": {
          "contextKey": "odcs-knowledge-search",
          "name": "kmArticleCountData"
        }
      }
    },
    "kmListViewTranslations": {
      "type": "object",
      "defaultValue": {
        "msgNoData": ""
      },
      "@dt": {
        "autowire": {
          "contextKey": "odcs-knowledge-search",
          "name": "kmListViewTranslations"
        }
      }
    },
    "kmListViewScrollPosition": {
      "persisted": "session",
      "type": {
        "x": "number",
        "y": "number",
        "index": "number",
        "parent": "any",
        "key": "any",
        "offsetX": "number",
        "offsetY": "number"
      },
      "defaultValue": {
        "x": 0,
        "y": 0,
        "index": 0,
        "key": null,
        "offsetX": 0,
        "offsetY": 0
      },
      "@dt": {
        "autowire": {
          "contextKey": "odcs-knowledge-search",
          "name": "kmListViewScrollPosition"
        }
      }
    },
    "productId": {
      "type": "string",
      "input": "fromUrl",
      "defaultValue": "",
      "@dt": {
        "autowire": {
          "contextKey": "odcs-knowledge-search",
          "name": "productId"
        }
      }
    },
    "categoryId": {
      "type": "string",
      "input": "fromUrl",
      "defaultValue": "",
      "@dt": {
        "autowire": {
          "contextKey": "odcs-knowledge-search",
          "name": "categoryId"
        }
      }
    },
    "question": {
      "type": "string",
      "input": "fromUrl",
      "defaultValue": "",
      "@dt": {
        "autowire": {
          "contextKey": "odcs-knowledge-search",
          "name": "question"
        }
      }
    },
    "answerResultCache": {
      "type": "object",
      "defaultValue": {
        "queryParams": {
          "question": "",
          "categoryId": "",
          "productId": ""
        },
        "data": {}
      },
      "persisted": "history",
      "@dt": {
        "autowire": {
          "contextKey": "odcs-knowledge-search",
          "name": "answerResultCache"
        }
      }
    },
    "kmCurrentContent": {
      "type": "page:kmContent",
      "required": true,
      "persisted": "none"
    },
    "kmContentId": {
      "type": "string",
      "required": false,
      "input": "none",
      "persisted": "history",
      "onValueChanged": {
        "chains": [{
          "chainId": "KMArticleLoadContent",
          "parameters": {}
        }]
      }
    },
    "kmShowArticle": {
      "type": "boolean",
      "defaultValue": false
    },
    "kmFileAttachments": {
      "type": "object[]"
    },
    "kmFileAttachmentsDataSource": {
      "type": "vb/ArrayDataProvider",
      "defaultValue": {
        "data": "{{ $page.variables.kmFileAttachments }}",
        "itemType": "kmFileAttachmentType",
        "idAttribute": "id"
      }
    },
    "kmShowFileAttachments": {
      "type": "boolean",
      "defaultValue": false
    },
    "kmRecordId": {
      "type": "string"
    },
    "kmRatingResults": {
      "type": "object",
      "defaultValue": {}
    },
    "kmTransientRatingValue": {
      "type": "number",
      "defaultValue": 0
    },
    "kmThresholdValues": {
      "type": [{
        "max": "number",
        "shortDesc": "string"
      }],
      "defaultValue": [{
          "max": 1,
          "shortDesc": "[[ $application.translations.format('app', 'odcs_knowledge_article_rating_threshold', {rating: 1}) ]]"
        },
        {
          "max": 2,
          "shortDesc": "[[ $application.translations.format('app', 'odcs_knowledge_article_rating_threshold', {rating: 2}) ]]"
        },
        {
          "max": 3,
          "shortDesc": "[[ $application.translations.format('app', 'odcs_knowledge_article_rating_threshold', {rating: 3}) ]]"
        },
        {
          "max": 4,
          "shortDesc": "[[ $application.translations.format('app', 'odcs_knowledge_article_rating_threshold', {rating: 4}) ]]"
        },
        {
          "max": 5,
          "shortDesc": "[[ $application.translations.format('app', 'odcs_knowledge_article_rating_threshold', {rating: 5}) ]]"
        }
      ]
    },
    "kmRatingApplied": {
      "type": "boolean",
      "defaultValue": false
    },
    "kmArticlesPageSize": {
      "type": "number",
      "defaultValue": 5
    },
    "kmListViewKeySets": {
      "type": "object",
      "persisted": "none"
    }
  },
  "types": {
    "queryParams": {
      "question": "string",
      "categoryId": "string",
      "productId": "string",
      "pageSize": "number"
    },
    "@decorators.queryParams": {
      "autowire": {
        "contextKey": "odcs-knowledge-search",
        "name": "queryParams"
      }
    },
    "kmContent": {
      "contentBody": "any",
      "documentId": "string",
      "title": "string",
      "publishDate": "string"
    },
    "kmFileAttachmentType": {
      "title": "string",
      "description": "string",
      "size": "string",
      "url": "string",
      "id": "number",
      "filename": "string",
      "type": "string"
    }
  },
  "chains": {
  },
  "eventListeners": {
    "kmArticleSelectedChanged": {
      "chains": [{
        "chainId": "KMSearchNavigateToArticleAction",
        "parameters": {
          "contentId": "{{ $event.detail.value.values().size > 0 ? $event.detail.value.values().entries().next().value[0] : undefined }}",
          "eventDetail": "{{ $event.detail }}"
        }
      }]
    },
    "vbEnter": {
      "chains": [{
        "chainId": "KMSearchStartNewSearchAction",
        "parameters": {
          "question": "{{ $flow.variables.serviceRequest.Title }}"
        }
      }]
    },
    "srCreateNullAction": {
      "preventDefault": "true",
      "chains": [{
        "chainId": "application:NullAction"
      }]
    },
    "kmArticleApplyRatingGaugeValueChanged": {
      "chains": [{
        "chainId": "KMArticleApplyRating",
        "parameters": {
          "value": "{{ $event.detail.value }}"
        }
      }]
    },
    "kmArticleHelpfulYesClicked": {
      "chains": [{
        "chainId": "KMArticleApplyRating",
        "parameters": {
          "value": "2"
        }
      }]
    },
    "kmArticleHelpfulNoClicked": {
      "chains": [{
        "chainId": "KMArticleApplyRating",
        "parameters": {
          "value": "1"
        }
      }]
    },
    "srCreateCancelClicked": {
      "chains": [{
        "chainId": "SRCreateCancelActionChain",
        "parameters": {
          "detail": "{{ $event.detail }}"
        }
      }]
    },
    "srCreateSubmitClicked": {
      "chains": [{
        "chainId": "flow:SRCreateSubmitServiceRequestAction",
        "parameters": {
            "detail": "{{ $flow.variables.serviceRequest }}"
        }
      }]
    },
    "kmArticleDrawClose": {
      "chains": [{
        "chainId": "SRCreateCloseArticleDrawAction",
        "parameters": {
          "detail": "{{ $flow.variables.serviceRequest }}"
        }
      }]
    },
    "feedbackSectionLinkClicked": {
      "chains": [{
        "chainId": "application:NavigateToSubSectionAction",
        "parameters": {
          "subSectionIds": [ "odcs-sr-create-answers-article-feedback-section" ]
        }
      }]
    }
  },
  "imports": {
    "components": {
      "oj-list-view": {
        "path": "ojs/ojlistview"
      },
      "oj-button": {
        "path": "ojs/ojbutton"
      },
      "oj-rating-gauge": {
        "path": "ojs/ojgauge"
      },
      "oj-label": {
        "path": "ojs/ojlabel"
      },
      "oj-opa-interview": {
        "path": "oj-opa-interview/loader"
      },
      "oj-bind-dom": {
        "path": "ojs/ojbinddom"
      }
    }
  }
}