{

  "title": "[[ $application.translations.app.myProfile_pageTitle ]]",
  "description": "The main page of the My Profile flow",
  "variables": {
    "myProfileContactRecord": {
      "type": "get_contacts"
    },
    "myProfileRoles": {
      "type": "string[]"
    },
    "myProfileEditDetails": {
      "type": "boolean",
      "defaultValue": false
    },
    "myProfileLoaded": {
      "type": "boolean",
      "defaultValue": false
    },
    "myProfileCountryList": {
      "type": "getall_countriesLOV"
    },
    "myProfileOriginalContactRecord": {
      "type": "get_contacts"
    },
    "myProfileWorkInProgress": {
      "type": "boolean",
      "defaultValue": false
    },
    "myProfilePersonalInfoValidator": {
      "type": "boolean"
    },
    "myProfileContactInfoValidator": {
      "type": "boolean"
    },
    "myProfileEnableChangePassword": {
      "type": "boolean"
    },
    "myProfileCreateAddress": {
      "type": "boolean",
      "defaultValue": false
    },
    "myProfileAccount": {
      "type": "string"
    },
    "myProfileAccountsAndRolesArrayDataProvider": {
      "type": "vb/ArrayDataProvider2",
      "defaultValue": {
        "data": "{{ $application.variables.accountsAndRoles }}",
        "itemType": "object",
        "keyAttributes": "Account"
      }
    },
    "myProfileValidatedComponents": {
      "type": "string[]",
      "defaultValue": ["odcs-my-profile-first-name-input","odcs-my-profile-last-name-input"],
      "description": "List of component IDs that have validators. A reset() method is invoked on these components to ensure the UI display value and value property are in sync when the cancel button is clicked."
    },
    "myProfileCountryListArrayDataProvider": {
      "type": "vb/ArrayDataProvider2",
      "defaultValue": {
        "data": "{{ $page.variables.myProfileCountryList }}",
        "itemType": "getall_countriesLOV",
        "keyAttributes": "TerritoryCode",
        "textFilterAttributes": [
          "TerritoryShortName"
        ]
      }
    },
    "myProfileAddressStyleFormatLayout": {
      "type": "object[]",
      "onValueChanged": {
        "chains": [
          {
            "chainId": "MyProfileRefreshContactFormAction",
            "parameters": {
              "event": "{{ $event }}"
            }
          }
        ]
      }
    }
  },
  "types": {
    "@decorators.get_contacts": {
      "endpoint": "get_contacts",
      "service": "crmRestApi",
      "path": "response"
    },
    "get_contacts": {
      "AccountPartyId": "number",
      "AccountPartyNumber": "string",
      "EmailAddress": "string",
      "FirstName": "string",
      "LastName": "string",
      "PartyId": "number",
      "PartyNumber": "string",
      "PrimaryAddress": {
        "AddressId": "number",
        "City": "string",
        "State": "string",
        "Country": "string",
        "PostalCode": "string",
        "AddressNumber": "string",
        "Address1": "string",
        "Address2": "string",
        "Address3": "string",
        "Address4": "string"
      },
      "PrimaryAddressId": "number",
      "WorkPhoneNumber": "string"
    },
    "getall_countriesLOV": [{
      "TerritoryCode": "string",
      "TerritoryShortName": "string"
    }],
    "@decorators.getall_countriesLOV": {
      "endpoint": "getall_fndTerritories",
      "service": "crmRestApi",
      "path": "response"
    }
  },
  "chains": {
  },
  "eventListeners": {
    "vbEnter": {
      "chains": [{
          "chainId": "MyProfileGetContactDetailsAction",
          "parameters": {}
        },
        {
          "chainId": "MyProfileEnableChangePasswordAction",
          "parameters": {}
        }
      ]
    },
    "myProfileSaveDetailsClicked": {
      "chains": [{
        "chainId": "MyProfileUpdateContactAction",
        "parameters": {}
      }]
    },
    "myProfileEditButtonClicked": {
      "chains": [{
        "chainId": "MyProfileSetEditVariableAction",
        "parameters": {}
      }]
    },
    "myProfileCancelButtonClicked": {
      "chains": [{
        "chainId": "MyProfileCancelClickedAction",
        "parameters": {}
      }]
    },
    "myProfileAccountSelectionChange": {
      "chains": [{
        "chainId": "MyProfileSplitAndAssignRolesAction",
        "parameters": {
          "value": "{{ $event.detail.value }}"
        }
      }]
    },
    "myProfileChangePasswordClicked": {
      "chains": [{
        "chainId": "MyProfileChangePasswordAction",
        "parameters": {
          "detail": "{{ $event.detail }}"
        }
      }]
    },
    "myProfileAddAddressClick": {
      "chains": [{
        "chainId": "MyProfileSetCreateAddressAction",
        "parameters": {}
      }]
    },
    "odcsMyProfileAddressCountryValue": {
      "chains": [
        {
          "chainId": "MyProfileCountrySelectedAction",
          "parameters": {
            "value": "{{ $event.detail.value }}"
          }
        }
      ]
    }
  },
  "imports": {
    "components": {
      "oj-form-layout": {
        "path": "ojs/ojformlayout"
      },
      "oj-label": {
        "path": "ojs/ojlabel"
      },
      "oj-button": {
        "path": "ojs/ojbutton"
      },
      "oj-select-single": {
        "path": "ojs/ojselectsingle"
      },
      "oj-input-text": {
        "path": "ojs/ojinputtext"
      },
      "oj-validation-group": {
        "path": "ojs/ojvalidationgroup"
      }
    }
  },
  "events": {},
  "constants": {
    "myProfileAddressFields": {
      "type": "string[]",
      "defaultValue": [
        "Address1",
        "Address2",
        "Address3",
        "Building",
        "City",
        "State",
        "PostalCode"
      ]
    }
  }
}