{
  "component-dependencies": {
    "oj-opa-interview": "14.6.0",
    "oj-cx-dcs-oit": {
      "version": "3.15.0",
      "components": {
        "chat-embedded": "3.14.0"
      }
    },
    "oj-odcs": {
      "version": "3.15.0",
      "components": {
        "application-common": "3.15.0",
        "attachment-download": "3.11.0",
        "category-selector": "3.11.0",
        "chat": "3.11.0",
        "cobrowse": "3.12.0",
        "common": "3.14.0",
        "fontawesome": "5.15.3",
        "knowledge-common": "3.14.0",
        "linked-text": "3.11.0",
        "product-selector": "3.11.0",
        "selector-common": "3.11.0",
        "visual-navigator-common": "3.11.0"
      }
    }
  }
}