{
  "localization": {
    "locale": "{{ window.localStorage.getItem('odcs-reference-implementation.locale') || navigator.language }}"
  },
  "defaultPage": "shell",
  "types": {
    "genericServiceErrorResponseType": {
      "body": "any",
      "status": "number"
    },
    "@decorators.genericServiceErrorResponseType": {
      "autowire": {
        "contextKey": "odcs-generic-service-error-type",
        "name": "genericServiceErrorResponseType"
      }
    },
    "navigatorItem": {
      "type": "string",
      "operation": "string",
      "id": "string",
      "index": "number",
      "title": "string",
      "description": "string",
      "displayId": "boolean",
      "icon": "string",
      "imageUrl": "string",
      "url": "string",
      "params": "object",
      "detailsId": "string"
    },
    "@decorators.navigatorItem": {
      "autowire": {
        "contextKey": "odcs-navigator",
        "name": "navigatorItem"
      }
    },
    "getallCatalogProductItemsResponse": {
      "items": [
        {
          "Description": "string",
          "LongDescription": "string",
          "InventoryItemId": "number",
          "OrganizationId": "number",
          "ProductGroupId": "number",
          "ItemNumber": "string",
          "UsageCode": "string",
          "CSSEnabled": "string"
        }
      ]
    },
    "@decorators.getallCatalogProductItemsResponse": {
      "autowire": {
        "contextKey": "odcs-navigator",
        "name": "getallCatalogProductItemsResponse"
      },
      "endpoint": "getall_catalogProductItems",
      "service": "crmRestApi",
      "path": "response"
    },
    "getall_categories": {
      "items": [
        {
          "CategoryId": "number",
          "CategoryName": "string"
        }
      ]
    },
    "@decorators.getall_categories": {
      "autowire": {
        "contextKey": "odcs-navigator",
        "name": "getall_categories"
      },
      "endpoint": "getall_categories",
      "service": "crmRestApi",
      "path": "response"
    },
    "getall_catalogProductGroups": {
      "items": [
        {
          "ProductGroupDescription": "string",
          "ProductGroupId": "number",
          "ProductGroupName": "string",
          "ProductGroupReferenceNumber": "string"
        }
      ]
    },
    "@decorators.getall_catalogProductGroups": {
      "autowire": {
        "contextKey": "odcs-navigator",
        "name": "getall_catalogProductGroups"
      },
      "endpoint": "getall_catalogProductGroups",
      "service": "crmRestApi",
      "path": "response"
    }
  },
  "variables": {
    "isManager": {
      "type": "boolean",
      "@dt": {
        "autowire": {
          "contextKey": "odcs-user-initialization-actions",
          "name": "isManager"
        }
      }
    },
    "linkConfig": {
      "type": "object",
      "defaultValue": {
        "KNOWLEDGE_ARTICLE": {},
        "SERVICE_REQUEST_CRM": {},
        "KNOWLEDGE_LINK": {
          "pattern": "\\b((?:SOL|FAQ)\\d+)\\b",
          "keyProperty": "IMDocumentId"
        },
        "SERVICE_REQUEST_HCM": {},
        "ARTICLE_LINK": {}
      },
      "@dt": {
        "autowire": {
          "contextKey": "odcs-linked-text",
          "name": "linkConfig"
        }
      }
    },
    "businessUnitId": {
      "type": "number",
      "@dt": {
        "autowire": {
          "contextKey": "odcs-business-unit",
          "name": "businessUnitId"
        }
      },
      "defaultValue": 300000002414054
    },
    "kmLocale": {
      "type": "string",
      "defaultValue": "",
      "persisted": "session",
      "@dt": {
        "autowire": {
          "contextKey": "odcs-knowledge",
          "name": "kmLocale"
        }
      }
    },
    "kmConfig": {
      "type": {
        "kmInterfaceId": "string",
        "kmLanguageDefaults": {
          "en": "string",
          "allOthers": "string"
        },
        "kmErrorMessages": "object"
      },
      "defaultValue": {
        "kmLanguageDefaults": {
          "en": "en_US",
          "allOthers": "en_US"
        },
        "kmErrorMessages": {
          "e400": "[[ $application.translations.app ? $application.translations.app.km_error_message1 : 'The server could not understand the request due to invalid syntax.' ]]",
          "e401": "[[ $application.translations.app ? $application.translations.app.km_error_message2 : 'The service user credentials are invalid.' ]]",
          "e403": "[[ $application.translations.app ?$application.translations.app.km_error_message3 : 'The content you are accessing is not available.' ]]",
          "e404": "[[ $application.translations.app ?$application.translations.app.km_error_message4 : 'The content you are accessing was not found.' ]]",
          "e500": "[[ $application.translations.app ?$application.translations.app.km_error_message5 : 'An unexpected knowledge server error has occurred.' ]]",
          "e503": "[[ $application.translations.app ?$application.translations.app.km_error_message6 : 'Knowledge server not available for connection.' ]]",
          "e504": "[[ $application.translations.app ?$application.translations.app.km_error_message7 : 'Your request timed out. Try your request again.' ]]",
          "default": "[[ $application.translations.app ? $application.translations.app.km_error_message8 : 'An unexpected error has occurred.' ]]"
        }
      },
      "persisted": "none",
      "@dt": {
        "autowire": {
          "contextKey": "odcs-knowledge",
          "name": "kmConfig"
        }
      }
    },
    "dcsCategoriesOnly": {
      "type": "boolean",
      "defaultValue": true,
      "@dt": {
        "autowire": {
          "contextKey": "odcs-category-selector",
          "name": "dcsCategoriesOnly"
        }
      }
    },
    "dcsProductsOnly": {
      "type": "boolean",
      "defaultValue": true,
      "@dt": {
        "autowire": {
          "contextKey": "odcs-product-selector",
          "name": "dcsProductsOnly"
        }
      }
    },
    "usageCode": {
      "type": "string",
      "defaultValue": "SERVICE",
      "@dt": {
        "autowire": {
          "contextKey": "odcs-product-selector",
          "name": "usageCode"
        }
      }
    },
    "accounts": {
      "type": "object[]",
      "@dt": {
        "autowire": {
          "contextKey": "odcs-identifiers",
          "name": "accounts"
        }
      }
    },
    "accountsArrayDataProvider": {
      "type": "vb/ArrayDataProvider2",
      "defaultValue": {
        "data": "{{ $application.variables.accounts }}",
        "itemType": "object",
        "keyAttributes": "partyId"
      },
      "@dt": {
        "autowire": {
          "contextKey": "odcs-identifiers",
          "name": "accountsArrayDataProvider"
        }
      }
    },
    "partyId": {
      "type": "number",
      "@dt": {
        "autowire": {
          "contextKey": "odcs-identifiers",
          "name": "partyId"
        }
      }
    },
    "partyNumber": {
      "type": "string",
      "@dt": {
        "autowire": {
          "contextKey": "odcs-identifiers",
          "name": "partyNumber"
        }
      }
    },
    "commonCache": {
      "type": "object",
      "persisted": "session",
      "@dt": {
        "autowire": {
          "contextKey": "odcs-common-cache",
          "name": "commonCache"
        }
      }
    },
    "recentCategorySelections": {
      "type": "object[]",
      "persisted": "session",
      "@dt": {
        "autowire": {
          "contextKey": "odcs-category-selector",
          "name": "recentCategorySelections"
        }
      }
    },
    "recentProductSelections": {
      "type": "object[]",
      "persisted": "session",
      "@dt": {
        "autowire": {
          "contextKey": "odcs-product-selector",
          "name": "recentProductSelections"
        }
      }
    },
    "mode": {
      "type": "string",
      "defaultValue": "CRM",
      "@dt": {
        "autowire": {
          "contextKey": "odcs-mode",
          "name": "mode"
        }
      }
    },
    "stripeCode": {
      "type": "string",
      "@dt": {
        "autowire": {
          "contextKey": "odcs-identifiers",
          "name": "stripeCode"
        }
      }
    },
    "currentPageId": {
      "type": "string",
      "@dt": {
        "autowire": {
          "contextKey": "odcs-navigate-back",
          "name": "currentPageId"
        }
      }
    },
    "entryPointId": {
      "type": "string",
      "persisted": "none",
      "@dt": {
        "autowire": {
          "contextKey": "odcs-navigate-back",
          "name": "entryPointId"
        }
      }
    },
    "accountLockErrorCodes": {
      "type": "string[]",
      "defaultValue": [
        "26092",
        "25014"
      ],
      "@dt": {
        "autowire": {
          "contextKey": "odcs-user-account",
          "name": "accountLockErrorCodes"
        }
      }
    },
    "kmSearchCount": {
      "type": "number",
      "defaultValue": 0
    },
    "kmViewCount": {
      "type": "number",
      "defaultValue": 0
    },
    "opaSiteUrl": {
      "type": "string",
      "persisted": "session"
    },
    "errorStatus": {
      "type": "number",
      "defaultValue": 503,
      "input": "fromCaller",
      "@dt": {
        "autowire": {
          "contextKey": "odcs-error-action",
          "name": "errorStatus"
        }
      }
    },
    "errorMessage": {
      "type": "string",
      "@dt": {
        "autowire": {
          "contextKey": "odcs-error-action",
          "name": "errorMessage"
        }
      }
    },
    "serviceContext": {
      "type": {
        "category": {
          "id": "string",
          "resetOnNavigate": "boolean"
        },
        "serviceRequest": {
          "number": "string",
          "resetOnNavigate": "boolean"
        },
        "product": {
          "id": "string",
          "orgId": "string",
          "type": "string",
          "resetOnNavigate": "boolean"
        }
      },
      "defaultValue": {
        "category": {
          "resetOnNavigate": true
        },
        "serviceRequest": {
          "resetOnNavigate": true
        },
        "product": {
          "resetOnNavigate": true
        }
      },
      "@dt": {
        "autowire": {
          "contextKey": "odcs-service-context",
          "name": "serviceContext"
        }
      }
    },
    "subSectionIds": {
      "type": "object[]"
    },
    "faHost": {
      "type": "string"
    },
    "accountsAndRoles": {
      "type": "object[]",
      "@dt": {
        "autowire": {
          "contextKey": "odcs-identifiers",
          "name": "accountsAndRoles"
        }
      }
    },
    "chatStatus": {
      "type": "object"
    },
    "chatPollingEnabled": {
      "type": "boolean",
      "defaultValue": false
    },
    "usingUserProxy": {
      "type": "boolean"
    },
    "isSignInPage": {
      "type": "boolean",
      "description": "Indicates whether the user is currently on a 'Sign In' page for the application",
      "defaultValue": false,
      "@dt": {
        "autowire": {
          "contextKey": "odcs-page-context",
          "name": "isSignInPage"
        }
      }
    },
    "isSignUpPage": {
      "type": "boolean",
      "description": "Indicates whether the user is currently on a 'Sign Up' page for the application",
      "defaultValue": false,
      "@dt": {
        "autowire": {
          "contextKey": "odcs-page-context",
          "name": "isSignUpPage"
        }
      }
    }
  },
  "imports": {
    "components": {
      "oj": {
        "path": "ojs/ojcore"
      },
      "ojvalidation": {
        "path": "ojs/ojvalidation"
      },
      "oj-validation-base": {
        "path": "ojs/ojvalidation-base"
      },
      "oj-validation-datetime": {
        "path": "ojs/ojvalidation-datetime"
      },
      "oj-validation-number": {
        "path": "ojs/ojvalidation-number"
      }
    },
    "css": [
      "https://static.oracle.com/cdn/vb/vb-icon-font/1/vb-icon-font.css"
    ]
  },
  "chains": {},
  "description": "Sahara Centre DCS Portal for Tenants",
  "services": {},
  "eventListeners": {
    "vbEnter": {
      "chains": [
        {
          "chainId": "InitializeModeAction",
          "parameters": {}
        },
        {
          "chainId": "InitializeBackendHostAction",
          "parameters": {}
        },
        {
          "chainId": "InitializeUsingUserProxyAction",
          "parameters": {}
        }
      ]
    },
    "vbAfterNavigate": {
      "chains": [
        {
          "chainId": "AutoFocusAction",
          "parameters": {}
        },
        {
          "chainId": "ClearServiceContextAction",
          "parameters": {}
        },
        {
          "chainId": "ClearPageContextAction",
          "parameters": {
            "event": "{{ $event }}"
          }
        }
      ]
    },
    "odcsInitializeUser": {
      "chains": [
        {
          "chainId": "InitializeUserAction",
          "parameters": {}
        }
      ]
    },
    "odcsSignInNavigation": {
      "chains": [
        {
          "chainId": "application:NavigateToCustomSignIn",
          "parameters": {
            "params": "{{ $event.params }}",
            "history": "{{ $event.history }}",
            "path": "{{ $event.path }}"
          }
        }
      ]
    }
  },
  "security": {
    "access": {
      "requiresAuthentication": false
    }
  },
  "translations": {
    "app": {
      "path": "./resources/strings/app/nls/app-strings"
    }
  },
  "requirejs": {
    "paths": {
      "oj-odcs": "build/components/oj-odcs/3.15.0",
      "oj-opa-interview": "https://static.oracle.com/cdn/opa/components/oj-opa-interview/14.6.0",
      "oj-cx-dcs-oit": "build/components/oj-cx-dcs-oit/3.15.0"
    },
    "bundles": {
      "oj-cx-dcs-oit/ojcxdcsoitbundle": [
        "oj-cx-dcs-oit/chat-embedded/loader"
      ],
      "oj-odcs/ojodcsbundle": [
        "oj-odcs/attachment-download/loader",
        "oj-odcs/category-selector/loader",
        "oj-odcs/chat/loader",
        "oj-odcs/cobrowse/loader",
        "oj-odcs/linked-text/loader",
        "oj-odcs/product-selector/loader",
        "oj-odcs/application-common/ApplicationCommon",
        "oj-odcs/application-common/IdcsUtils",
        "oj-odcs/application-common/OdcsSecurityProvider",
        "oj-odcs/application-common/RelativeDateTimeConverter",
        "oj-odcs/common/Polyfill",
        "oj-odcs/knowledge-common/KnowledgeCommon",
        "oj-odcs/visual-navigator-common/VisualNavigatorCommon"
      ]
    }
  },
  "id": "starter",
  "userConfig": {
     "type": "vb/DefaultSecurityProvider",
    "configuration": {
      "authentication": {
        "type": "implicit"
      }
    },
    "embedding": "deny"
  },
  "constants": {
    "errorMessages": {
      "type": "object",
      "defaultValue": {
        "e401": "[[ $application.translations.app.common_error_message401 ]]",
        "e403": "[[ $application.translations.app.common_error_message4 ]]",
        "e500": "[[ $application.translations.app.common_error_message1 ]]",
        "e501": "[[ $application.translations.app.common_error_message2 ]]",
        "e502": "[[ $application.translations.app.common_error_message3 ]]",
        "e503": "[[ $application.translations.app.common_serviceUnavailable ]]",
        "default": "[[ $application.translations.app.common_defaultMsgIfNoDetails ]]"
      },
      "input": "fromCaller",
      "description": "Maps HTTP status codes to error messages"
    },
    "userRegistrationType": {
      "type": "string",
      "defaultValue": "contact",
      "description": "Specify the type of user registration the application should use, defaults to contact.\n\ncontact - users are registered as contacts in accounts and require an account key to register\nconsumer - users are registered as consumers and do not require an account key",
      "@dt": {
        "autowire": {
          "contextKey": "odcs-user-account",
          "name": "userRegistrationType"
        }
      }
    },
    "localeList": {
      "type": "object[]",
      "defaultValue": [
        {
          "code": "en",
          "name": "English",
          "root": true
        },
        {
          "code": "es",
          "name": "Español"
        },
        {
          "code": "fr",
          "name": "Français"
        },
        {
          "code": "de",
          "name": "Deutsch"
        }
      ],
      "description": "Holds a list of locales that will appear on the menu.\nThe following is a list of all the locales supported by DCS.           \n        { \"code\": \"ar\", \"name\": \"\\u0627\\u0644\\u0639\\u0631\\u0628\\u064a\\u0629\"},\n        { \"code\": \"cs\", \"name\": \"\\u010ce\\u0161tina\"},\n        { \"code\": \"da\", \"name\": \"Dansk\"},\n        { \"code\": \"de\", \"name\": \"Deutsch\"},\n        { \"code\": \"en\", \"name\": \"English\"},\n        { \"code\": \"es\", \"name\": \"Espa\\u00f1ol\"},\n        { \"code\": \"fi\", \"name\": \"Suomi\"},\n        { \"code\": \"fr-CA\", \"name\": \"Fran\\u00e7ais (Canada)\"},\n        { \"code\": \"fr\", \"name\": \"Fran\\u00e7ais\"},\n        { \"code\": \"hu\", \"name\": \"Magyar\"},\n        { \"code\": \"it\", \"name\": \"Italiano\"},\n        { \"code\": \"iw\", \"name\": \"\\u05e2\\u05d1\\u05e8\\u05d9\\u05ea\"},\n        { \"code\": \"ja\", \"name\": \"\\u65e5\\u672c\\u8a9e\"},\n        { \"code\": \"ko\", \"name\": \"\\ud55c\\uad6d\\uc5b4\"},\n        { \"code\": \"nl\", \"name\": \"Nederlands\"},\n        { \"code\": \"no\", \"name\": \"Norsk\"},\n        { \"code\": \"pl\", \"name\": \"Polski\"},\n        { \"code\": \"pt-BR\", \"name\": \"Portuguese (Brazil)\"},\n        { \"code\": \"ro\", \"name\": \"Rom\\u00e2n\\u0103\"},\n        { \"code\": \"ru\", \"name\": \"\\u0440\\u0443\\u0441\\u0441\\u043a\\u0438\\u0439\"},\n        { \"code\": \"sk\", \"name\": \"Sloven\\u010dina\"},\n        { \"code\": \"sv\", \"name\": \"Svenska\"},\n        { \"code\": '\"th\", \"name\": \"\\u0e44\\u0e17\\u0e22\"},\n        { \"code\": \"tr\", \"name\": \"T\\u00fcrk\\u00e7e\"},\n        { \"code\": \"zh-CH\", \"name\": \"\\u4e2d\\u6587 (\\u7b80\\u4f53\\u4e2d\\u6587,\\u4e2d\\u56fd)\"},\n        { \"code\": \"zh-TW\", \"name\": \"\\u4e2d\\u6587 (\\u7e41\\u9ad4\\u4e2d\\u6587,\\u53f0\\u7063)\"}"
    },
    "userProxyProfiles": {
      "type": "string[]",
      "description": "ids of user profiles that are configured to use the user proxy",
      "defaultValue": [
        "user_proxy_prod"
      ]
    }
  },
  "events": {
    "odcsInitializeUser": {}
  }
}