{

  "id": "service-request-list",
  "description": "Flow main",
  "defaultPage": "service-request-list-start",
  "chains": {},
  "security": {
    "access": {
      "requiresAuthentication": true,
      "roles": ["User"]
    }
  },  
  "services": {},
  "types": {
    "getAllServiceRequestsResponse": {
      "items": [{
        "AccountPartyName": "string",
        "BusinessUnitName": "string",
        "CategoryName": "string",
        "ProblemDescription": "string",
        "ProdGroupName": "string",
        "ProductItemDescription": "string",
        "ReportedByPartyName": "string",
        "SeverityCd": "string",
        "SeverityCdLookup": {
          "items": [{
            "LookupCode": "string",
            "Meaning": "string"
          }]
        },
        "SourceCd": "string",
        "SourceCdLookup": {
          "items": [{
            "LookupCode": "string",
            "Meaning": "string"
          }]
        },
        "SrCreatedBy": "string",
        "LastUpdateDate": "string",
        "SrNumber": "string",
        "SrStatusCdLookup": {
          "items": [{
            "LookupCode": "string",
            "Meaning": "string"
          }]
        },
        "StatusCd": "string",
        "Title": "string"
      }]
    }
  },
  "variables": {}
}