{
  "description": "Invokes an IDCS REST API to change the current user's password.",
  "variables": {
    "detail": {
      "required": true,
      "type": "any",
      "input": "fromCaller"
    }
  },
  "root": "setSubmitInProgress",
  "actions": {
    "ifPasswordsMatch": {
      "module": "vb/action/builtin/ifAction",
      "label": "Passwords match?",
      "outcomes": {
        "true": "callShowWaitCursor",
        "false": "passwordMismatchError"
      },
      "parameters": {
        "condition": "{{ $page.variables.changePasswordNewPassword1 === $page.variables.changePasswordNewPassword2 }}"
      }
    },
    "callChangePasswordEndpoint": {
      "module": "vb/action/builtin/restAction",
      "parameters": {
        "endpoint": "idcsRestApi/putMePasswordChanger",
        "body": "{{ { \n  \"oldPassword\": $page.variables.changePasswordOldPassword,\n  \"password\": $page.variables.changePasswordNewPassword1,\n  \"schemas\": [\"urn:ietf:params:scim:schemas:oracle:idcs:MePasswordChanger\"]\n} }}"
      },
      "label": "Call change password REST API",
      "outcomes": {
        "failure": "passwordChangeError",
        "success": "confirmationMessage"
      }
    },
    "passwordMismatchError": {
      "module": "vb/action/builtin/fireNotificationEventAction",
      "label": "Password mismatch error",
      "parameters": {
        "summary": "[[ $application.translations.app.changePassword_mismatchSummary ]]",
        "message": "[[ $application.translations.app.changePassword_mismatchMessage ]]"
      },
      "outcomes": {
        "success": "callShowDefaultCursor"
      }
    },
    "passwordChangeError": {
      "module": "vb/action/builtin/fireNotificationEventAction",
      "label": "Change password error",
      "parameters": {
        "summary": "[[ $application.translations.app.changePassword_errorSummary ]]",
        "message": "[[ $application.translations.app.changePassword_errorMessage ]]"
      },
      "outcomes": {
        "success": "callShowDefaultCursor"
      }
    },
    "confirmationMessage": {
      "module": "vb/action/builtin/fireNotificationEventAction",
      "parameters": {
        "summary": "[[ $application.translations.app.changePassword_confirmationSummary ]]",
        "message": "[[ $application.translations.app.changePassword_confirmationMessage ]]",
        "type": "confirmation"
      },
      "outcomes": {
        "success": "navigateToMyProfile"
      }
    },
    "navigateToMyProfile": {
      "module": "vb/action/builtin/fireCustomEventAction",
      "outcomes": {
        "success": "callShowDefaultCursor"
      },
      "parameters": {
        "name": "navigate",
        "payload": {
          "target": "my-profile",
          "operation": "detail"
        }
      }
    },
    "setSubmitInProgress": {
      "module": "vb/action/builtin/assignVariablesAction",
      "outcomes": {
        "success": "ifPasswordsMatch"
      },
      "parameters": {
        "$page.variables.changePasswordSubmitInProgress": {
          "source": true
        }
      }
    },
    "clearSubmitInProgress": {
      "module": "vb/action/builtin/assignVariablesAction",
      "parameters": {
        "$page.variables.changePasswordSubmitInProgress": {
          "source": false
        }
      }
    },
    "callShowWaitCursor": {
      "module": "vb/action/builtin/callModuleFunctionAction",
      "parameters": {
        "module": "[[ $application.functions ]]",
        "functionName": "showWaitCursor"
      },
      "outcomes": {
        "success": "callChangePasswordEndpoint"
      }
    },
    "callShowDefaultCursor": {
      "module": "vb/action/builtin/callModuleFunctionAction",
      "parameters": {
        "module": "[[ $application.functions ]]",
        "functionName": "showDefaultCursor"
      },
      "outcomes": {
        "success": "clearSubmitInProgress"
      }
    }
  }
}