{

  "title": "[[ $application.translations.app.mustChangePassword_pageTitle ]]",
  "description": "DCS custom page for users who must change their password",
  "variables": {
    "mustChangePasswordValid": {
      "type": "string"
    },
    "mustChangePasswordSubmitInProgress": {
      "type": "boolean",
      "defaultValue": false
    },
    "mustChangePasswordOldPassword": {
      "type": "string"
    },
    "mustChangePasswordNewPassword2": {
      "type": "string"
    },
    "mustChangePasswordNewPassword1": {
      "type": "string"
    },
    "mustChangePasswordReason": {
      "type": "string",
      "required": true,
      "input": "fromCaller"
    },
    "mustChangePasswordUserId": {
      "type": "string",
      "required": true,
      "input": "fromCaller"
    },
    "mustChangePasswordUsername": {
      "type": "string",
      "required": true,
      "input": "fromCaller"
    },
    "mustChangePasswordEndUri": {
      "type": "string",
      "required": true,
      "input": "fromCaller"
    }
  },
  "metadata": {},
  "types": {},
  "chains": {
  },
  "eventListeners": {
    "changePasswordSubmitOjAction": {
      "chains": [
        {
          "chainId": "ChangePasswordSubmitAction"
        }
      ]
    },
    "changePasswordNewPassword1Value": {
      "chains": [
        {
          "chainId": "ChangePasswordInputPasswordValueChangeAction",
          "parameters": {
            "value": "{{ $event.detail.value }}"
          }
        }
      ]
    },
    "changePasswordOldPasswordKeypress": {
      "chains": [
        {
          "chainId": "ChangePasswordInputKeypressAction",
          "parameters": {
            "detail": "{{ $event.detail }}",
            "key": "{{ $event.key }}"
          }
        }
      ]
    },
    "changePasswordNewPassword1Keypress": {
      "chains": [
        {
          "chainId": "ChangePasswordInputKeypressAction",
          "parameters": {
            "key": "{{ $event.key }}",
            "detail": "{{ $event.detail }}"
          }
        }
      ]
    },
    "changePasswordNewPassword2Keypress": {
      "chains": [
        {
          "chainId": "ChangePasswordInputKeypressAction",
          "parameters": {
            "detail": "{{ $event.detail }}",
            "key": "{{ $event.key }}"
          }
        }
      ]
    }
  },
  "imports": {
    "components": {
      "oj-form-layout": {
        "path": "ojs/ojformlayout"
      },
      "oj-validation-group": {
        "path": "ojs/ojvalidationgroup"
      },
      "oj-label": {
        "path": "ojs/ojlabel"
      },
      "oj-input-password": {
        "path": "ojs/ojinputtext"
      },
      "oj-toolbar": {
        "path": "ojs/ojtoolbar"
      },
      "oj-button": {
        "path": "ojs/ojbutton"
      }
    }
  }
}