{

  "title": "[[ $application.translations.app.signIn_pageTitle ]]",
  "description": "DCS custom sign-in page.",
  "variables": {
    "signInFormAuthnToken": {
      "type": "string"
    },
    "signInFormNextAuthFactors": {
      "type": "string[]"
    },
    "signInFormNextOp": {
      "type": "string[]"
    },
    "signInFormPassword": {
      "type": "string",
      "input": "fromCaller"
    },
    "signInFormUsername": {
      "type": "string",
      "input": "fromCaller"
    },
    "signInFormRequestState": {
      "type": "string"
    },
    "endUri": {
      "type": "string",
      "input": "fromUrl",
      "@dt": {
        "autowire": {
          "contextKey": "oj-odcs-sign-in-form",
          "name": "endUri"
        }
      }
    },
    "signInSubmitInProgress": {
      "type": "boolean",
      "defaultValue": false
    },
    "signInRequestStateRetried": {
      "type": "boolean",
      "description": "Tracks whether the login has been re-attempting with a new requestState. Used to avoid a potential infinite loop if the requestState is invalid as opposed to expired.",
      "defaultValue": false
    },
    "signInFormRelayedJwt": {
      "type": "string"
    },
    "signInAutoSubmit": {
      "type": "boolean",
      "input": "fromCaller",
      "description": "If passed in and set to true then the login form will be automatically submitted with the signInFormUsername and signInFormPassword parameters which must also be passed in."
    },
    "signInFormIDPs": {
      "type": {
        "configuredIDPs": [{
          "iconUrl": "string",
          "idpId": "string",
          "idpType": "string",
          "idpName": "string"
        }],
        "credentials": "string[]",
        "filteredIDPs": [{
            "iconUrl": "string",
            "idpId": "string",
            "idpName": "string",
            "idpType": "string"
        }]
      }
    }
  },
  "metadata": {},
  "types": {},
  "chains": {
  },
  "eventListeners": {
    "vbEnter": {
      "chains": [{
          "chainId": "SignInInitiateAuthenticationAction",
          "parameters": {}
        },
        {
          "chainId": "application:SetSignInPageAction",
          "parameters": {}
        },
        {
          "chainId": "application:LoginAuthenticatedIdcsUser",
          "parameters": {}
        }
      ]
    },
    "signInButtonClick": {
      "chains": [{
        "chainId": "SignInSubmitAction",
        "parameters": {
          "detail": "{{ $event.detail }}"
        }
      }]
    },
    "signInForgotPasswordLinkClick": {
      "chains": [{
        "chainId": "SignInForgotPasswordClickChain",
        "parameters": {
          "detail": "{{ $event.detail }}"
        }
      }]
    },
    "signInUsernameKeypress": {
      "chains": [{
        "chainId": "SignInInputKeypressAction",
        "parameters": {
          "detail": "{{ $event.detail }}",
          "key": "{{ $event.key }}"
        }
      }]
    },
    "signInPasswordKeypress": {
      "chains": [{
        "chainId": "SignInInputKeypressAction",
        "parameters": {
          "detail": "{{ $event.detail }}",
          "key": "{{ $event.key }}"
        }
      }]
    },
    "signInSignUpLinkClick": {
      "chains": [{
        "chainId": "UserSignUpClickAction",
        "parameters": {
          "detail": "{{ $event.detail }}"
        }
      }]
    },
    "signInIdpButtonClick": {
      "chains": [{
        "chainId": "SignInIdpButtonClickAction",
        "parameters": {
          "detail": "{{ $current.data }}"
        }
      }]
    },
    "vbBeforeEnter": {
      "chains": [{
        "chainId": "application:NavigateAuthenticatedUserAction",
        "parameters": {
          "navigatePayload": {
            "target": "homepage",
            "params": {
              "reset": true
            },
            "operation": "detail"
          }
        }
      }]
    }
  },
  "imports": {
    "components": {
      "oj-form-layout": {
        "path": "ojs/ojformlayout"
      },
      "oj-label": {
        "path": "ojs/ojlabel"
      },
      "oj-input-text": {
        "path": "ojs/ojinputtext"
      },
      "oj-input-password": {
        "path": "ojs/ojinputtext"
      },
      "oj-toolbar": {
        "path": "ojs/ojtoolbar"
      },
      "oj-button": {
        "path": "ojs/ojbutton"
      },
      "oj-conveyor-belt": {
        "path": "ojs/ojconveyorbelt"
      }
    }
  }
}