{

  "title": "[[ $application.translations.app.categoryDetails_pageTitle ]]",
  "description": "A page displaying the SRs and KM articles for a single category",
  "variables": {
    "kmContentList": {
      "type": "vb/ServiceDataProvider",
      "defaultValue": {
        "fetchChainId": "KMFetchContentListAction",
        "itemsPath": "items",
        "idAttribute": "answerId"
      }
    },
    "categoryDetailSelectedTab": {
      "type": "string",
      "defaultValue": "odcs-category-detail-tab-km-articles",
      "persisted": "session"
    },
    "categoryId": {
      "type": "number",
      "input": "fromUrl",
      "required": true
    },
    "category": {
      "type": "categories"
    },
    "kmContentListFilter": {
      "type": "string"
    },
    "kmContentResultsCache": {
      "type": "any",
      "persisted": "history"
    },
    "categorySrListFilterValue": {
      "type": "string",
      "defaultValue": "{{ $page.variables.categorySrListSearchValue }}"
    },
    "categorySrListSearchRawValue": {
      "type": "string",
      "persisted": "none"
    },
    "categorySrListSearchValue": {
      "type": "string",
      "persisted": "history",
      "defaultValue": ""
    },
    "categorySrListServiceDataProvider": {
      "type": "vb/ServiceDataProvider",
      "input": "none",
      "required": false,
      "defaultValue": {
        "endpoint": "crmRestApi/getall_serviceRequests",
        "responseType": "page:srListGetAllServiceRequestsResponse",
        "itemsPath": "items",
        "uriParameters": {
          "fields": "SrNumber,Title,ProblemDescription,CriticalFlag,StatusCd,SeverityCd,BUOrgId,BusinessUnitName,ReportedByPartyName,AccountPartyName,LastUpdateDate,LastUpdatedByDisplayName,ProductItemDescription,ProdGroupName,CategoryName,SourceCd;SrStatusCdLookup:Meaning,LookupCode;SeverityCdLookup:Meaning,LookupCode;SourceCdLookup:Meaning,LookupCode",
          "onlyData": "true"
        },
        "sortCriteria": "[[ $page.variables.categorySrListSortCriteriaArray ]]",
        "idAttribute": "SrNumber",
        "filterCriterion": {
          "op": "$and",
          "criteria": [
            {
              "attribute": "filter",
              "op": "$co",
              "value": "{{$page.variables.categorySrListFilterValue}}"
            },
            {
              "attribute": "StatusTypeCd",
              "op": "$ne",
              "value": "ORA_SVC_CLOSED"
            },
            {
              "attribute": "BUOrgId",
              "op": "$eq",
              "value": "{{$application.variables.businessUnitId}}"
            },
            {
              "attribute": "StatusTypeCd",
              "op": "$ne",
              "value": "ORA_SVC_RESOLVED"
            },
            {
              "attribute": "CategoryId",
              "op": "$eq",
              "value": "[[ $page.variables.categoryId ]]"
            }
          ]
        },
        "transforms": {
          "request": {
            "filter": "[[ $application.functions.filterServiceRequests ]]"
          }
        }
      }
    },
    "categorySrListSortByOptions": {
      "type": "object[]",
      "defaultValue": [
        {
          "value": "SrNumber:descending",
          "label": "[[ $application.translations.format('app', 'common_sortByFieldDescending', { field: $application.translations.app.serviceRequest_number }) ]]"
        },
        {
          "value": "SrNumber:ascending",
          "label": "[[ $application.translations.format('app', 'common_sortByFieldAscending', { field: $application.translations.app.serviceRequest_number }) ]]"
        },
        {
          "value": "LastUpdateDate:descending",
          "label": "[[ $application.translations.format('app', 'common_sortByFieldDescending', { field: $application.translations.app.common_lastUpdateDate }) ]]"
        },
        {
          "value": "LastUpdateDate:ascending",
          "label": "[[ $application.translations.format('app', 'common_sortByFieldAscending', { field: $application.translations.app.common_lastUpdateDate }) ]]"
        },
        {
          "value": "Title:descending",
          "label": "[[ $application.translations.format('app', 'common_sortByFieldDescending', { field: $application.translations.app.serviceRequest_title }) ]]"
        },
        {
          "value": "Title:ascending",
          "label": "[[ $application.translations.format('app', 'common_sortByFieldAscending', { field: $application.translations.app.serviceRequest_title }) ]]"
        },
        {
          "value": "ProductItemDescription:descending",
          "label": "[[ $application.translations.format('app', 'common_sortByFieldDescending', { field: $application.translations.app.serviceRequest_product }) ]]"
        },
        {
          "value": "ProductItemDescription:ascending",
          "label": "[[ $application.translations.format('app', 'common_sortByFieldAscending', { field: $application.translations.app.serviceRequest_product }) ]]"
        },
        {
          "value": "StatusCd:descending",
          "label": "[[ $application.translations.format('app', 'common_sortByFieldDescending', { field: $application.translations.app.serviceRequest_status }) ]]"
        },
        {
          "value": "StatusCd:ascending",
          "label": "[[ $application.translations.format('app', 'common_sortByFieldAscending', { field: $application.translations.app.serviceRequest_status }) ]]"
        }
      ]
    },
    "categorySrListSortCriteria": {
      "type": "string",
      "defaultValue": "LastUpdateDate:descending",
      "persisted": "history"
    },
    "categorySrListSortCriteriaArray": {
      "type": "object[]",
      "defaultValue": [
        {
          "attribute": "LastUpdateDate",
          "direction": "descending"
        }
      ],
      "persisted": "history"
    },
    "categorySrListSortByOptionsArrayDataProvider": {
      "type": "vb/ArrayDataProvider2",
      "defaultValue": {
        "data": "{{ $page.variables.categorySrListSortByOptions }}",
        "itemType": "object",
        "keyAttributes": "value"
      }
    }
  },
  "metadata": {},
  "types": {
    "srListGetAllServiceRequestsResponse": {
      "items": [{
        "AccountPartyName": "string",
        "BusinessUnitName": "string",
        "CategoryName": "string",
        "CriticalFlag": "boolean",
        "LastUpdatedByDisplayName": "string",
        "ProblemDescription": "string",
        "ProdGroupName": "string",
        "ProductItemDescription": "string",
        "ReportedByPartyName": "string",
        "SeverityCd": "string",
        "SeverityCdLookup": {
          "items": [{
            "LookupCode": "string",
            "Meaning": "string"
          }]
        },
        "SourceCd": "string",
        "SourceCdLookup": {
          "items": [{
            "LookupCode": "string",
            "Meaning": "string"
          }]
        },
        "SrCreatedBy": "string",
        "LastUpdateDate": "string",
        "SrNumber": "string",
        "SrStatusCdLookup": {
          "items": [{
            "LookupCode": "string",
            "Meaning": "string"
          }]
        },
        "StatusCd": "string",
        "Title": "string"
      }]
    },
    "@decorators.srListGetAllServiceRequestsResponse": {
      "endpoint": "getall_serviceRequests",
      "service": "crmRestApi",
      "path": "response"
    },
    "@decorators.getall_categories": {
      "endpoint": "getall_categories",
      "service": "crmRestApi",
      "path": "response"
    },
    "getall_categories": {
      "items": [{
        "CategoryId": "number",
        "CategoryName": "string",
        "CategoryShortName": "string"
      }]
    },
    "categories": {
      "CategoryId": "number",
      "CategoryName": "string",
      "CategoryShortName": "string"
    }
  },
  "chains": {
  },
  "eventListeners": {
    "vbEnter": {
      "chains": [{
        "chainId": "CategoryLoadAction",
        "parameters": {}
      }]
    },
    "kmListSelectedChanged": {
      "chains": [{
        "chainId": "KMNavigateToArticleAction",
        "parameters": {
          "contentId": "{{ $event.detail.value.key }}"
        }
      }]
    },
    "srListRowClicked": {
      "chains": [{
        "chainId": "SRListNavigateToServiceRequestDetailClickAction",
        "parameters": {
          "detail": "{{ $event.detail.value.key }}"
        }
      }]
    },
    "srListSortValueChanged": {
      "chains": [{
        "chainId": "SRListSortOrderUpdateAction",
        "parameters": {}
      }]
    },
    "srListClearSearchClicked": {
      "chains": [{
        "chainId": "SRListClearSearchAction",
        "parameters": {}
      }]
    },
    "srListSearchEvent": {
      "chains": [{
        "chainId": "SRListSearchAction",
        "parameters": {
          "filterText": "{{$page.variables.categorySrListSearchRawValue}}"
        }
      }]
    },
    "srCreateServiceRequestClicked": {
      "chains": [{
        "chainId": "SRNavigateToServiceRequestCreateAction"
      }]
    },
    "nullAction": {
      "preventDefault": "true",
      "chains": [{
        "chainId": "application:NullAction"
      }]
    }
  },
  "imports": {
    "components": {
      "oj-label": {
        "path": "ojs/ojlabel"
      },
      "oj-button": {
        "path": "ojs/ojbutton"
      },
      "oj-tab-bar": {
        "path": "ojs/ojnavigationlist"
      },
      "oj-list-view": {
        "path": "ojs/ojlistview"
      },
      "oj-switcher": {
        "path": "ojs/ojswitcher"
      },
      "oj-select-single": {
        "path": "ojs/ojselectsingle"
      },
      "oj-combobox-one": {
        "path": "ojs/ojselectcombobox"
      }
    }
  }
}