{
  "root": "assignServiceRequestRecordData",
  "description": "",
  "variables": {
    "serviceRequestData": {
      "type": "page:getServiceRequestsResponse",
      "required": true,
      "input": "fromCaller"
    }
  },
  "actions": {
    "assignServiceRequestRecordData": {
      "module": "vb/action/builtin/assignVariablesAction",
      "parameters": {
        "$page.variables.serviceRequestRecord": {
          "source": "[[ $chain.variables.serviceRequestData ]]"
        },
        "$page.variables.closed": {
          "source": "[[ $page.variables.serviceRequestRecord.StatusCd === 'ORA_SVC_CLOSED' ]]"
        },
        "$page.variables.resolved": {
          "source": "[[ $page.variables.serviceRequestRecord.StatusCd === 'ORA_SVC_RESOLVED' ]]"
        },
        "$page.variables.escalated": {
          "source": "[[ $chain.variables.serviceRequestData.CriticalFlag === true ]]"
        },
        "$page.variables.loaded": {
          "source": "[[ true ]]"
        }
      },
      "outcomes": {
        "success": "callSetPageTitle"
      }
    },
    "callSetPageTitle": {
      "module": "vb/action/builtin/callModuleFunctionAction",
      "parameters": {
        "module": "[[ $application.functions ]]",
        "functionName": "setPageTitle",
        "params": [
          "{{ $application.translations }}",
          "serviceRequestDetail_loadedPageTitle",
          "{{ {\n \"number\": $chain.variables.serviceRequestData.SrNumber,\n \"title\": $chain.variables.serviceRequestData.Title\n} }}"
        ]
      }
    }
  }
}