{
  "description": "",
  "variables": {
    "detail": {
      "required": true,
      "type": "any",
      "input": "fromCaller"
    }
  },
  "root": "assignVariables1",
  "actions": {
    "assignVariables1": {
      "module": "vb/action/builtin/assignVariablesAction",
      "parameters": {
        "$page.variables.serviceRequestRecord": {
          "source": {
            "CategoryId": "{{ $chain.variables.detail.id }}"
          },
          "reset": "none"
        }
      },
      "outcomes": {
        "success": "assignVariables2"
      }
    },
    "assignVariables2": {
      "module": "vb/action/builtin/assignVariablesAction",
      "parameters": {
        "$page.variables.categoryCleared": {
          "source": "{{ $chain.variables.detail.id === undefined }}"
        }
      }
    }
  }
}