{
  "variables": {
    "message": {
      "type": "string",
      "required": true,
      "input": "fromCaller"
    }
  },
  "root": "checkMessageOfLengthExists",
  "actions": {
    "callAddCommentRestEndpoint": {
      "module": "vb/action/builtin/restAction",
      "parameters": {
        "endpoint": "crmRestApi/create_serviceRequests-messages",
        "headers": {
          "Accept": "application/vnd.oracle.adf.resourceitem+json;q=0"
        },
        "uriParams": {
          "serviceRequests_Id": "{{ $page.variables.serviceRequestNumber }}"
        },
        "body": {
          "ChannelTypeCd": "ORA_SVC_WEB",
          "MessageContent": "{{ $application.functions.base64EncodeUnicode($chain.variables.message) }}",
          "MessageTypeCd": "ORA_SVC_CUSTOMER_ENTRY",
          "SourceCd": "ORA_SVC_CUSTOMER_UI",
          "StatusCd": "ORA_SVC_COMMITTED",
          "RichTextFlag": false
        }
      },
      "outcomes": {
        "failure": "fireFailureNotification",
        "success": "fireUpdatedCommentDataProviderEvent"
      }
    },
    "fireFailureNotification": {
      "module": "vb/action/builtin/fireNotificationEventAction",
      "parameters": {
        "displayMode": "persist",
        "type": "error",
        "summary": "[[ $application.translations.format('app', 'serviceRequestDetail_couldNotCreateMessageMsg', { details: $chain.results.callAddCommentRestEndpoint.status }) ]]"
      },
      "outcomes": {
        "success": "showDefaultCursor"
      }
    },
    "fireUpdatedCommentDataProviderEvent": {
      "module": "vb/action/builtin/fireDataProviderEventAction",
      "parameters": {
        "refresh": null,
        "target": "{{ $page.variables.messagesListServiceDataProvider }}"
      },
      "outcomes": {
        "success": "showDefaultCursor"
      }
    },
    "return1": {
      "module": "vb/action/builtin/returnAction",
      "parameters": {
        "outcome": "success"
      }
    },
    "checkMessageOfLengthExists": {
      "module": "vb/action/builtin/ifAction",
      "parameters": {
        "condition": "{{ $chain.variables.message && $chain.variables.message.trim().length > 0 }}"
      },
      "outcomes": {
        "true": "showWaitCursor",
        "false": "return1"
      }
    },
    "showWaitCursor": {
      "module": "vb/action/builtin/callModuleFunctionAction",
      "parameters": {
        "module": "{{$application.functions}}",
        "functionName": "showWaitCursor"
      },
      "outcomes": {
        "success": "callAddCommentRestEndpoint"
      }
    },
    "showDefaultCursor": {
      "module": "vb/action/builtin/callModuleFunctionAction",
      "parameters": {
        "module": "{{$application.functions}}",
        "functionName": "showDefaultCursor"
      }
    }
  }
}