{
  "root": "resetSRRecordVariables",
  "description": "",
  "actions": {
    "loadServiceRequests": {
      "module": "vb/action/builtin/restAction",
      "parameters": {
        "endpoint": "crmRestApi/get_serviceRequests",
        "uriParams": {
          "serviceRequests_Id": "{{ $page.variables.serviceRequestNumber }}",
          "fields": "{{ \"SrNumber,Title,AccountPartyName,ProblemDescription,CriticalFlag,ProdGroupName,ProdGroupId,ProductItemDescription,InventoryItemId,InventoryOrgId,CategoryName,CategoryId,StatusCd,LastUpdateDate,LastUpdatedByDisplayName,ReportedByPartyName,ReportedByEmailAddress,SeverityCd;SrStatusCdLookup:Meaning,LookupCode;SeverityCdLookup:Meaning,LookupCode\" }}",
          "onlyData": "{{ true }}"
        }
      },
      "outcomes": {
        "failure": "assignVariablesInvalidSR",
        "success": "callValidateIsJsonAction"
      }
    },
    "assignServiceRequestData": {
      "module": "vb/action/builtin/callChainAction",
      "parameters": {
        "id": "AssignServiceRequestVariablesAction",
        "params": {
          "serviceRequestData": "{{ $chain.results.loadServiceRequests.body }}"
        }
      },
      "outcomes": {
        "success": "callSetContextServiceRequest"
      }
    },
    "fireFailureNotification": {
      "module": "vb/action/builtin/fireNotificationEventAction",
      "parameters": {
        "displayMode": "persist",
        "type": "error",
        "summary": "[[ $application.translations.format('app', $chain.results.getErrorMessage, {data : $chain.results.loadServiceRequests.payload.status }) ]]"
      },
      "outcomes": {
        "success": "showDefaultCursor"
      }
    },
    "setOriginalSRProperties": {
      "module": "vb/action/builtin/assignVariablesAction",
      "parameters": {
        "$page.variables.originalServiceRequestRecord": {
          "source": "{{ $page.variables.serviceRequestRecord }}"
        }
      },
      "outcomes": {
        "success": "showDefaultCursor"
      }
    },
    "showWaitCursor": {
      "module": "vb/action/builtin/callModuleFunctionAction",
      "parameters": {
        "module": "{{$application.functions}}",
        "functionName": "showWaitCursor"
      },
      "outcomes": {
        "success": "loadServiceRequests"
      }
    },
    "resetSRRecordVariables": {
      "module": "vb/action/builtin/resetVariablesAction",
      "parameters": {
        "variables": [
          "$page.variables.serviceRequestRecord",
          "$page.variables.invalidSR",
          "$page.variables.loaded"
        ]
      },
      "outcomes": {
        "success": "showWaitCursor"
      }
    },
    "getErrorMessage": {
      "module": "vb/action/builtin/callModuleFunctionAction",
      "parameters": {
        "module": "{{$page.functions}}",
        "functionName": "getErrorMessage",
        "params": [
          "{{ $chain.results.loadServiceRequests.payload.status }}"
        ]
      },
      "outcomes": {
        "success": "fireFailureNotification"
      }
    },
    "callSetContextProduct": {
      "module": "vb/action/builtin/callChainAction",
      "parameters": {
        "id": "application:SetContextProductAction",
        "params": {
          "id": "{{ $page.variables.serviceRequestRecord.InventoryItemId || $page.variables.serviceRequestRecord.ProdGroupId }}",
          "orgId": "{{ $page.variables.serviceRequestRecord.InventoryOrgId }}",
          "type": "{{ $page.variables.serviceRequestRecord.InventoryItemId ? 'product' : ($page.variables.serviceRequestRecord.ProdGroupId ? 'product-group' : undefined) }}"
        }
      },
      "outcomes": {
        "success": "callSetContextCategory"
      }
    },
    "callSetContextCategory": {
      "module": "vb/action/builtin/callChainAction",
      "parameters": {
        "id": "application:SetContextCategoryAction",
        "params": {
          "id": "{{ $page.variables.serviceRequestRecord.CategoryId }}"
        }
      },
      "outcomes": {
        "success": "setOriginalSRProperties"
      }
    },
    "callSetContextServiceRequest": {
      "module": "vb/action/builtin/callChainAction",
      "parameters": {
        "id": "application:SetContextServiceRequestAction",
        "params": {
          "srNumber": "{{ $page.variables.serviceRequestRecord.SrNumber }}"
        }
      },
      "outcomes": {
        "success": "callSetContextProduct"
      }
    },
    "showDefaultCursor": {
      "module": "vb/action/builtin/callModuleFunctionAction",
      "parameters": {
        "module": "{{$application.functions}}",
        "functionName": "showDefaultCursor"
      }
    },
    "ifIsJsonResponse": {
      "module": "vb/action/builtin/ifAction",
      "outcomes": {
        "true": "assignServiceRequestData",
        "false": "showDefaultCursor"
      },
      "parameters": {
        "condition": "[[ $chain.results.callValidateIsJsonAction ]]"
      }
    },
    "callValidateIsJsonAction": {
      "module": "vb/action/builtin/callChainAction",
      "parameters": {
        "id": "application:ValidateIsJsonResponseAction",
        "params": {
          "restPayload": "{{ $chain.results.loadServiceRequests }}"
        }
      },
      "outcomes": {
        "success": "ifIsJsonResponse"
      }
    },
    "assignVariablesInvalidSR": {
      "module": "vb/action/builtin/assignVariablesAction",
      "parameters": {
        "$page.variables.invalidSR": {
          "source": true
        },
        "$page.variables.loaded": {
          "source": true
        }
      },
      "outcomes": {
        "success": "getErrorMessage"
      }
    }
  }
}