{
  "variables": {
    "saveFailureResult": {
      "type": "page:genericServiceErrorResponseType"
    },
    "errorMessage": {
      "type": "string"
    }
  },
  "root": "checkIfIsSaveInProgressFalse",
  "actions": {
    "assignPayload": {
      "module": "vb/action/builtin/assignVariablesAction",
      "parameters": {
        "$page.variables.originalServiceRequestRecord": {
          "source": "{{ $chain.results.patchServiceRequest.body }}"
        },
        "$page.variables.serviceRequestRecord": {
          "source": "{{ $chain.results.patchServiceRequest.body }}"
        }
      },
      "outcomes": {
        "success": "fireSuccessNotification"
      }
    },
    "fireSuccessNotification": {
      "module": "vb/action/builtin/fireNotificationEventAction",
      "parameters": {
        "summary": "[[ $application.translations.app.serviceRequestDetail_updatedMsg ]]",
        "type": "confirmation",
        "displayMode": "transient"
      },
      "outcomes": {
        "success": "assignIsSaveInProgressFalseAfterSuccess"
      }
    },
    "assignFailureResult": {
      "module": "vb/action/builtin/assignVariablesAction",
      "parameters": {
        "$chain.variables.saveFailureResult": {
          "source": "[[ $chain.results.patchServiceRequest.payload ]]"
        }
      },
      "outcomes": {
        "success": "handleDefaultErrorMessage"
      }
    },
    "handleDefaultErrorMessage": {
      "module": "vb/action/builtin/assignVariablesAction",
      "outcomes": {
        "success": "fireErrorNotification"
      },
      "parameters": {
        "$chain.variables.errorMessage": {
          "source": "[[ $application.translations.format('app', 'serviceRequestDetail_couldNotUpdateMsg', { data: $chain.results.patchServiceRequest.payload.body['o:errorDetails'][0].detail }) ]]"
        }
      }
    },
    "fireErrorNotification": {
      "module": "vb/action/builtin/fireNotificationEventAction",
      "parameters": {
        "summary": "[[ $chain.variables.errorMessage ]]",
        "type": "error",
        "displayMode": "persist"
      },
      "outcomes": {
        "success": "assignIsSaveInProgressFalseAfterFailure"
      }
    },
    "patchServiceRequest": {
      "module": "vb/action/builtin/restAction",
      "parameters": {
        "endpoint": "crmRestApi/update_serviceRequests",
        "body": {
          "SrNumber": "[[ $page.variables.serviceRequestRecord.SrNumber ]]",
          "Title": "[[ $page.variables.serviceRequestRecord.Title ]]",
          "ProblemDescription": "[[ $page.variables.serviceRequestRecord.ProblemDescription ]]",
          "CategoryId": "[[ $page.variables.categoryCleared ? null : $page.variables.serviceRequestRecord.CategoryId ]]",
          "ProdGroupId": "[[ $page.variables.productCleared ? null : $page.variables.serviceRequestRecord.ProdGroupId ]]",
          "InventoryItemId": "[[ $page.variables.productCleared ? null : $page.variables.serviceRequestRecord.InventoryItemId ]]",
          "ProdGroupName": "[[ $page.variables.productCleared ? null : undefined ]]",
          "ProductItemDescription": "[[ $page.variables.productCleared ? null : undefined ]]",
          "InventoryOrgId": "[[ $page.variables.productCleared ? null : $page.variables.serviceRequestRecord.InventoryOrgId ]]"
        },
        "requestType": "json",
        "uriParams": {
          "serviceRequests_Id": "[[ $page.variables.serviceRequestNumber ]]"
        }
      },
      "outcomes": {
        "success": "callValidateIsJsonAction",
        "failure": "assignFailureResult"
      }
    },
    "showWaitCursor": {
      "module": "vb/action/builtin/callModuleFunctionAction",
      "parameters": {
        "module": "{{$application.functions}}",
        "functionName": "showWaitCursor"
      },
      "outcomes": {
        "success": "assignIsSaveInProgressTrue"
      }
    },
    "showDefaultCursorOnSuccess": {
      "module": "vb/action/builtin/callModuleFunctionAction",
      "parameters": {
        "module": "{{$application.functions}}",
        "functionName": "showDefaultCursor"
      },
      "outcomes": {
        "success": "returnSuccess"
      }
    },
    "returnSuccess": {
      "module": "vb/action/builtin/returnAction",
      "parameters": {
        "outcome": "success"
      }
    },
    "returnFailure": {
      "module": "vb/action/builtin/returnAction",
      "parameters": {
        "outcome": "failure"
      }
    },
    "checkIfIsSaveInProgressFalse": {
      "module": "vb/action/builtin/ifAction",
      "outcomes": {
        "true": "showWaitCursor"
      },
      "parameters": {
        "condition": "[[ $page.variables.isSaveInProgress === false ]]"
      }
    },
    "assignIsSaveInProgressFalseAfterSuccess": {
      "module": "vb/action/builtin/assignVariablesAction",
      "outcomes": {
        "success": "showDefaultCursorOnSuccess"
      },
      "parameters": {
        "$page.variables.isSaveInProgress": {
          "source": "{{ false }}"
        }
      }
    },
    "assignIsSaveInProgressTrue": {
      "module": "vb/action/builtin/assignVariablesAction",
      "outcomes": {
        "success": "patchServiceRequest"
      },
      "parameters": {
        "$page.variables.isSaveInProgress": {
          "source": "{{ true }}"
        }
      }
    },
    "assignIsSaveInProgressFalseAfterFailure": {
      "module": "vb/action/builtin/assignVariablesAction",
      "outcomes": {
        "success": "showDefaultCursorOnFailure"
      },
      "parameters": {
        "$page.variables.isSaveInProgress": {
          "source": "{{ false }}"
        }
      }
    },
    "ifIsJsonResponse": {
      "module": "vb/action/builtin/ifAction",
      "outcomes": {
        "true": "assignPayload",
        "false": "showDefaultCursorOnFailure"
      },
      "parameters": {
        "condition": "[[ $chain.results.callValidateIsJsonAction ]]"
      }
    },
    "callValidateIsJsonAction": {
      "module": "vb/action/builtin/callChainAction",
      "parameters": {
        "id": "application:ValidateIsJsonResponseAction",
        "params": {
          "restPayload": "{{ $chain.results.patchServiceRequest }}"
        }
      },
      "outcomes": {
        "success": "ifIsJsonResponse"
      }
    },
    "showDefaultCursorOnFailure": {
      "module": "vb/action/builtin/callModuleFunctionAction",
      "parameters": {
        "module": "{{$application.functions}}",
        "functionName": "showDefaultCursor"
      },
      "outcomes": {
        "success": "returnFailure"
      }
    }
  },
  "description": "Updates SR properties.\nWhen adding new properties to patch, add them in the body object of the rest Call Rest Endpoint stage.\nNote also add them to the page variable String array of properties to be used to check that an SR has been updated:\nsrPropertiesToCheckForUpdates"
}