{
  "description": "",
  "variables": {
    "detail": {
      "required": true,
      "type": "any",
      "input": "fromCaller"
    }
  },
  "root": "ifProductGroup",
  "actions": {
    "ifProductGroup": {
      "module": "vb/action/builtin/ifAction",
      "parameters": {
        "condition": "{{ $chain.variables.detail.type === 'product-group' }}"
      },
      "outcomes": {
        "true": "assignProductGroupFields",
        "false": "assignProductFields"
      }
    },
    "assignProductGroupFields": {
      "module": "vb/action/builtin/assignVariablesAction",
      "parameters": {
        "$page.variables.serviceRequestRecord": {
          "source": {
            "ProdGroupId": "{{ $chain.variables.detail.id }}",
            "InventoryItemId": null,
            "InventoryOrgId": null
          },
          "reset": "none"
        }
      },
      "outcomes": {
        "success": "setProductCleared"
      }
    },
    "assignProductFields": {
      "module": "vb/action/builtin/assignVariablesAction",
      "parameters": {
        "$page.variables.serviceRequestRecord": {
          "source": {
            "InventoryItemId": "{{ $chain.variables.detail.id }}",
            "InventoryOrgId": "{{ $chain.variables.detail.orgId}}",
            "ProdGroupId": "{{ $chain.variables.detail.parentId }}"
          },
          "reset": "none"
        }
      },
      "outcomes": {
        "success": "setProductCleared"
      }
    },
    "setProductCleared": {
      "module": "vb/action/builtin/assignVariablesAction",
      "parameters": {
        "$page.variables.productCleared": {
          "source": "{{ $chain.variables.detail.id === undefined }}"
        }
      }
    }
  }
}