{
  "root": "isSrValidForSubmit",
  "description": "",
  "actions": {
    "patchServiceRequest": {
      "module": "vb/action/builtin/callChainAction",
      "parameters": {
        "id": "PatchServiceRequestAction"
      },
      "outcomes": {
        "success": "navigateBack"
      }
    },
    "callCategorySelectorValidate": {
      "module": "vb/action/builtin/callComponentMethodAction",
      "outcomes": {
        "success": "ifCategoryValid"
      },
      "parameters": {
        "component": "[[ document.getElementById('odcs-sr-details-category-selector') ]]",
        "method": "validate"
      }
    },
    "ifCategoryValid": {
      "module": "vb/action/builtin/ifAction",
      "outcomes": {
        "true": "callProductSelectorValidate"
      },
      "parameters": {
        "condition": "{{ $chain.results.callCategorySelectorValidate === 'valid' }}"
      }
    },
    "callProductSelectorValidate": {
      "module": "vb/action/builtin/callComponentMethodAction",
      "outcomes": {
        "success": "ifProductValid"
      },
      "parameters": {
        "component": "[[ document.getElementById('odcs-sr-details-product-selector') ]]",
        "method": "validate"
      }
    },
    "ifProductValid": {
      "module": "vb/action/builtin/ifAction",
      "outcomes": {
        "true": "patchServiceRequest"
      },
      "parameters": {
        "condition": "{{ $chain.results.callProductSelectorValidate === 'valid' }}"
      }
    },
    "ifSrDetailsValid": {
      "module": "vb/action/builtin/ifAction",
      "outcomes": {
        "true": "callCategorySelectorValidate"
      },
      "parameters": {
        "condition": "{{ $page.variables.srDetailsValidGroup === 'valid' }}"
      }
    },
    "isSrValidForSubmit": {
      "module": "vb/action/builtin/callModuleFunctionAction",
      "parameters": {
        "module": "{{$application.functions}}",
        "functionName": "isValidForSubmit"
      },
      "outcomes": {
        "success": "ifSrDetailsValid"
      },
      "description": "Call application helper function to highlight and focus on any invalid fields."
    },
    "navigateBack": {
      "module": "vb/action/builtin/callChainAction",
      "parameters": {
        "id": "application:navigateBack"
      }
    }
  }
}