{
  "root": "callCloseDialog",
  "description": "",
  "actions": {
    "callCloseDialog": {
      "module": "vb/action/builtin/callModuleFunctionAction",
      "parameters": {
        "module": "[[ $application.functions ]]",
        "functionName": "closeDialog",
        "params": [
          "odcs-sr-detail-action-dialog"
        ]
      },
      "outcomes": {
        "success": "resetActionInvokedVariable"
      }
    },
    "resetActionInvokedVariable": {
      "module": "vb/action/builtin/assignVariablesAction",
      "parameters": {
        "$page.variables.actionInvoked": {
          "source": "{{ null }}"
        },
        "$page.variables.actionMessage": {
          "source": {
            "reset": "empty"
          }
        }
      }
    }
  }
}