{
  "description": "",
  "variables": {
    "menuId": {
      "required": true,
      "type": "any",
      "input": "fromCaller"
    }
  },
  "root": "assignVariables1",
  "actions": {
    "assignVariables1": {
      "module": "vb/action/builtin/assignVariablesAction",
      "parameters": {
        "$page.variables.actionInvoked": {
          "source": "{{ $chain.variables.menuId }}"
        }
      },
      "outcomes": {
        "success": "handleDifferentActions"
      }
    },
    "handleDifferentActions": {
      "module": "vb/action/builtin/switchAction",
      "parameters": {
        "caseValue": "{{ $chain.variables.menuId }}"
      },
      "outcomes": {
        "Close": "assignResolveVariables",
        "Escalate": "assignEscalateVariables",
        "Reopen": "assignReopenVariables",
        "default": "callOpenDialog"
      }
    },
    "assignEscalateVariables": {
      "module": "vb/action/builtin/assignVariablesAction",
      "parameters": {
        "$page.variables.actionTitle": {
          "source": "[[ $application.translations.app.serviceRequestDetail_actionEscalate ]]"
        },
        "$page.variables.actionButtonLabel": {
          "source": "[[ $application.translations.app.serviceRequestDetail_actionEscalateShort ]]"
        },
        "$page.variables.actionMessage": {
          "source": {
            "reset": "empty"
          }
        }
      },
      "outcomes": {
        "success": "callOpenDialog"
      }
    },
    "assignReopenVariables": {
      "module": "vb/action/builtin/assignVariablesAction",
      "parameters": {
        "$page.variables.actionTitle": {
          "source": "[[ $application.translations.app.serviceRequestDetail_actionReopen ]]"
        },
        "$page.variables.actionButtonLabel": {
          "source": "[[ $application.translations.app.serviceRequestDetail_actionReopenShort ]]"
        },
        "$page.variables.actionMessage": {
          "source": {
            "reset": "empty"
          }
        }
      },
      "outcomes": {
        "success": "callOpenDialog"
      }
    },
    "assignResolveVariables": {
      "module": "vb/action/builtin/assignVariablesAction",
      "parameters": {
        "$page.variables.actionTitle": {
          "source": "[[ $application.translations.app.serviceRequestDetail_actionResolve ]]"
        },
        "$page.variables.actionButtonLabel": {
          "source": "[[ $application.translations.app.serviceRequestDetail_actionResolveShort ]]"
        },
        "$page.variables.actionMessage": {
          "source": {
            "reset": "empty"
          }
        }
      },
      "outcomes": {
        "success": "callOpenDialog"
      }
    },
    "callOpenDialog": {
      "module": "vb/action/builtin/callModuleFunctionAction",
      "parameters": {
        "module": "[[ $application.functions ]]",
        "functionName": "openDialog",
        "params": [
          "odcs-sr-detail-action-dialog"
        ]
      }
    }
  }
}