{
  "variables": {
    "successMessage": {
      "type": "string",
      "required": true,
      "input": "fromCaller"
    }
  },
  "root": "updateServiceRequestData",
  "actions": {
    "updateServiceRequestData": {
      "module": "vb/action/builtin/restAction",
      "parameters": {
        "endpoint": "crmRestApi/update_serviceRequests",
        "uriParams": {
          "serviceRequests_Id": "[[ $page.variables.serviceRequestNumber ]]"
        },
        "body": {
          "CriticalFlag": "[[ $page.variables.serviceRequestRecord.CriticalFlag ]]",
          "StatusCd": "[[ $page.variables.serviceRequestRecord.StatusCd ]]"
        }
      },
      "outcomes": {
        "failure": "fireUpdateCriticalFlagFailureNotification",
        "success": "callValidateIsJsonAction"
      },
      "label": "Update Service Request"
    },
    "fireUpdateCriticalFlagFailureNotification": {
      "module": "vb/action/builtin/fireNotificationEventAction",
      "parameters": {
        "displayMode": "persist",
        "type": "error",
        "summary": "[[ $application.translations.app.serviceRequestDetail_updateFailedMsg ]]"
      }
    },
    "updateServiceRequest": {
      "module": "vb/action/builtin/callChainAction",
      "parameters": {
        "id": "AssignServiceRequestVariablesAction",
        "params": {
          "serviceRequestData": {
            "SrNumber": "[[ $chain.results.updateServiceRequestData.body.SrNumber ]]",
            "Title": "[[ $chain.results.updateServiceRequestData.body.Title ]]",
            "ProblemDescription": "[[ $chain.results.updateServiceRequestData.body.ProblemDescription ]]",
            "SeverityCd": "[[ $chain.results.updateServiceRequestData.body.SeverityCd ]]",
            "CreatedBy": "[[ $chain.results.updateServiceRequestData.body.CreatedBy ]]",
            "LastUpdatedBy": "[[ $chain.results.updateServiceRequestData.body.LastUpdatedBy ]]",
            "LastUpdatedByDisplayName": "[[ $chain.results.updateServiceRequestData.body.LastUpdatedByDisplayName ]]",
            "LastUpdateDate": "[[ $chain.results.updateServiceRequestData.body.LastUpdateDate ]]",
            "StatusCd": "[[ $chain.results.updateServiceRequestData.body.StatusCd ]]",
            "CriticalFlag": "[[ $chain.results.updateServiceRequestData.body.CriticalFlag ]]",
            "SrStatusCdLookup": "[[ $page.variables.serviceRequestRecord.SrStatusCdLookup ]]",
            "SeverityCdLookup": "[[ $page.variables.serviceRequestRecord.SeverityCdLookup ]]",
            "CategoryName": "[[ $chain.results.updateServiceRequestData.body.CategoryName ]]",
            "CategoryId": "[[ $chain.results.updateServiceRequestData.body.CategoryId ]]",
            "ProdGroupId": "[[ $chain.results.updateServiceRequestData.body.ProdGroupId ]]",
            "ProdGroupName": "[[ $chain.results.updateServiceRequestData.body.ProdGroupName ]]",
            "ProductItemDescription": "[[ $chain.results.updateServiceRequestData.body.ProductItemDescription ]]",
            "InventoryItemId": "[[ $chain.results.updateServiceRequestData.body.InventoryItemId ]]"
          }
        }
      },
      "outcomes": {
        "success": "fireServiceRequestEscalatedNotification"
      },
      "label": "Refresh Service Request Data"
    },
    "resetActionIvoked": {
      "module": "vb/action/builtin/assignVariablesAction",
      "parameters": {
        "$page.variables.actionInvoked": {
          "source": "{{ null }}"
        },
        "$page.variables.actionMessage": {
          "reset": "toDefault"
        }
      }
    },
    "fireServiceRequestEscalatedNotification": {
      "module": "vb/action/builtin/fireNotificationEventAction",
      "parameters": {
        "displayMode": "transient",
        "type": "info",
        "summary": "[[ $chain.variables.successMessage ]]"
      },
      "outcomes": {
        "success": "resetActionIvoked"
      }
    },
    "callValidateIsJsonAction": {
      "module": "vb/action/builtin/callChainAction",
      "parameters": {
        "id": "application:ValidateIsJsonResponseAction",
        "params": {
          "restPayload": "{{ $chain.results.updateServiceRequestData }}"
        }
      },
      "outcomes": {
        "success": "ifIsJsonResponse"
      }
    },
    "ifIsJsonResponse": {
      "module": "vb/action/builtin/ifAction",
      "outcomes": {
        "true": "updateServiceRequest"
      },
      "parameters": {
        "condition": "[[ $chain.results.callValidateIsJsonAction ]]"
      }
    }
  }
}