{
  "root": "callCloseDialog",
  "description": "",
  "actions": {
    "callResolveAction": {
      "module": "vb/action/builtin/callChainAction",
      "parameters": {
        "id": "SRActionSRUpdateAction",
        "params": {
          "successMessage": "[[ $application.translations.app.serviceRequestDetail_resolvedMsg ]]"
        }
      },
      "outcomes": {
        "success": "resetReadOnlyRelatedVariables"
      }
    },
    "callReopenAction": {
      "module": "vb/action/builtin/callChainAction",
      "parameters": {
        "id": "SRActionSRUpdateAction",
        "params": {
          "successMessage": "[[ $application.translations.app.serviceRequestDetail_reopenedMsg ]]"
        }
      },
      "outcomes": {
        "success": "resetMessage"
      }
    },
    "callEscalateAction": {
      "module": "vb/action/builtin/callChainAction",
      "parameters": {
        "id": "SRActionSRUpdateAction",
        "params": {
          "successMessage": "[[ $application.translations.app.serviceRequestDetail_escalatedMsg ]]"
        },
        "outcomes": {
          "success": "resetMessage"
        }
      },
      "outcomes": {
        "success": "resetMessage"
      }
    },
    "callCreateMessageAction": {
      "module": "vb/action/builtin/callChainAction",
      "parameters": {
        "id": "CreateMessageAction",
        "params": {
          "message": "{{ $page.variables.actionMessage }}"
        }
      },
      "outcomes": {
        "success": "callSpecificActionUpdate"
      }
    },
    "callSpecificActionUpdate": {
      "module": "vb/action/builtin/switchAction",
      "parameters": {
        "caseValue": "{{ $page.variables.actionInvoked }}",
        "possibleValues": [
          "Reopen",
          "Close",
          "Escalate"
        ]
      },
      "outcomes": {
        "Reopen": "assignReopen",
        "Close": "assignClosed",
        "Escalate": "assignEscalated",
        "default": "resetMessage"
      }
    },
    "callCloseDialog": {
      "module": "vb/action/builtin/callModuleFunctionAction",
      "parameters": {
        "module": "[[ $application.functions ]]",
        "functionName": "closeDialog",
        "params": [
          "odcs-sr-detail-action-dialog"
        ]
      },
      "outcomes": {
        "success": "showWaitCursor"
      }
    },
    "resetMessage": {
      "module": "vb/action/builtin/assignVariablesAction",
      "parameters": {
        "$page.variables.actionMessage": {
          "reset": "empty"
        }
      },
      "outcomes": {
        "success": "showDefaultCursor"
      }
    },
    "assignEscalated": {
      "module": "vb/action/builtin/assignVariablesAction",
      "parameters": {
        "$page.variables.serviceRequestRecord": {
          "source": {
            "CriticalFlag": true
          },
          "reset": "none"
        }
      },
      "outcomes": {
        "success": "callEscalateAction"
      }
    },
    "assignReopen": {
      "module": "vb/action/builtin/assignVariablesAction",
      "parameters": {
        "$page.variables.serviceRequestRecord": {
          "source": {
            "StatusCd": "ORA_SVC_NEW"
          },
          "reset": "none"
        }
      },
      "outcomes": {
        "success": "callReopenAction"
      }
    },
    "assignClosed": {
      "module": "vb/action/builtin/assignVariablesAction",
      "parameters": {
        "$page.variables.serviceRequestRecord": {
          "source": {
            "StatusCd": "ORA_SVC_RESOLVED"
          },
          "reset": "none"
        }
      },
      "outcomes": {
        "success": "callResolveAction"
      }
    },
    "showWaitCursor": {
      "module": "vb/action/builtin/callModuleFunctionAction",
      "parameters": {
        "module": "{{$application.functions}}",
        "functionName": "showWaitCursor"
      },
      "outcomes": {
        "success": "callCreateMessageAction"
      }
    },
    "showDefaultCursor": {
      "module": "vb/action/builtin/callModuleFunctionAction",
      "parameters": {
        "module": "{{$application.functions}}",
        "functionName": "showDefaultCursor"
      }
    },
    "resetReadOnlyRelatedVariables": {
      "module": "vb/action/builtin/resetVariablesAction",
      "parameters": {
        "variables": [
          "$page.variables.addMessage",
          "$page.variables.showAddMessageComponent",
          "$page.variables.srFileAttachmentEditContext"
        ]
      },
      "outcomes": {
        "success": "resetMessage"
      }
    }
  }
}