{
  "root": "navigateToSRWOListWODetailCustomEvent",
  "description": "This action chain is used to navigate to WO Detail view when WO Number is clicked by the user on work order listing page of SR Detail.",
  "variables": {
    "detail": {
      "type": "any",
      "required": true,
      "input": "fromCaller"
    }
  },
  "actions": {
    "navigateToSRWOListWODetailCustomEvent": {
      "module": "vb/action/builtin/fireCustomEventAction",
      "parameters": {
        "name": "navigate",
        "payload": {
          "target": "work-order",
          "operation": "detail",
          "id": "[[ $chain.variables.detail ]]"
        }
      },
      "description": "Invokes navigate custom event with required WO detail number in payload."
    }
  }
}