{
  "description": "",
  "variables": {
    "key": {
      "required": true,
      "type": "any",
      "input": "fromCaller"
    }
  },
  "root": "updateContextObjectStatus",
  "actions": {
    "callSetEditAttachmentDescriptionFocus": {
      "module": "vb/action/builtin/callModuleFunctionAction",
      "parameters": {
        "module": "{{$application.functions}}",
        "functionName": "setItemFocus",
        "params": [
          "{{ 'oj-input-text-attachment-description-' + $chain.variables.key }}"
        ]
      }
    },
    "assignEditAttachment": {
      "module": "vb/action/builtin/assignVariablesAction",
      "parameters": {
        "$page.variables.srFileAttachmentEditContext": {
          "source": "{{ $chain.results.updateContextObjectWithUpdatedContext }}",
          "auto": "always"
        }
      },
      "outcomes": {
        "success": "callSetEditAttachmentDescriptionFocus"
      }
    },
    "updateContextObjectStatus": {
      "module": "vb/action/builtin/callModuleFunctionAction",
      "parameters": {
        "module": "[[ $application.functions ]]",
        "functionName": "updateObjectAttributeValue",
        "params": [
          "{{ $page.variables.srFileAttachmentEditContext[$chain.variables.key] }}",
          "Status",
          "inEditMode"
        ]
      },
      "outcomes": {
        "success": "updateContextObjectWithUpdatedContext"
      }
    },
    "updateContextObjectWithUpdatedContext": {
      "module": "vb/action/builtin/callModuleFunctionAction",
      "parameters": {
        "module": "{{$application.functions}}",
        "functionName": "setMapKeyValue",
        "params": [
          "[[ $page.variables.srFileAttachmentEditContext ]]",
          "[[ $chain.variables.key ]]",
          "{{ $chain.results.updateContextObjectStatus }}"
        ]
      },
      "outcomes": {
        "success": "assignEditAttachment"
      }
    }
  }
}