{
  "root": "callRestSRAttachmentsEndpoint",
  "actions": {
    "returnData": {
      "module": "vb/action/builtin/returnAction",
      "parameters": {
        "outcome": "success",
        "payload": "{{ $chain.results.callRestSRAttachmentsEndpoint }}"
      }
    },
    "callRestSRAttachmentsEndpoint": {
      "module": "vb/action/builtin/restAction",
      "parameters": {
        "requestType": "json",
        "endpoint": "crmRestApi/getall_serviceRequests-Attachment",
        "uriParams": {
          "serviceRequests_Id": "{{ $page.variables.serviceRequestNumber }}",
          "fields": "AttachedDocumentId,CategoryName,CreatedBy,CreationDate,DatatypeCode,Description,FileName,LastUpdateDate,LastUpdatedBy,Title,UploadedFileContentType,UploadedFileLength,UploadedFileName,UploadedText,Url",
          "q": "{{ \"DatatypeCode='FILE'\" }}"
        },
        "responseType": "page:getallServiceRequestsAttachment",
        "hookHandler": "{{ $variables.configuration.hookHandler }}"
      },
      "outcomes": {
        "success": "callValidateIsJsonAction",
        "failure": "returnFailure"
      }
    },
    "callValidateIsJsonAction": {
      "module": "vb/action/builtin/callChainAction",
      "parameters": {
        "id": "application:ValidateIsJsonResponseAction",
        "params": {
          "restPayload": "{{ $chain.results.callRestSRAttachmentsEndpoint }}"
        }
      },
      "outcomes": {
        "success": "ifIsJsonResponse"
      }
    },
    "ifIsJsonResponse": {
      "module": "vb/action/builtin/ifAction",
      "outcomes": {
        "true": "assignSRAttachmentDataToChainAttachmentData"
      },
      "parameters": {
        "condition": "[[ $chain.results.callValidateIsJsonAction ]]"
      }
    },
    "forEachItem": {
      "module": "vb/action/builtin/forEachAction",
      "outcomes": {
        "success": "assignSRAttachmentData"
      },
      "parameters": {
        "items": "{{ $chain.results.callRestSRAttachmentsEndpoint.body.items }}",
        "actionId": "callAddItemToContextObject"
      }
    },
    "callAddItemToContextObject": {
      "module": "vb/action/builtin/callModuleFunctionAction",
      "parameters": {
        "module": "[[ $application.functions ]]",
        "functionName": "updateObjectAttributeValue",
        "params": [
          "{{ $page.variables.srFileAttachmentEditContext }}",
          "{{ $current.data.AttachedDocumentId }}",
          {
            "Status": "preEditMode",
            "Description": "{{ $current.data.Description }}",
            "OriginalDescription": "{{ $current.data.Description }}",
            "Title": "{{ $current.data.Title }}",
            "OriginalTitle": "{{ $current.data.Title }}",
            "Valid": "valid"
          }
        ]
      },
      "outcomes": {
        "success": "callUpdateAttachmentsDataObject"
      }
    },
    "returnFailure": {
      "module": "vb/action/builtin/returnAction",
      "parameters": {
        "outcome": "failure"
      }
    },
    "callUpdateAttachmentsDataObject": {
      "module": "vb/action/builtin/callModuleFunctionAction",
      "parameters": {
        "module": "[[ $application.functions ]]",
        "functionName": "updateObjectAttributeValue",
        "params": [
          "{{ $variables.attachmentData }}",
          "{{ $current.data.AttachedDocumentId }}",
          {
            "fileContentsEndpointId": "crmRestApi/get_serviceRequests-Attachment-FileContents",
            "parameter": {
              "serviceRequests_Id": "[[ $page.variables.serviceRequestNumber ]]",
              "serviceRequests_Attachment_Id": "{{ $current.data.links[0].href.substr($current.data.links[0].href.lastIndexOf('/') + 1) }}"
            },
            "contentType": "{{ $current.data.UploadedFileContentType }}"
          }
        ]
      },
      "outcomes": {
        "success": "assignUpdatedContextAndDataVariables"
      }
    },
    "assignSRAttachmentData": {
      "module": "vb/action/builtin/assignVariablesAction",
      "parameters": {
        "$page.variables.srAttachmentsData": {
          "source": "{{ $variables.attachmentData }}",
          "auto": "always"
        }
      },
      "outcomes": {
        "success": "returnData"
      },
      "description": "Update the page variable with the value of the chain variable now the processing is complete."
    },
    "assignUpdatedContextAndDataVariables": {
      "module": "vb/action/builtin/assignVariablesAction",
      "parameters": {
        "$page.variables.srFileAttachmentEditContext": {
          "source": "{{ $chain.results.callAddItemToContextObject }}",
          "auto": "always"
        },
        "$variables.attachmentData": {
          "source": "{{ $chain.results.callUpdateAttachmentsDataObject }}",
          "auto": "always"
        }
      }
    },
    "assignSRAttachmentDataToChainAttachmentData": {
      "module": "vb/action/builtin/assignVariablesAction",
      "parameters": {
        "$variables.attachmentData": {
          "source": "{{ $page.variables.srAttachmentsData }}",
          "auto": "always"
        }
      },
      "outcomes": {
        "success": "forEachItem"
      }
    }
  },
  "variables": {
    "attachmentData": {
      "type": "object"
    },
    "configuration": {
      "type": {
        "hookHandler": "vb/RestHookHandler"
      },
      "input": "fromCaller",
      "required": true
    }
  }
}