{
  "description": "",
  "variables": {
    "detail": {
      "required": true,
      "type": "any",
      "input": "fromCaller"
    },
    "key": {
      "required": true,
      "type": "any",
      "input": "fromCaller"
    }
  },
  "root": "ifChangesExist",
  "actions": {
    "callUpdateAttachmentRestEndpoint": {
      "module": "vb/action/builtin/restAction",
      "parameters": {
        "endpoint": "crmRestApi/update_serviceRequests-Attachment",
        "uriParams": {
          "serviceRequests_Id": "{{ $page.variables.serviceRequestNumber }}",
          "serviceRequests_Attachment_Id": "{{ $chain.variables.detail.links[0].href.substr($chain.variables.detail.links[0].href.lastIndexOf('/') + 1)  }}"
        },
        "headers": {
          "Accept": "application/vnd.oracle.adf.resourceitem+json;q=0"
        },
        "body": {
          "Description": "{{ $page.variables.srFileAttachmentEditContext[$chain.variables.key].Description }}",
          "Title": "{{ $page.variables.srFileAttachmentEditContext[$chain.variables.key].Title }}"
        }
      },
      "outcomes": {
        "success": "updateStatusAttributeToInPreEditMode",
        "failure": "fireErrorNotification"
      }
    },
    "assignEditAttachmentDescription": {
      "module": "vb/action/builtin/assignVariablesAction",
      "parameters": {
        "$page.variables.srFileAttachmentEditContext": {
          "source": "{{ $chain.results.updateStatusAttributeToInPreEditMode }}",
          "auto": "always"
        }
      },
      "outcomes": {
        "success": "showDefaultCursor"
      }
    },
    "showDefaultCursor": {
      "module": "vb/action/builtin/callModuleFunctionAction",
      "parameters": {
        "module": "{{$application.functions}}",
        "functionName": "showDefaultCursor"
      },
      "outcomes": {
        "success": "setItemFocus"
      }
    },
    "showProgressCursor": {
      "module": "vb/action/builtin/callModuleFunctionAction",
      "parameters": {
        "module": "{{$application.functions}}",
        "functionName": "showProgressCursor"
      },
      "outcomes": {
        "success": "callUpdateAttachmentRestEndpoint"
      }
    },
    "setItemFocus": {
      "module": "vb/action/builtin/callModuleFunctionAction",
      "parameters": {
        "module": "{{$application.functions}}",
        "functionName": "setItemFocus",
        "params": [
          "{{ 'oj-button-edit-attachment-description-' + $chain.variables.key }}"
        ]
      }
    },
    "setEditDescriptionToInProgress": {
      "module": "vb/action/builtin/assignVariablesAction",
      "outcomes": {
        "success": "showProgressCursor"
      },
      "parameters": {
        "$page.variables.srFileAttachmentEditContext": {
          "source": "{{ $chain.results.updateStatusAttributeToInProgress }}",
          "auto": "always"
        }
      }
    },
    "updateStatusAttributeToInPreEditMode": {
      "module": "vb/action/builtin/callModuleFunctionAction",
      "parameters": {
        "module": "[[ $application.functions ]]",
        "functionName": "updateObjectAttributeValue",
        "params": [
          "{{ $page.variables.srFileAttachmentEditContext }}",
          "{{ $chain.variables.key }}",
          {
            "Status": "preEditMode",
            "Description": "{{ $page.variables.srFileAttachmentEditContext[$chain.variables.key].Description }}",
            "OriginalDescription": "{{ $page.variables.srFileAttachmentEditContext[$chain.variables.key].Description }}",
            "Title": "{{ $page.variables.srFileAttachmentEditContext[$chain.variables.key].Title }}",
            "OriginalTitle": "{{ $page.variables.srFileAttachmentEditContext[$chain.variables.key].Title }}",
            "Valid": "valid"
          }
        ]
      },
      "outcomes": {
        "success": "assignEditAttachmentDescription"
      }
    },
    "updateStatusAttributeToInProgress": {
      "module": "vb/action/builtin/callModuleFunctionAction",
      "parameters": {
        "module": "[[ $application.functions ]]",
        "functionName": "updateObjectAttributeValue",
        "params": [
          "{{ $page.variables.srFileAttachmentEditContext }}",
          "{{ $chain.variables.key }}",
          {
            "Status": "saveInProgress",
            "Description": "{{ $page.variables.srFileAttachmentEditContext[$chain.variables.key].Description }}",
            "OriginalDescription": "{{ $page.variables.srFileAttachmentEditContext[$chain.variables.key].OriginalDescription }}",
            "Title": "{{ $page.variables.srFileAttachmentEditContext[$chain.variables.key].Title }}",
            "OriginalTitle": "{{ $page.variables.srFileAttachmentEditContext[$chain.variables.key].OriginalTitle }}"
          }
        ]
      },
      "outcomes": {
        "success": "setEditDescriptionToInProgress"
      }
    },
    "fireErrorNotification": {
      "module": "vb/action/builtin/fireNotificationEventAction",
      "parameters": {
        "target": "leaf",
        "summary": "[[ $application.translations.app.serviceRequestDetail_updateFailedMsg ]]"
      },
      "outcomes": {
        "success": "callUpdateContextResetValuesOnFailure"
      }
    },
    "callShowDefaultCursotAfterFailure": {
      "module": "vb/action/builtin/callModuleFunctionAction",
      "parameters": {
        "module": "[[ $application.functions ]]",
        "functionName": "showDefaultCursor"
      }
    },
    "callUpdateContextResetValuesOnFailure": {
      "module": "vb/action/builtin/callModuleFunctionAction",
      "parameters": {
        "module": "[[ $application.functions ]]",
        "functionName": "updateObjectAttributeValue",
        "params": [
          "{{ $page.variables.srFileAttachmentEditContext }}",
          "{{ $chain.variables.key }}",
          {
            "Status": "preEditMode",
            "Description": "{{ $page.variables.srFileAttachmentEditContext[$chain.variables.key].OriginalDescription }}",
            "OriginalDescription": "{{ $page.variables.srFileAttachmentEditContext[$chain.variables.key].OriginalDescription }}"
          }
        ]
      },
      "outcomes": {
        "success": "assignUpdatedContextOnFailure"
      }
    },
    "assignUpdatedContextOnFailure": {
      "module": "vb/action/builtin/assignVariablesAction",
      "outcomes": {
        "success": "callShowDefaultCursotAfterFailure"
      },
      "parameters": {
        "$page.variables.srFileAttachmentEditContext": {
          "source": "{{ $chain.results.callUpdateContextResetValuesOnFailure }}",
          "auto": "always"
        }
      }
    },
    "ifChangesExist": {
      "module": "vb/action/builtin/ifAction",
      "outcomes": {
        "true": "updateStatusAttributeToInProgress",
        "false": "updateStatusAttributeToInPreEditMode"
      },
      "parameters": {
        "condition": "[[ ( $page.variables.srFileAttachmentEditContext[$chain.variables.key].OriginalDescription !== $page.variables.srFileAttachmentEditContext[$chain.variables.key].Description ) || ( $page.variables.srFileAttachmentEditContext[$chain.variables.key].OriginalTitle !== $page.variables.srFileAttachmentEditContext[$chain.variables.key].Title ) ]]"
      }
    }
  }
}