{
  "description": "",
  "variables": {
    "detail": {
      "required": true,
      "type": "any",
      "input": "fromCaller"
    }
  },
  "root": "assignVariables1",
  "actions": {
    "forEachInputFiles": {
      "module": "vb/action/builtin/forEachAction",
      "parameters": {
        "items": "{{ $chain.variables.detail }}",
        "actionId": "callReadFileContentFunction"
      },
      "outcomes": {
        "success": "assignVariables2"
      }
    },
    "callReadFileContentFunction": {
      "module": "vb/action/builtin/callModuleFunctionAction",
      "parameters": {
        "module": "{{$application.functions}}",
        "functionName": "readBinaryContentFromFile",
        "params": [
          "{{ $current.data }}"
        ]
      },
      "outcomes": {
        "success": "callCreateAttachmentRestEndpoint"
      }
    },
    "callCreateAttachmentRestEndpoint": {
      "module": "vb/action/builtin/restAction",
      "parameters": {
        "endpoint": "crmRestApi/create_serviceRequests-Attachment",
        "headers": {
          "Accept": "application/vnd.oracle.adf.resourceitem+json;q=0"
        },
        "uriParams": {
          "serviceRequests_Id": "{{ $page.variables.serviceRequestNumber }}"
        },
        "body": {
          "CategoryName": "MISC",
          "Description": "",
          "DatatypeCode": "FILE",
          "FileName": "{{$current.data.name}}",
          "UploadedFileLength": "{{$current.data.size}}",
          "UploadedFileContentType": "{{$current.data.type}}",
          "FileContents": "{{ btoa($chain.results.callReadFileContentFunction) }}"
        }
      },
      "outcomes": {
        "success": "refreshAttachmentList"
      }
    },
    "refreshAttachmentList": {
      "module": "vb/action/builtin/fireDataProviderEventAction",
      "parameters": {
        "refresh": null,
        "target": "{{ $page.variables.attachmentListServiceDataProvider }}"
      }
    },
    "assignVariables1": {
      "module": "vb/action/builtin/assignVariablesAction",
      "parameters": {
        "$page.variables.uploadingAttachment": {
          "source": "{{ true }}"
        }
      },
      "outcomes": {
        "success": "forEachInputFiles"
      }
    },
    "assignVariables2": {
      "module": "vb/action/builtin/assignVariablesAction",
      "parameters": {
        "$page.variables.uploadingAttachment": {
          "source": "{{ false }}"
        }
      }
    }
  }
}