{
  "description": "",
  "variables": {
    "detail": {
      "required": true,
      "type": "any",
      "input": "fromCaller"
    },
    "key": {
      "required": true,
      "type": "any",
      "input": "fromCaller"
    }
  },
  "root": "callResetOriginalDescriptionOnContext",
  "actions": {
    "assignEditAttachmentDescription": {
      "module": "vb/action/builtin/assignVariablesAction",
      "parameters": {
        "$page.variables.srFileAttachmentEditContext": {
          "source": "{{ $chain.results.callResetOriginalDescriptionOnContext }}",
          "auto": "always"
        }
      },
      "outcomes": {
        "success": "setItemFocus"
      }
    },
    "setItemFocus": {
      "module": "vb/action/builtin/callModuleFunctionAction",
      "parameters": {
        "module": "{{$application.functions}}",
        "functionName": "setItemFocus",
        "params": [
          "{{ 'oj-button-edit-attachment-description-' + $chain.variables.key }}"
        ]
      }
    },
    "callResetOriginalDescriptionOnContext": {
      "module": "vb/action/builtin/callModuleFunctionAction",
      "parameters": {
        "module": "[[ $application.functions ]]",
        "functionName": "updateObjectAttributeValue",
        "params": [
          "{{ $page.variables.srFileAttachmentEditContext }}",
          "{{ $chain.variables.key }}",
          {
            "Status": "preEditMode",
            "Description": "{{ $page.variables.srFileAttachmentEditContext[$chain.variables.key].OriginalDescription }}",
            "OriginalDescription": "{{ $page.variables.srFileAttachmentEditContext[$chain.variables.key].OriginalDescription }}",
            "Title": "{{ $page.variables.srFileAttachmentEditContext[$chain.variables.key].OriginalTitle }}",
            "OriginalTitle": "{{ $page.variables.srFileAttachmentEditContext[$chain.variables.key].OriginalTitle }}",
            "Valid": "valid"
          }
        ]
      },
      "outcomes": {
        "success": "assignEditAttachmentDescription"
      }
    }
  }
}