{
  "root": "callSRMessageRestEndpoint",
  "actions": {
    "callValidateIsJsonAction": {
      "module": "vb/action/builtin/callChainAction",
      "parameters": {
        "id": "application:ValidateIsJsonResponseAction",
        "params": {
          "restPayload": "{{ $chain.results.callSRMessageRestEndpoint }}"
        }
      },
      "outcomes": {
        "success": "ifIsJson"
      }
    },
    "callSRMessageRestEndpoint": {
      "module": "vb/action/builtin/restAction",
      "parameters": {
        "requestType": "json",
        "endpoint": "crmRestApi/getall_serviceRequests-messages",
        "uriParams": {
          "serviceRequests_Id": "{{ $page.variables.serviceRequestNumber }}"
        },
        "responseType": "page:getallServiceRequestsMessagesResponse",
        "hookHandler": "{{ $variables.configuration.hookHandler }}"
      },
      "outcomes": {
        "success": "callValidateIsJsonAction"
      }
    },
    "ifIsJson": {
      "module": "vb/action/builtin/ifAction",
      "parameters": {
        "condition": "[[ $chain.results.callValidateIsJsonAction ]]"
      },
      "outcomes": {
        "true": "assignSRAttachmentDataToChainAttachmentData",
        "false": "return"
      }
    },
    "forEachMessage": {
      "module": "vb/action/builtin/forEachAction",
      "parameters": {
        "actionId": "forEach1",
        "items": "{{ $chain.results.callSRMessageRestEndpoint.body.items }}",
        "as": "message"
      },
      "outcomes": {
        "success": "assignSRAttachmentData"
      }
    },
    "callUpdateAttachmentsObject": {
      "module": "vb/action/builtin/callModuleFunctionAction",
      "parameters": {
        "module": "[[ $application.functions ]]",
        "functionName": "updateObjectAttributeValue",
        "params": [
          "{{ $variables.attachmentData }}",
          "{{ $current.data.AttachedDocumentId }}",
          {
            "fileContentsEndpointId": "crmRestApi/get_serviceRequests-messages-Attachment-FileContents",
            "parameter": {
              "serviceRequests_Id": "[[ $page.variables.serviceRequestNumber ]]",
              "serviceRequests_messages_Attachment_Id": "{{ $current.data.links[0].href.substr($current.data.links[0].href.lastIndexOf('/') + 1) }}",
              "serviceRequests_messages_Id": "{{ message.data.MessageId }}"
            },
            "contentType": "{{ $current.data.UploadedFileContentType }}"
          }
        ]
      },
      "outcomes": {
        "success": "assignUpdatedAttachmentsData"
      }
    },
    "forEach1": {
      "module": "vb/action/builtin/forEachAction",
      "parameters": {
        "items": "{{ $current.data.Attachment.items }}",
        "as": "attachment",
        "actionId": "callUpdateAttachmentsObject"
      }
    },
    "return": {
      "module": "vb/action/builtin/returnAction",
      "parameters": {
        "outcome": "success",
        "payload": "{{ $chain.results.callSRMessageRestEndpoint }}"
      }
    },
    "assignSRAttachmentData": {
      "module": "vb/action/builtin/assignVariablesAction",
      "parameters": {
        "$page.variables.srAttachmentsData": {
          "source": "{{ $variables.attachmentData }}",
          "auto": "always"
        }
      },
      "outcomes": {
        "success": "return"
      },
      "description": "Update the srAttachmentData variable with the value of the chain attachmentData variable now the processing is complete"
    },
    "assignUpdatedAttachmentsData": {
      "module": "vb/action/builtin/assignVariablesAction",
      "parameters": {
        "$variables.attachmentData": {
          "source": "{{ $chain.results.callUpdateAttachmentsObject }}",
          "auto": "always"
        }
      }
    },
    "assignSRAttachmentDataToChainAttachmentData": {
      "module": "vb/action/builtin/assignVariablesAction",
      "parameters": {
        "$variables.attachmentData": {
          "source": "{{ $page.variables.srAttachmentsData }}",
          "auto": "always"
        }
      },
      "outcomes": {
        "success": "forEachMessage"
      }
    }
  },
  "variables": {
    "attachmentData": {
      "type": "object"
    },
    "configuration": {
      "type": {
        "hookHandler": "vb/RestHookHandler"
      },
      "input": "fromCaller",
      "required": true
    }
  }
}