{
  "description": "",
  "variables": {
    "detail": {
      "required": true,
      "type": "any",
      "input": "fromCaller"
    },
    "key": {
      "required": true,
      "type": "any",
      "input": "fromCaller"
    },
    "errorMessage": {
      "type": "string"
    }
  },
  "root": "ifValidForSubmit",
  "actions": {
    "callUpdateAttachmentRestEndpoint": {
      "module": "vb/action/builtin/restAction",
      "parameters": {
        "endpoint": "crmRestApi/update_serviceRequests-Attachment",
        "uriParams": {
          "serviceRequests_Id": "{{ $page.variables.serviceRequestNumber }}",
          "serviceRequests_Attachment_Id": "{{ $chain.variables.detail.links[0].href.substr($chain.variables.detail.links[0].href.lastIndexOf('/') + 1)  }}"
        },
        "headers": {
          "Accept": "application/vnd.oracle.adf.resourceitem+json;q=0"
        },
        "body": {
          "Description": "{{ $page.variables.srURLAttachmentEditContext[$chain.variables.key].Description }}",
          "Title": "{{ $page.variables.srURLAttachmentEditContext[$chain.variables.key].Title }}",
          "Url": "{{ $page.variables.srURLAttachmentEditContext[$chain.variables.key].Url }}"
        }
      },
      "outcomes": {
        "success": "callUpdateContextObject",
        "failure": "firePatchingErrorMessageNotification"
      }
    },
    "assignEditAttachmentDescription": {
      "module": "vb/action/builtin/assignVariablesAction",
      "parameters": {
        "$page.variables.srURLAttachmentEditContext": {
          "source": "{{ $chain.results.callUpdateContextObject }}",
          "auto": "always"
        }
      },
      "outcomes": {
        "success": "showDefaultCursor"
      }
    },
    "showDefaultCursor": {
      "module": "vb/action/builtin/callModuleFunctionAction",
      "parameters": {
        "module": "{{$application.functions}}",
        "functionName": "showDefaultCursor"
      },
      "outcomes": {
        "success": "setItemFocus"
      }
    },
    "showProgressCursor": {
      "module": "vb/action/builtin/callModuleFunctionAction",
      "parameters": {
        "module": "{{$application.functions}}",
        "functionName": "showProgressCursor"
      },
      "outcomes": {
        "success": "callUpdateAttachmentRestEndpoint"
      }
    },
    "setItemFocus": {
      "module": "vb/action/builtin/callModuleFunctionAction",
      "parameters": {
        "module": "{{ $application.functions }}",
        "functionName": "setItemFocus",
        "params": [
          "{{ 'oj-button-update-url-attachment-description-' + $chain.variables.key }}"
        ]
      },
      "outcomes": {
        "success": "returnSuccess"
      }
    },
    "setInProgressFlag": {
      "module": "vb/action/builtin/callModuleFunctionAction",
      "parameters": {
        "module": "{{$application.functions}}",
        "functionName": "setMapKeyValue",
        "params": [
          "[[ $page.variables.srURLAttachmentEditContext ]]",
          "[[ $chain.variables.key ]]",
          "{{ $chain.results.updateStatusAttributeToInProgress }}"
        ]
      },
      "outcomes": {
        "success": "setEditDescriptionToInProgress"
      }
    },
    "setEditDescriptionToInProgress": {
      "module": "vb/action/builtin/assignVariablesAction",
      "outcomes": {
        "success": "showProgressCursor"
      },
      "parameters": {
        "$page.variables.srURLAttachmentEditContext": {
          "source": "[[ $chain.results.setInProgressFlag ]]",
          "auto": "always"
        }
      }
    },
    "ifValidForSubmit": {
      "module": "vb/action/builtin/ifAction",
      "outcomes": {
        "true": "ifChangesRequireSaving",
        "false": "returnFailure"
      },
      "parameters": {
        "condition": "{{ $page.variables.srURLAttachmentEditContext[$chain.variables.key].Description.length < 251 }}"
      }
    },
    "updateStatusAttributeToInProgress": {
      "module": "vb/action/builtin/callModuleFunctionAction",
      "parameters": {
        "module": "[[ $application.functions ]]",
        "functionName": "updateObjectAttributeValue",
        "params": [
          "{{ $page.variables.srURLAttachmentEditContext[$chain.variables.key] }}",
          "Status",
          "saveInProgress"
        ]
      },
      "outcomes": {
        "success": "setInProgressFlag"
      }
    },
    "firePatchingErrorMessageNotification": {
      "module": "vb/action/builtin/fireNotificationEventAction",
      "parameters": {
        "target": "leaf",
        "message": "",
        "summary": "[[ $application.translations.app.serviceRequestDetail_updateFailedMsg ]]"
      },
      "outcomes": {
        "success": "callResetSRURLPropertiesToPreSaveState"
      }
    },
    "callShowDefaultCursorAfterError": {
      "module": "vb/action/builtin/callModuleFunctionAction",
      "parameters": {
        "module": "[[ $application.functions ]]",
        "functionName": "showDefaultCursor"
      },
      "outcomes": {
        "success": "returnFailure"
      }
    },
    "returnSuccess": {
      "module": "vb/action/builtin/returnAction",
      "parameters": {
        "outcome": "success"
      }
    },
    "returnFailure": {
      "module": "vb/action/builtin/returnAction",
      "parameters": {
        "outcome": "failure"
      }
    },
    "ifChangesRequireSaving": {
      "module": "vb/action/builtin/ifAction",
      "outcomes": {
        "true": "updateStatusAttributeToInProgress",
        "false": "callUpdateContextObject"
      },
      "parameters": {
        "condition": "[[ ($page.variables.srURLAttachmentEditContext[$chain.variables.key].OriginalUrl !== $page.variables.srURLAttachmentEditContext[$chain.variables.key].Url) || ($page.variables.srURLAttachmentEditContext[$chain.variables.key].OriginalDescription !== $page.variables.srURLAttachmentEditContext[$chain.variables.key].Description) || ($page.variables.srURLAttachmentEditContext[$chain.variables.key].OriginaTitle !== $page.variables.srURLAttachmentEditContext[$chain.variables.key].Title) ]]"
      }
    },
    "callUpdateContextObject": {
      "module": "vb/action/builtin/callModuleFunctionAction",
      "parameters": {
        "module": "[[ $application.functions ]]",
        "functionName": "updateObjectAttributeValue",
        "params": [
          "{{ $page.variables.srURLAttachmentEditContext }}",
          "{{ $chain.variables.key }}",
          {
            "Status": "preEditMode",
            "Url": "{{  $page.variables.srURLAttachmentEditContext[$chain.variables.key].Url }}",
            "OriginalUrl": "{{ $page.variables.srURLAttachmentEditContext[$chain.variables.key].Url }}",
            "Description": "{{ $page.variables.srURLAttachmentEditContext[$chain.variables.key].Description }}",
            "OriginalDescription": "{{ $page.variables.srURLAttachmentEditContext[$chain.variables.key].Description }}",
            "Title": "{{ $page.variables.srURLAttachmentEditContext[$chain.variables.key].Title }}",
            "OriginalTitle": "{{ $page.variables.srURLAttachmentEditContext[$chain.variables.key].Title }}",
            "Valid": "valid"
          }
        ]
      },
      "outcomes": {
        "success": "assignEditAttachmentDescription"
      }
    },
    "callResetSRURLPropertiesToPreSaveState": {
      "module": "vb/action/builtin/callModuleFunctionAction",
      "parameters": {
        "module": "[[ $application.functions ]]",
        "functionName": "updateObjectAttributeValue",
        "params": [
          "{{ $page.variables.srURLAttachmentEditContext }}",
          "{{ $chain.variables.key }}",
          {
            "Status": "preEditMode",
            "Url": "{{  $page.variables.srURLAttachmentEditContext[$chain.variables.key].OriginalUrl }}",
            "OriginalUrl": "{{ $page.variables.srURLAttachmentEditContext[$chain.variables.key].OriginalUrl }}",
            "Description": "{{ $page.variables.srURLAttachmentEditContext[$chain.variables.key].OriginalDescription }}",
            "OriginalDescription": "{{ $page.variables.srURLAttachmentEditContext[$chain.variables.key].OriginalDescription }}",
            "Title": "{{ $page.variables.srURLAttachmentEditContext[$chain.variables.key].OriginalTitle }}",
            "OriginalTitle": "{{ $page.variables.srURLAttachmentEditContext[$chain.variables.key].OriginalTitle }}",
            "Valid": "valid"
          }
        ]
      },
      "outcomes": {
        "success": "assignUpdatedContextOnFailure"
      }
    },
    "assignUpdatedContextOnFailure": {
      "module": "vb/action/builtin/assignVariablesAction",
      "outcomes": {
        "success": "callShowDefaultCursorAfterError"
      },
      "parameters": {
        "$page.variables.srURLAttachmentEditContext": {
          "source": "{{ $chain.results.callResetSRURLPropertiesToPreSaveState }}",
          "auto": "always"
        }
      }
    }
  }
}