{
  "root": "callRestGetSRURLAttachments",
  "actions": {
    "callAddItemToContextObject": {
      "module": "vb/action/builtin/callModuleFunctionAction",
      "parameters": {
        "module": "[[ $application.functions ]]",
        "functionName": "updateObjectAttributeValue",
        "params": [
          "{{ $page.variables.srURLAttachmentEditContext }}",
          "{{ $current.data.AttachedDocumentId }}",
          {
            "Url": "{{ $current.data.Url }}",
            "OriginalUrl": "{{ $current.data.Url }}",
            "Description": "{{ $current.data.Description }}",
            "OriginalDescription": "{{ $current.data.Description }}",
            "Title": "{{ $current.data.Title }}",
            "OriginalTitle": "{{ $current.data.Title }}",
            "Status": "preEditMode",
            "Valid": "valid"
          }
        ]
      },
      "outcomes": {
        "success": "assignUpdatedEditContext"
      }
    },
    "callRestGetSRURLAttachments": {
      "module": "vb/action/builtin/restAction",
      "parameters": {
        "requestType": "json",
        "endpoint": "crmRestApi/getall_serviceRequests-Attachment",
        "uriParams": {
          "serviceRequests_Id": "{{ $page.variables.serviceRequestNumber }}",
          "fields": "AttachedDocumentId,CategoryName,CreatedBy,CreationDate,DatatypeCode,Description,LastUpdateDate,LastUpdatedBy,Title,Url",
          "q": "(DatatypeCode='URL' OR DatatypeCode='WEB_PAGE')"
        },
        "responseType": "page:getall_serviceRequests_URLAttachment",
        "hookHandler": "{{ $variables.configuration.hookHandler }}"
      },
      "outcomes": {
        "success": "callValidateIsJsonAction",
        "failure": "returnFailure"
      }
    },
    "callValidateIsJsonAction": {
      "module": "vb/action/builtin/callChainAction",
      "parameters": {
        "id": "application:ValidateIsJsonResponseAction",
        "params": {
          "restPayload": "{{ $chain.results.callRestGetSRURLAttachments }}"
        }
      },
      "outcomes": {
        "success": "ifIsJsonResponse"
      }
    },
    "ifIsJsonResponse": {
      "module": "vb/action/builtin/ifAction",
      "outcomes": {
        "true": "forEachItem"
      },
      "parameters": {
        "condition": "[[ $chain.results.callValidateIsJsonAction ]]"
      }
    },
    "forEachItem": {
      "module": "vb/action/builtin/forEachAction",
      "parameters": {
        "items": "{{ $chain.results.callRestGetSRURLAttachments.body.items }}",
        "actionId": "callAddItemToContextObject"
      },
      "outcomes": {
        "success": "returnSuccess"
      }
    },
    "returnSuccess": {
      "module": "vb/action/builtin/returnAction",
      "parameters": {
        "outcome": "success",
        "payload": "{{ $chain.results.callRestGetSRURLAttachments }}"
      }
    },
    "assignUpdatedEditContext": {
      "module": "vb/action/builtin/assignVariablesAction",
      "parameters": {
        "$page.variables.srURLAttachmentEditContext": {
          "source": "{{ $chain.results.callAddItemToContextObject }}",
          "auto": "always"
        }
      }
    },
    "returnFailure": {
      "module": "vb/action/builtin/returnAction",
      "parameters": {
        "outcome": "failure"
      }
    }
  },
  "variables": {
    "configuration": {
      "type": {
        "hookHandler": "vb/RestHookHandler"
      },
      "input": "fromCaller",
      "required": true
    }
  }
}