{
  "description": "",
  "variables": {
    "Url": {
      "type": "string",
      "required": true,
      "input": "fromCaller"
    },
    "Description": {
      "type": "string",
      "required": true,
      "input": "fromCaller"
    },
    "Title": {
      "type": "string",
      "required": true,
      "input": "fromCaller"
    }
  },
  "root": "disableCreateButton",
  "actions": {
    "callCreateAttachmentEndPoint": {
      "module": "vb/action/builtin/restAction",
      "parameters": {
        "endpoint": "crmRestApi/create_serviceRequests-Attachment",
        "uriParams": {
          "serviceRequests_Id": "{{ $page.variables.serviceRequestNumber }}"
        },
        "headers": {
          "Accept": "application/vnd.oracle.adf.resourceitem+json;q=0"
        },
        "body": {
          "CategoryName": "MISC",
          "Title": "{{ $chain.variables.Title }}",
          "Description": "{{ $chain.variables.Description }}",
          "DatatypeCode": "WEB_PAGE",
          "Url": "{{ $chain.variables.Url }}"
        }
      },
      "outcomes": {
        "success": "refreshURLAttachmentList",
        "failure": "showDefaultCursorAfterFailure"
      }
    },
    "resetURLAttachment": {
      "module": "vb/action/builtin/resetVariablesAction",
      "parameters": {
        "variables": [
          "$page.variables.srURLAttachmentDescription",
          "$page.variables.srURLAttachmentTitle",
          "$page.variables.srURLAttachmentURL"
        ]
      },
      "outcomes": {
        "success": "assignCreateUrlValidationToValid"
      }
    },
    "disableCreateButton": {
      "module": "vb/action/builtin/callComponentMethodAction",
      "parameters": {
        "component": "[[ document.getElementById('oj-button-create-url-attachment') ]]",
        "method": "setProperty",
        "params": [
          "disabled",
          true
        ]
      },
      "outcomes": {
        "success": "showWaitCursor"
      }
    },
    "refreshURLAttachmentList": {
      "module": "vb/action/builtin/fireDataProviderEventAction",
      "parameters": {
        "refresh": null,
        "target": "[[ $page.variables.srURLAttachmentListServiceDataProvider ]]"
      },
      "outcomes": {
        "success": "resetURLAttachment"
      }
    },
    "showWaitCursor": {
      "module": "vb/action/builtin/callModuleFunctionAction",
      "parameters": {
        "module": "{{$application.functions}}",
        "functionName": "showWaitCursor"
      },
      "outcomes": {
        "success": "callCreateAttachmentEndPoint"
      }
    },
    "showDefaultCursorAfterFailure": {
      "module": "vb/action/builtin/callModuleFunctionAction",
      "parameters": {
        "module": "{{$application.functions}}",
        "functionName": "showDefaultCursor"
      }
    },
    "showDefaultCursorAfterSuccess": {
      "module": "vb/action/builtin/callModuleFunctionAction",
      "parameters": {
        "module": "{{$application.functions}}",
        "functionName": "showDefaultCursor"
      }
    },
    "assignCreateUrlValidationToValid": {
      "module": "vb/action/builtin/assignVariablesAction",
      "parameters": {
        "$page.variables.srUrlAttachmentCreateFormValidationStatus": {
          "source": "valid"
        }
      },
      "outcomes": {
        "success": "showDefaultCursorAfterSuccess"
      }
    }
  }
}