{
  "description": "",
  "variables": {
    "detail": {
      "required": true,
      "type": "any",
      "input": "fromCaller"
    }
  },
  "root": "disableCreateButton",
  "actions": {
    "checkNewCommentExists": {
      "module": "vb/action/builtin/ifAction",
      "parameters": {
        "condition": "{{ $page.variables.addMessage && $page.variables.addMessage.trim().length > 0 }}"
      },
      "outcomes": {
        "true": "callActionChain1",
        "false": "fireNoNewCommentNotification"
      }
    },
    "fireNoNewCommentNotification": {
      "module": "vb/action/builtin/fireNotificationEventAction",
      "parameters": {
        "displayMode": "transient",
        "type": "warning",
        "summary": "[[ $application.translations.app.serviceRequestDetail_messageIsEmptyMsg ]]"
      },
      "outcomes": {
        "success": "assignFalseToShowAddMessageComponent"
      }
    },
    "assignFalseToShowAddMessageComponent": {
      "module": "vb/action/builtin/assignVariablesAction",
      "parameters": {
        "$page.variables.showAddMessageComponent": {
          "source": "{{ false }}"
        },
        "$page.variables.addMessage": {
          "reset": "empty"
        },
        "$page.variables.addMessageInProgress": {
          "source": "{{ false }}"
        }
      }
    },
    "callActionChain1": {
      "module": "vb/action/builtin/callChainAction",
      "parameters": {
        "id": "CreateMessageAction",
        "params": {
          "message": "{{ $page.variables.addMessage }}"
        }
      },
      "outcomes": {
        "success": "assignFalseToShowAddMessageComponent"
      }
    },
    "setTrueToAddMessageInProgress": {
      "module": "vb/action/builtin/assignVariablesAction",
      "parameters": {
        "$page.variables.addMessageInProgress": {
          "source": "{{ true }}"
        }
      },
      "outcomes": {
        "success": "checkNewCommentExists"
      }
    },
    "checkAddMessageInProgressIsFalse": {
      "module": "vb/action/builtin/ifAction",
      "parameters": {
        "condition": "{{ $page.variables.addMessageInProgress ===false}}"
      },
      "outcomes": {
        "true": "setTrueToAddMessageInProgress"
      }
    },
    "disableCreateButton": {
      "module": "vb/action/builtin/callComponentMethodAction",
      "outcomes": {
        "success": "checkAddMessageInProgressIsFalse"
      },
      "parameters": {
        "component": "{{ document.getElementById('odcs-oj-button-add-message-submit') }}",
        "method": "setProperty",
        "params": [
          "disabled",
          true
        ]
      }
    }
  }
}