{
  "description": "",
  "variables": {
    "detail": {
      "required": true,
      "type": "any",
      "input": "fromCaller"
    }
  },
  "root": "setSubmitInProgress",
  "actions": {
    "callAuthenticateRestEndpoint": {
      "module": "vb/action/builtin/restAction",
      "parameters": {
        "endpoint": "idcsRestApi/postAuthenticate",
        "body": "{{ { \n   \"op\":\"credSubmit\",\n   \"authFactor\":\"USERNAME_PASSWORD\",\n   \"requestState\": $page.variables.signInFormRequestState,\n   \"credentials\":{  \n      \"username\": $page.variables.signInFormUsername,\n      \"password\": $page.variables.signInFormPassword\n   }\n} }}"
      },
      "label": "Call IDCS authenticate REST Endpoint",
      "outcomes": {
        "failure": "callGetLoginErrorCode",
        "success": "assignAuthnToken"
      }
    },
    "displayLoginFailedMessage": {
      "module": "vb/action/builtin/fireNotificationEventAction",
      "parameters": {
        "summary": "[[ $application.translations.app.signIn_loginFailedSummary ]]",
        "message": "[[ $application.translations.app.signIn_loginFailedMessage ]]"
      },
      "label": "Login Failed Notification",
      "outcomes": {
        "success": "clearSubmitInProgress"
      }
    },
    "assignAuthnToken": {
      "module": "vb/action/builtin/assignVariablesAction",
      "parameters": {
        "$page.variables.signInFormAuthnToken": {
          "source": "{{ $chain.results.callAuthenticateRestEndpoint.body.authnToken }}"
        }
      },
      "description": "Store the authentication token.",
      "outcomes": {
        "success": "callCustomIdcsLoginPerformed"
      }
    },
    "submitFormToSessionEndpoint": {
      "module": "vb/action/builtin/callModuleFunctionAction",
      "parameters": {
        "module": "{{$application.functions}}",
        "functionName": "formSubmitToEndpoint",
        "params": [
          "idcsRestApi/postSession",
          "{{ { \"authnToken\": $page.variables.signInFormAuthnToken, \"authorization\": $page.variables.signInFormRelayedJwt } }}",
          "POST"
        ]
      },
      "outcomes": {
        "success": "clearSubmitInProgress"
      }
    },
    "setSubmitInProgress": {
      "module": "vb/action/builtin/assignVariablesAction",
      "outcomes": {
        "success": "callShowWaitCursor"
      },
      "parameters": {
        "$page.variables.signInSubmitInProgress": {
          "source": true
        }
      }
    },
    "callShowWaitCursor": {
      "module": "vb/action/builtin/callModuleFunctionAction",
      "parameters": {
        "module": "[[ $application.functions ]]",
        "functionName": "showWaitCursor"
      },
      "outcomes": {
        "success": "callAuthenticateRestEndpoint"
      }
    },
    "clearSubmitInProgress": {
      "module": "vb/action/builtin/assignVariablesAction",
      "parameters": {
        "$page.variables.signInSubmitInProgress": {
          "source": false
        }
      },
      "outcomes": {
        "success": "callShowDefaultCursor"
      }
    },
    "callShowDefaultCursor": {
      "module": "vb/action/builtin/callModuleFunctionAction",
      "parameters": {
        "module": "[[ $application.functions ]]",
        "functionName": "showDefaultCursor"
      }
    },
    "callCustomIdcsLoginPerformed": {
      "module": "vb/action/builtin/callModuleFunctionAction",
      "parameters": {
        "module": "[[ $application.functions ]]",
        "functionName": "customIdcsLoginPerformed"
      },
      "outcomes": {
        "success": "submitFormToSessionEndpoint"
      },
      "description": "Notifies the ODCS Security Provider that an IDCS login has been successful"
    },
    "callGetLoginErrorCode": {
      "module": "vb/action/builtin/callModuleFunctionAction",
      "parameters": {
        "module": "[[ $application.functions ]]",
        "functionName": "getIdcsLoginErrorCode",
        "returnType": "string",
        "params": [
          "{{ $chain.results.callAuthenticateRestEndpoint }}"
        ]
      },
      "outcomes": {
        "success": "errorCodeSwitch"
      },
      "description": "Extracts the error code from the failed REST response"
    },
    "reinitiateAuthentication": {
      "module": "vb/action/builtin/callChainAction",
      "parameters": {
        "id": "SignInInitiateAuthenticationAction"
      },
      "outcomes": {
        "success": "assignRequestStateRetried"
      },
      "description": "Obtain a new requestState and re-submit the user's credentials"
    },
    "assignRequestStateRetried": {
      "module": "vb/action/builtin/assignVariablesAction",
      "outcomes": {
        "success": "callAuthenticateRestEndpoint"
      },
      "description": "Set the flag to indicate that we have retried the login with a new requestState",
      "parameters": {
        "$page.variables.signInRequestStateRetried": {
          "source": true
        }
      }
    },
    "errorCodeSwitch": {
      "module": "vb/action/builtin/switchAction",
      "outcomes": {
        "AUTH-1117": "ifSignInRetried",
        "AUTH-1120": "ifSignInRetried",
        "AUTH-3002": "fireAccountLockedNotification",
        "AUTH-3003": "fireAccountDeactivatedNotification",
        "AUTH-3004": "callShowDefaultCursor2",
        "AUTH-3005": "callShowDefaultCursor3",
        "AUTH-3025": "fireAccountNotActivatedNotification",
        "default": "displayLoginFailedMessage"
      },
      "parameters": {
        "caseValue": "[[ $chain.results.callGetLoginErrorCode ]]",
        "possibleValues": [
          "AUTH-1117",
          "AUTH-1120",
          "AUTH-3002",
          "AUTH-3003",
          "AUTH-3004",
          "AUTH-3005",
          "AUTH-3025"
        ]
      }
    },
    "fireAccountLockedNotification": {
      "module": "vb/action/builtin/fireNotificationEventAction",
      "parameters": {
        "target": "leaf",
        "summary": "[[ $application.translations.app.signIn_accountLockedSummary ]]",
        "message": "[[ $application.translations.app.signIn_accountLockedMessage ]]"
      },
      "outcomes": {
        "success": "clearSubmitInProgress"
      }
    },
    "fireAccountDeactivatedNotification": {
      "module": "vb/action/builtin/fireNotificationEventAction",
      "parameters": {
        "target": "leaf",
        "summary": "[[ $application.translations.app.signIn_accountDeactivatedSummary ]]",
        "message": "[[ $application.translations.app.signIn_accountDeactivatedMessage ]]"
      },
      "outcomes": {
        "success": "clearSubmitInProgress"
      }
    },
    "fireAccountNotActivatedNotification": {
      "module": "vb/action/builtin/fireNotificationEventAction",
      "parameters": {
        "target": "leaf",
        "summary": "[[ $application.translations.app.signIn_accountNotActivatedSummary ]]",
        "message": "[[ $application.translations.app.signIn_accountNotActivatedMessage ]]"
      },
      "outcomes": {
        "success": "clearSubmitInProgress"
      }
    },
    "ifSignInRetried": {
      "module": "vb/action/builtin/ifAction",
      "outcomes": {
        "true": "reinitiateAuthentication",
        "false": "displayLoginFailedMessage"
      },
      "description": "Checks if the login has already been retried with a new requestState",
      "parameters": {
        "condition": "[[ $page.variables.signInRequestStateRetried === false ]]"
      }
    },
    "navigateToMustChangePasswordExpired": {
      "module": "vb/action/builtin/navigateAction",
      "parameters": {
        "page": "sign-in-must-change-password",
        "params": {
          "mustChangePasswordReason": "[[ $application.translations.app.signIn_mustChangePasswordExpired ]]",
          "mustChangePasswordUserId": "[[ $chain.results.callAuthenticateRestEndpoint.body.userId ]]",
          "mustChangePasswordUsername": "[[ $page.variables.signInFormUsername ]]",
          "mustChangePasswordEndUri": "[[ $page.variables.endUri ]]"
        }
      }
    },
    "navigateToMustChangePasswordInvalid": {
      "module": "vb/action/builtin/navigateAction",
      "parameters": {
        "page": "sign-in-must-change-password",
        "params": {
          "mustChangePasswordReason": "[[ $application.translations.app.signIn_mustChangePasswordAdmin ]]",
          "mustChangePasswordUserId": "[[ $chain.results.callAuthenticateRestEndpoint.body.userId ]]",
          "mustChangePasswordUsername": "[[ $page.variables.signInFormUsername ]]",
          "mustChangePasswordEndUri": "[[ $page.variables.endUri ]]"
        }
      }
    },
    "callShowDefaultCursor2": {
      "module": "vb/action/builtin/callModuleFunctionAction",
      "parameters": {
        "module": "[[ $application.functions ]]",
        "functionName": "showDefaultCursor"
      },
      "outcomes": {
        "success": "navigateToMustChangePasswordExpired"
      }
    },
    "callShowDefaultCursor3": {
      "module": "vb/action/builtin/callModuleFunctionAction",
      "parameters": {
        "module": "[[ $application.functions ]]",
        "functionName": "showDefaultCursor"
      },
      "outcomes": {
        "success": "navigateToMustChangePasswordInvalid"
      }
    }
  }
}