{
  "root": "callResetCustomLoginState",
  "description": "",
  "variables": {
    "clientId": {
      "type": "string"
    },
    "redirectUrl": {
      "type": "string"
    }
  },
  "actions": {
    "callGetJwtFunction": {
      "module": "vb/action/builtin/callModuleFunctionAction",
      "parameters": {
        "module": "{{$application.functions}}",
        "functionName": "getJwt",
        "returnType": "string",
        "params": [
          "idcsRestApi"
        ]
      },
      "outcomes": {
        "success": "callGetClientIdFunction"
      },
      "description": "Gets a bearer (JWT) token from the token relay service"
    },
    "callAuthorizeEndpoint": {
      "module": "vb/action/builtin/restAction",
      "parameters": {
        "endpoint": "idcsRestApi/getAuthorize",
        "uriParams": {
          "response_type": "code",
          "scope": "openid",
          "client_id": "{{ $chain.variables.clientId }}",
          "redirect_uri": "{{ $chain.variables.redirectUrl }}"
        }
      },
      "outcomes": {
        "success": "processFormData",
        "failure": "fireServiceErrorNotification"
      },
      "description": "Calls the IDCS /oauth2/v1/authorize endpoint to initiate the login flow"
    },
    "processFormData": {
      "module": "vb/action/builtin/callModuleFunctionAction",
      "parameters": {
        "module": "{{$application.functions}}",
        "functionName": "processIdcsAuthorizeHtmlForm",
        "params": [
          "{{ $chain.results.callAuthorizeEndpoint.body }}",
          "{{ $page.variables.signInFormRelayedJwt }}"
        ],
        "returnType": "object"
      },
      "outcomes": {
        "success": "ifFormDataProcessed"
      },
      "description": "Extracts and decrypts the loginCtx form parameter using data contained within the JWT token"
    },
    "assignLoginCtxVariables": {
      "module": "vb/action/builtin/assignVariablesAction",
      "parameters": {
        "$page.variables.signInFormNextAuthFactors": {
          "source": "{{ $chain.results.processFormData.nextAuthFactors }}"
        },
        "$page.variables.signInFormNextOp": {
          "source": "{{ $chain.results.processFormData.nextOp }}"
        },
        "$page.variables.signInFormRequestState": {
          "source": "{{ $chain.results.processFormData.requestState }}"
        },
        "$page.variables.signInFormIDPs": {
          "source": "{{ $chain.results.processFormData.IDP }}"
        }
      },
      "description": "Stores values that were extracted from the login context",
      "outcomes": {
        "success": "filterExternalIdps"
      }
    },
    "assignRelayedJwt": {
      "module": "vb/action/builtin/assignVariablesAction",
      "parameters": {
        "$page.variables.signInFormRelayedJwt": {
          "source": "{{ $chain.results.callGetJwtFunction }}"
        },
        "$chain.variables.clientId": {
          "source": "{{ $chain.results.callGetClientIdFunction }}"
        },
        "$chain.variables.redirectUrl": {
          "source": "{{ $chain.results.callGetRedirectUrlFunction }}"
        }
      },
      "outcomes": {
        "success": "callAuthorizeEndpoint"
      },
      "description": "Assigns the results of calling page functions to variables"
    },
    "fireServiceErrorNotification": {
      "module": "vb/action/builtin/fireNotificationEventAction",
      "parameters": {
        "summary": "[[ $application.translations.app.signIn_serviceErrorSummary ]]",
        "message": "[[ $application.translations.app.signIn_serviceErrorMessage ]]"
      },
      "outcomes": {
        "success": "returnFailure"
      }
    },
    "callGetClientIdFunction": {
      "module": "vb/action/builtin/callModuleFunctionAction",
      "parameters": {
        "module": "[[ $application.functions ]]",
        "functionName": "getIdcsClientId",
        "returnType": "string"
      },
      "outcomes": {
        "success": "callGetRedirectUrlFunction"
      }
    },
    "callGetRedirectUrlFunction": {
      "module": "vb/action/builtin/callModuleFunctionAction",
      "parameters": {
        "module": "[[ $application.functions ]]",
        "functionName": "getIdcsRedirectUrl",
        "returnType": "string"
      },
      "outcomes": {
        "success": "assignRelayedJwt"
      }
    },
    "callResetCustomLoginState": {
      "module": "vb/action/builtin/callModuleFunctionAction",
      "parameters": {
        "module": "[[ $application.functions ]]",
        "functionName": "resetCustomLoginState"
      },
      "outcomes": {
        "success": "callGetJwtFunction"
      },
      "description": "Notifies the ODCS Security Provider that the login state should be reset"
    },
    "returnSuccess": {
      "module": "vb/action/builtin/returnAction",
      "parameters": {
        "outcome": "success"
      }
    },
    "returnFailure": {
      "module": "vb/action/builtin/returnAction",
      "parameters": {
        "outcome": "failure"
      }
    },
    "ifAutoLogin": {
      "module": "vb/action/builtin/ifAction",
      "outcomes": {
        "true": "callSignInSubmitActionChain",
        "false": "returnSuccess"
      },
      "parameters": {
        "condition": "[[ $page.variables.signInAutoSubmit && $page.variables.signInFormUsername && $page.variables.signInFormPassword ]]"
      },
      "description": "Should the login be performed automatically using passed in parameters?"
    },
    "callSignInSubmitActionChain": {
      "module": "vb/action/builtin/callChainAction",
      "parameters": {
        "id": "SignInSubmitAction"
      },
      "outcomes": {
        "success": "returnSuccess"
      }
    },
    "ifFormDataProcessed": {
      "module": "vb/action/builtin/ifAction",
      "parameters": {
        "condition": "[[ $chain.results.processFormData ]]"
      },
      "outcomes": {
        "true": "assignLoginCtxVariables",
        "false": "fireServiceErrorNotification"
      }
    },
    "filterExternalIdps": {
      "module": "vb/action/builtin/assignVariablesAction",
      "parameters": {
        "$page.variables.signInFormIDPs": {
          "source": {
            "filteredIDPs": "{{ $page.variables.signInFormIDPs.configuredIDPs.filter(function(i) { return i.idpType === 'Saml'; }) }}"
          },
          "reset": "none",
          "auto": "always"
        }
      },
      "outcomes": {
        "success": "ifAuthenticationMethodSupported"
      },
      "description": "Filters out non-SAML external IDPs"
    },
    "ifAuthenticationMethodSupported": {
      "module": "vb/action/builtin/ifAction",
      "outcomes": {
        "false": "fireServiceErrorNotification",
        "true": "ifAutoLogin"
      },
      "description": "Checks whether IDCS supports the USERNAME_PASSWORD authentication factor or defines a supported external IDP",
      "parameters": {
        "condition": "{{ ($page.variables.signInFormNextAuthFactors && $page.variables.signInFormNextAuthFactors.includes('USERNAME_PASSWORD')) || ($page.variables.signInFormIDPs.filteredIDPs && $page.variables.signInFormIDPs.filteredIDPs.length > 0) }}"
      }
    }
  }
}