{
  "description": "Used to handle clicks on external IDP buttons",
  "constants": {},
  "variables": {
    "detail": {
      "required": true,
      "type": "any",
      "input": "fromCaller"
    },
    "clientId": {
      "type": "string"
    }
  },
  "root": "callGetIdcsClientId",
  "actions": {
    "callSsoSecureIdpEndpoint": {
      "module": "vb/action/builtin/callModuleFunctionAction",
      "parameters": {
        "module": "[[ $application.functions ]]",
        "functionName": "formSubmitToEndpoint",
        "params": [
          "idcsRestApi/postSecureIdp",
          "{{ {\n  \"requestState\": $page.variables.signInFormRequestState,\n  \"idpName\": $chain.variables.detail.idpName,\n  \"idpType\": $chain.variables.detail.idpType,\n  \"idpId\": $chain.variables.detail.idpId,\n  \"clientId\": $chain.results.callGetIdcsClientId,\n  \"appName\": window.vbInitConfig.APP_ID,\n  \"authorization\": $page.variables.signInFormRelayedJwt\n} }}",
          "POST"
        ]
      }
    },
    "callGetIdcsClientId": {
      "module": "vb/action/builtin/callModuleFunctionAction",
      "parameters": {
        "module": "[[ $application.functions ]]",
        "functionName": "getIdcsClientId",
        "returnType": "string"
      },
      "outcomes": {
        "success": "callExternalLoginPerformed"
      }
    },
    "callExternalLoginPerformed": {
      "module": "vb/action/builtin/callModuleFunctionAction",
      "outcomes": {
        "success": "callSsoSecureIdpEndpoint"
      },
      "parameters": {
        "module": "[[ $application.functions ]]",
        "functionName": "externalLoginPerformed"
      }
    }
  }
}