{
  "description": "Handles a keypress event on an input field by submitting the login if the enter key is pressed.",
  "variables": {
    "detail": {
      "required": true,
      "type": "any",
      "input": "fromCaller"
    },
    "key": {
      "type": "string",
      "input": "fromCaller",
      "required": true
    }
  },
  "root": "ifEnterKeyPressed",
  "actions": {
    "ifEnterKeyPressed": {
      "module": "vb/action/builtin/ifAction",
      "outcomes": {
        "true": "callLoginActionChain"
      },
      "parameters": {
        "condition": "[[ !$page.variables.signInSubmitInProgress && $page.variables.signInFormRequestState && $chain.variables.key === 'Enter' ]]"
      }
    },
    "callLoginActionChain": {
      "module": "vb/action/builtin/callChainAction",
      "parameters": {
        "id": "SignInSubmitAction",
        "params": {
          "detail": "{{ $chain.variables.detail }}"
        }
      }
    }
  }
}