{

  "title": "[[ $application.translations.app.forgotPassword_pageTitle ]]",
  "description": "DCS custom forgot password page. Used to initate the forgot password flow by sending a reset password email to the user.",
  "variables": {
    "forgotPasswordUsername": {
      "type": "string"
    },
    "forgotPasswordSubmitInProgress": {
      "type": "boolean",
      "defaultValue": false
    },
    "id": {
      "type": "string",
      "input": "fromUrl",
      "description": "User ID specified by IDCS in reset password links"
    },
    "token": {
      "type": "string",
      "input": "fromUrl",
      "description": "User Token specified by IDCS in reset password links",
      "@dt": {
        "autowire": {
          "contextKey": "oj-odcs-forgot-password",
          "name": "token"
        }
      }
    }
  },
  "metadata": {},
  "types": {},
  "chains": {
  },
  "eventListeners": {
    "vbBeforeEnter": {
      "chains": [{
        "chainId": "application:NavigateAuthenticatedUserAction",
        "parameters": {
          "navigatePayload": {
            "target": "homepage",
            "params": {
              "reset": true
            },
            "operation": "detail"
          }
        }
      }]
    },
    "vbEnter": {
      "chains": [
        {
          "chainId": "ForgotPasswordNavigateToResetPasswordAction",
          "parameters": {}
        }
      ]
    },    
    "forgotPasswordSubmitOjAction": {
      "chains": [
        {
          "chainId": "ForgotPasswordSendResetEmailAction",
          "parameters": {
            "detail": "{{ $event.detail }}"
          }
        }
      ]
    },
    "forgotPasswordBackToLoginLinkClick": {
      "chains": [
        {
          "chainId": "ForgotPasswordLoginClickAction",
          "parameters": {
            "detail": "{{ $event.detail }}"
          }
        }
      ]
    },
    "forgotPasswordUsernameKeypress": {
      "chains": [
        {
          "chainId": "ForgotPasswordInputKeypressAction",
          "parameters": {
            "detail": "{{ $event.detail }}",
            "key": "{{ $event.key }}"
          }
        }
      ]
    }
  },
  "imports": {
    "components": {
      "oj-form-layout": {
        "path": "ojs/ojformlayout"
      },
      "oj-label": {
        "path": "ojs/ojlabel"
      },
      "oj-input-text": {
        "path": "ojs/ojinputtext"
      },
      "oj-toolbar": {
        "path": "ojs/ojtoolbar"
      },
      "oj-button": {
        "path": "ojs/ojbutton"
      }
    }
  }
}