{
  "description": "",
  "variables": {
    "calledFromCreateAction": {
      "type": "boolean",
      "input": "fromCaller"
    }
  },
  "root": "ifIsSmartAssistantOn",
  "actions": {
    "navigateBack": {
      "module": "vb/action/builtin/callChainAction",
      "parameters": {
        "id": "application:navigateBack"
      }
    },
    "ifIsSmartAssistantOn": {
      "module": "vb/action/builtin/ifAction",
      "outcomes": {
        "false": "navigateBack",
        "true": "ifEntryPointSRCreateFlow"
      },
      "parameters": {
        "condition": "{{ $flow.variables.isProactiveKnowledgeOn }}"
      }
    },
    "ifEntryPointSRCreateFlow": {
      "module": "vb/action/builtin/ifAction",
      "parameters": {
        "condition": "{{ $flow.variables.isEntryPointSRCreateFlow }}"
      },
      "outcomes": {
        "true": "navigateToShell",
        "false": "ifCalledFromCreateSRAction"
      }
    },
    "navigateToShell": {
      "module": "vb/action/builtin/navigateAction",
      "parameters": {
        "page": "/shell"
      }
    },
    "ifCalledFromCreateSRAction": {
      "module": "vb/action/builtin/ifAction",
      "parameters": {
        "condition": "{{ $chain.variables.calledFromCreateAction }}"
      },
      "outcomes": {
        "true": "setReturnToCallingFlowVariable",
        "false": "navigateBackToCaller"
      }
    },
    "setReturnToCallingFlowVariable": {
      "module": "vb/action/builtin/assignVariablesAction",
      "parameters": {
        "$flow.variables.srCreatedReturnToCallingFlow": {
          "source": "true"
        }
      },
      "outcomes": {
        "success": "navigateBackToCaller"
      }
    },
    "navigateBackToCaller": {
      "module": "vb/action/builtin/navigateBackAction"
    }
  }
}