{
  "description": "",
  "variables": {
    "detail": {
      "required": true,
      "type": "any",
      "input": "fromCaller"
    },
    "errorMessage": {
      "type": "string"
    },
    "saveFailureResult": {
      "type": "flow:genericServiceErrorResponseType"
    },
    "newSrNumber": {
      "type": "string"
    }
  },
  "root": "checkServiceRequestCreateInProgressIsFalse",
  "actions": {
    "callCreateServiceRequestEndPoint": {
      "module": "vb/action/builtin/restAction",
      "parameters": {
        "endpoint": "crmRestApi/create_serviceRequests",
        "headers": {
          "Accept": "application/vnd.oracle.adf.resourceitem+json;q=0"
        },
        "body": {
          "Title": "[[ $flow.variables.serviceRequest.Title ]]",
          "ProblemDescription": "[[ $flow.variables.serviceRequest.ProblemDescription ]]",
          "CategoryId": "[[ $flow.variables.serviceRequest.CategoryId ]]",
          "IBAssetId": "[[ $flow.variables.serviceRequest.IBAssetId ]]",
          "ProdGroupId": "[[ $flow.variables.serviceRequest.ProdGroupId ]]",
          "InventoryItemId": "[[ $flow.variables.serviceRequest.InventoryItemId ]]",
          "InventoryOrgId": "[[ $flow.variables.serviceRequest.InventoryOrgId ]]",
          "BUOrgId": "[[ $application.variables.businessUnitId ]]",
          "ReportedByPartyId": "[[ $application.variables.partyId ]]",
          "PrimaryContactPartyId": "[[ $application.variables.partyId ]]",
          "AccountPartyId": "[[ $flow.variables.serviceRequest.AccountPartyId ]]",
          "CriticalFlag": false,
          "SourceCd": "ORA_SVC_CUSTOMER_UI",
          "StripeCd": "[[ $application.variables.stripeCode ? $application.variables.stripeCode : 'ORA_SVC_CRM'  ]]"
        }
      },
      "outcomes": {
        "success": "assignNewSrNumber",
        "failure": "saveFailureData"
      }
    },
    "fireSuccessfulCreateNotification": {
      "module": "vb/action/builtin/fireNotificationEventAction",
      "parameters": {
        "displayMode": "transient",
        "type": "confirmation",
        "summary": "[[ $application.translations.format('app', 'createServiceRequest_createdMsg', { id: $chain.variables.newSrNumber }) ]]"
      },
      "outcomes": {
        "success": "setFalseToServiceRequestCreateInProgress"
      }
    },
    "saveFailureData": {
      "module": "vb/action/builtin/assignVariablesAction",
      "parameters": {
        "$chain.variables.saveFailureResult": {
          "source": "{{ $chain && $chain.results.callCreateServiceRequestEndPoint.payload }}"
        }
      },
      "outcomes": {
        "success": "assignErrorMessage"
      }
    },
    "assignErrorMessage": {
      "module": "vb/action/builtin/assignVariablesAction",
      "parameters": {
        "$chain.variables.errorMessage": {
          "source": "{{ ($chain.variables.saveFailureResult.body && $chain.variables.saveFailureResult.body['o:errorDetails']) ? $chain.variables.saveFailureResult.body['o:errorDetails'][0].detail : ($chain.variables.saveFailureResult.status && $chain.variables.saveFailureResult.status === 400) ? $application.translations.app.createServiceRequest_badRequest : $application.translations.app.common_serviceUnavailable }}"
        }
      },
      "outcomes": {
        "success": "fireFailureNotification"
      }
    },
    "fireFailureNotification": {
      "module": "vb/action/builtin/fireNotificationEventAction",
      "parameters": {
        "displayMode": "persist",
        "type": "error",
        "summary": "{{ $chain.variables.errorMessage }}"
      },
      "outcomes": {
        "success": "setFalseToServiceRequestCreateInProgress2"
      }
    },
    "checkServiceRequestCreateInProgressIsFalse": {
      "module": "vb/action/builtin/ifAction",
      "outcomes": {
        "true": "showWaitCursor"
      },
      "parameters": {
        "condition": "{{ !$flow.variables.serviceRequestCreateInProgress }}"
      }
    },
    "setTrueToServiceRequestCreateInProgress": {
      "module": "vb/action/builtin/assignVariablesAction",
      "outcomes": {
        "success": "callCreateServiceRequestEndPoint"
      },
      "parameters": {
        "$flow.variables.serviceRequestCreateInProgress": {
          "source": "{{ true }}"
        }
      }
    },
    "setFalseToServiceRequestCreateInProgress": {
      "module": "vb/action/builtin/assignVariablesAction",
      "outcomes": {
        "success": "showDefaultCursor1"
      },
      "parameters": {
        "$flow.variables.serviceRequestCreateInProgress": {
          "source": "{{ false }}"
        }
      }
    },
    "setFalseToServiceRequestCreateInProgress2": {
      "module": "vb/action/builtin/assignVariablesAction",
      "parameters": {
        "$flow.variables.serviceRequestCreateInProgress": {
          "source": "{{ false }}"
        }
      },
      "outcomes": {
        "success": "showDefaultCursor2"
      }
    },
    "showWaitCursor": {
      "module": "vb/action/builtin/callModuleFunctionAction",
      "parameters": {
        "module": "{{$application.functions}}",
        "functionName": "showWaitCursor"
      },
      "outcomes": {
        "success": "setTrueToServiceRequestCreateInProgress"
      }
    },
    "showDefaultCursor2": {
      "module": "vb/action/builtin/callModuleFunctionAction",
      "parameters": {
        "module": "{{$application.functions}}",
        "functionName": "showDefaultCursor"
      }
    },
    "showDefaultCursor1": {
      "module": "vb/action/builtin/callModuleFunctionAction",
      "parameters": {
        "module": "{{$application.functions}}",
        "functionName": "showDefaultCursor"
      },
      "outcomes": {
        "success": "callNavigateBackActionChain"
      }
    },
    "callNavigateBackActionChain": {
      "module": "vb/action/builtin/callChainAction",
      "parameters": {
        "id": "flow:SRCreateNavigateBackAction",
        "params": {
          "calledFromCreateAction": "true"
        }
      }
    },
    "assignNewSrNumber": {
      "module": "vb/action/builtin/assignVariablesAction",
      "outcomes": {
        "success": "fireSuccessfulCreateNotification"
      },
      "parameters": {
        "$chain.variables.newSrNumber": {
          "source": "{{ $chain.results.callCreateServiceRequestEndPoint.headers.get('location') ? $chain.results.callCreateServiceRequestEndPoint.headers.get('location').split('/').pop() : '' }}"
        }
      }
    }
  }
}