{
  "root": "ifSeedAttributesExist",
  "description": "",
  "actions": {
    "ifSeedAttributesExist": {
      "module": "vb/action/builtin/ifAction",
      "parameters": {
        "condition": "{{ $flow.variables.serviceRequestSeedAttributes }}"
      },
      "outcomes": {
        "true": "mergeSeedAndSRObjects"
      }
    },
    "mergeSeedAndSRObjects": {
      "module": "vb/action/builtin/callModuleFunctionAction",
      "parameters": {
        "module": "{{$application.functions}}",
        "functionName": "mergeObjects",
        "params": [
          "{{ $flow.variables.serviceRequest }}",
          "{{ $flow.variables.serviceRequestSeedAttributes }}"
        ]
      },
      "outcomes": {
        "success": "assignMergedObjectToSR"
      }
    },
    "assignMergedObjectToSR": {
      "module": "vb/action/builtin/assignVariablesAction",
      "parameters": {
        "$flow.variables.serviceRequest": {
          "source": "{{ $chain.results.mergeSeedAndSRObjects }}",
          "auto": "always"
        }
      }
    }
  }
}