{
  "root": "callValidateTextAndDescription",
  "description": "Call application helper function to highlight and focus on any invalid fields.",
  "actions": {
    "ifSrDetailsValid": {
      "module": "vb/action/builtin/ifAction",
      "parameters": {
        "condition": "{{ $flow.variables.srDetailsValidGroup === 'valid' }}"
      },
      "outcomes": {
        "true": "validateSelectorsInParallelIfRequired",
        "false": "returnFailure"
      }
    },
    "validateSelectorsInParallelIfRequired": {
      "module": "vb/action/builtin/forkAction",
      "parameters": {
        "actions": {
          "ifCategoryValueExists": "callComponentGetCategoryValue",
          "ifProductValueExists": "callComponentGetProductValue"
        }
      },
      "outcomes": {
        "join": "ifProductOrCategoryInvalid"
      }
    },
    "callCategorySelectorValidate": {
      "module": "vb/action/builtin/callComponentMethodAction",
      "parameters": {
        "component": "[[ document.getElementById('odcs-sr-category-selector') ]]",
        "method": "validate"
      },
      "outcomes": {
        "success": "assignCategoryValidity"
      }
    },
    "returnFailure": {
      "module": "vb/action/builtin/returnAction",
      "parameters": {
        "outcome": "failure"
      }
    },
    "returnSuccess": {
      "module": "vb/action/builtin/returnAction",
      "parameters": {
        "outcome": "success",
        "payload": true
      }
    },
    "callProductSelectorValidate": {
      "module": "vb/action/builtin/callComponentMethodAction",
      "parameters": {
        "component": "[[ document.getElementById('odcs-sr-product-selector') ]]",
        "method": "validate"
      },
      "outcomes": {
        "success": "assignProductValidity"
      }
    },
    "callComponentGetCategoryValue": {
      "module": "vb/action/builtin/callComponentMethodAction",
      "parameters": {
        "component": "{{ document.getElementById('odcs-sr-category-selectorselector_input') }}",
        "method": "getProperty",
        "params": [
          "value"
        ]
      },
      "outcomes": {
        "success": "callComponentGetCategoryRequired"
      }
    },
    "callIsCategoryValidForSubmit": {
      "module": "vb/action/builtin/callModuleFunctionAction",
      "parameters": {
        "module": "[[ $application.functions ]]",
        "functionName": "isValidForSubmit",
        "params": [
          "{{ document.getElementById('odcs-oj-validation-category-selector-group-sr-details-wrapper') }}"
        ]
      },
      "outcomes": {
        "success": "callCategorySelectorValidate"
      }
    },
    "callComponentGetProductValue": {
      "module": "vb/action/builtin/callComponentMethodAction",
      "outcomes": {
        "success": "callComponentGetProductRequired"
      },
      "parameters": {
        "component": "{{ document.getElementById('odcs-sr-product-selectorselector_input') }}",
        "method": "getProperty",
        "params": [
          "value"
        ]
      }
    },
    "assignCategoryValidity": {
      "module": "vb/action/builtin/assignVariablesAction",
      "parameters": {
        "$chain.variables.categoryInvalid": {
          "source": "{{ $chain.results.callCategorySelectorValidate === 'invalid' }}"
        }
      }
    },
    "assignProductValidity": {
      "module": "vb/action/builtin/assignVariablesAction",
      "parameters": {
        "$chain.variables.productInvalid": {
          "source": "{{ $chain.results.callProductSelectorValidate === 'invalid' }}"
        }
      }
    },
    "ifProductOrCategoryInvalid": {
      "module": "vb/action/builtin/ifAction",
      "parameters": {
        "condition": "{{ $chain.variables.categoryInvalid || $chain.variables.productInvalid }}"
      },
      "outcomes": {
        "false": "returnSuccess",
        "true": "returnFailure"
      }
    },
    "callIsProductValidForSubmit": {
      "module": "vb/action/builtin/callModuleFunctionAction",
      "parameters": {
        "module": "[[ $application.functions ]]",
        "functionName": "isValidForSubmit",
        "params": [
          "{{ document.getElementById('odcs-oj-validation-product-selector-group-sr-details-wrapper') }}"
        ]
      },
      "outcomes": {
        "success": "callProductSelectorValidate"
      }
    },
    "callValidateTextAndDescription": {
      "module": "vb/action/builtin/callModuleFunctionAction",
      "parameters": {
        "module": "[[ $application.functions ]]",
        "functionName": "isValidForSubmit",
        "params": [
          "{{ document.getElementById('odcs-oj-validation-group-sr-details-wrapper') }}"
        ]
      },
      "outcomes": {
        "success": "ifSrDetailsValid"
      }
    },
    "callComponentGetCategoryRequired": {
      "module": "vb/action/builtin/callComponentMethodAction",
      "outcomes": {
        "success": "ifCategoryNeedsValidation"
      },
      "parameters": {
        "component": "{{ document.getElementById('odcs-sr-category-selectorselector_input') }}",
        "method": "getProperty",
        "params": [
          "required"
        ]
      }
    },
    "ifCategoryNeedsValidation": {
      "module": "vb/action/builtin/ifAction",
      "parameters": {
        "condition": "[[ $chain.results.callComponentGetCategoryValue || $chain.results.callComponentGetCategoryRequired ]]"
      },
      "outcomes": {
        "true": "callIsCategoryValidForSubmit"
      },
      "description": "Skip category selector validation if no value is set and a value is not required to avoid unnecessarily waiting for the component data to be available"
    },
    "callComponentGetProductRequired": {
      "module": "vb/action/builtin/callComponentMethodAction",
      "parameters": {
        "component": "{{ document.getElementById('odcs-sr-product-selectorselector_input') }}",
        "method": "getProperty",
        "params": [
          "required"
        ]
      },
      "outcomes": {
        "success": "ifProductNeedsValidation"
      }
    },
    "ifProductNeedsValidation": {
      "module": "vb/action/builtin/ifAction",
      "parameters": {
        "condition": "[[ !$flow.variables.serviceRequest.IBAssetId && $chain.results.callComponentGetProductValue || $chain.results.callComponentGetProductRequired ]]"
      },
      "outcomes": {
        "true": "callIsProductValidForSubmit"
      },
      "description": "Skip product selector validation if no value is set and a value is not required, or if no IBAssetId context has been specified to avoid unnecessarily waiting for the component data to be available"
    }
  },
  "variables": {
    "categoryInvalid": {
      "type": "boolean"
    },
    "productInvalid": {
      "type": "boolean"
    }
  }
}