{
  "root": "callClearServiceContext",
  "description": "Sets the application level service context (for product and category) based on the selected facets for a knowledge search",
  "variables": {
    "facets": {
      "type": "string[]",
      "required": true,
      "input": "fromCaller"
    },
    "kmProductReferenceKey": {
      "type": "string"
    },
    "kmCategoryReferenceKey": {
      "type": "string"
    },
    "kmProductRecord": {
      "type": "object"
    },
    "kmCategoryRecord": {
      "type": "object"
    }
  },
  "actions": {
    "ifProductFacet": {
      "module": "vb/action/builtin/ifAction",
      "parameters": {
        "condition": "[[ $current.data.startsWith('CMS-PRODUCT.') ]]"
      },
      "outcomes": {
        "true": "assignProductRefKey",
        "false": "ifCategoryFacet"
      },
      "label": "if Product Facet"
    },
    "assignProductRecord": {
      "module": "vb/action/builtin/assignVariablesAction",
      "outcomes": {
        "success": "callSetContextProduct"
      },
      "parameters": {
        "$chain.variables.kmProductRecord": {
          "source": "{{ $chain.results.callGetCategoryForProduct.body.items[0] || {} }}",
          "auto": "always"
        }
      }
    },
    "callSetContextProduct": {
      "module": "vb/action/builtin/callChainAction",
      "parameters": {
        "id": "application:SetContextProductAction",
        "params": {
          "id": "{{ $chain.variables.kmProductRecord.externalId }}",
          "orgId": "{{ $chain.variables.kmProductRecord.inventoryOrgId }}",
          "type": "{{ $chain.variables.kmProductRecord.inventoryOrgId ? 'product' : 'product-group' }}"
        }
      }
    },
    "ifCategoryFacet": {
      "module": "vb/action/builtin/ifAction",
      "label": "if Category Facet",
      "parameters": {
        "condition": "[[ $current.data.startsWith('CMS-CATEGORY_REF.') ]]"
      },
      "outcomes": {
        "true": "assignCategoryRefKey"
      }
    },
    "assignProductRefKey": {
      "module": "vb/action/builtin/assignVariablesAction",
      "parameters": {
        "$chain.variables.kmProductReferenceKey": {
          "source": "[[ $current.data.substring($current.data.lastIndexOf('.') + 1) ]]"
        }
      },
      "outcomes": {
        "success": "callGetCategoryForProduct"
      }
    },
    "assignCategoryRefKey": {
      "module": "vb/action/builtin/assignVariablesAction",
      "parameters": {
        "$chain.variables.kmCategoryReferenceKey": {
          "source": "[[ $current.data.substring($current.data.lastIndexOf('.') + 1) ]]"
        }
      },
      "outcomes": {
        "success": "callGetCategoryForCategory"
      }
    },
    "assignCategoryRecord": {
      "module": "vb/action/builtin/assignVariablesAction",
      "parameters": {
        "$chain.variables.kmCategoryRecord": {
          "source": "{{ $chain.results.callGetCategoryForCategory.body.items[0] || {} }}",
          "auto": "always"
        }
      },
      "outcomes": {
        "success": "callSetContextCategory"
      }
    },
    "callSetContextCategory": {
      "module": "vb/action/builtin/callChainAction",
      "parameters": {
        "id": "application:SetContextCategoryAction",
        "params": {
          "id": "{{ $chain.variables.kmCategoryRecord.externalId }}"
        }
      }
    },
    "callGetCategoryForProduct": {
      "module": "vb/action/builtin/restAction",
      "parameters": {
        "endpoint": "knowledge-service/getCategoriesQuery",
        "uriParams": {
          "q": "{{ \"externalType eq 'PRODUCT' and referenceKey eq '\" + $chain.variables.kmProductReferenceKey + \"'\" }}"
        }
      },
      "outcomes": {
        "success": "callValidateIsJsonActionFromProductCall"
      }
    },
    "callGetCategoryForCategory": {
      "module": "vb/action/builtin/restAction",
      "parameters": {
        "endpoint": "knowledge-service/getCategoriesQuery",
        "uriParams": {
          "q": "{{ \"externalType eq 'CATEGORY' and referenceKey eq '\" + $chain.variables.kmCategoryReferenceKey + \"'\" }}"
        }
      },
      "outcomes": {
        "success": "callValidateIsJsonActionFromCategoryCall"
      }
    },
    "forEachFacet": {
      "module": "vb/action/builtin/forEachAction",
      "parameters": {
        "items": "{{ $chain.variables.facets }}",
        "actionId": "ifProductFacet"
      },
      "outcomes": {
        "success": "returnSuccess"
      }
    },
    "callClearServiceContext": {
      "module": "vb/action/builtin/callChainAction",
      "parameters": {
        "id": "application:ClearServiceContextAction"
      },
      "outcomes": {
        "success": "forEachFacet"
      }
    },
    "returnSuccess": {
      "module": "vb/action/builtin/returnAction",
      "parameters": {
        "outcome": "success"
      }
    },
    "callIsJsonResponseFromCategoryCall": {
      "module": "vb/action/builtin/ifAction",
      "outcomes": {
        "true": "assignCategoryRecord"
      },
      "parameters": {
        "condition": "[[ $chain.results.callValidateIsJsonActionFromCategoryCall ]]"
      }
    },
    "callValidateIsJsonActionFromCategoryCall": {
      "module": "vb/action/builtin/callChainAction",
      "parameters": {
        "id": "application:ValidateIsJsonResponseAction",
        "params": {
          "restPayload": "{{ $chain.results.callGetCategoryForCategory }}"
        }
      },
      "outcomes": {
        "success": "callIsJsonResponseFromCategoryCall"
      }
    },
    "callIsJsonResponseFromProductCall": {
      "module": "vb/action/builtin/ifAction",
      "outcomes": {
        "true": "assignProductRecord"
      },
      "parameters": {
        "condition": "[[ $chain.results.callValidateIsJsonActionFromProductCall ]]"
      }
    },
    "callValidateIsJsonActionFromProductCall": {
      "module": "vb/action/builtin/callChainAction",
      "parameters": {
        "id": "application:ValidateIsJsonResponseAction",
        "params": {
          "restPayload": "{{ $chain.results.callGetCategoryForProduct }}"
        }
      },
      "outcomes": {
        "success": "callIsJsonResponseFromProductCall"
      }
    }
  }
}