{
  "root": "ifUsingClassName",
  "description": "",
  "variables": {
    "elementId": {
      "type": "string",
      "input": "fromCaller"
    },
    "className": {
      "type": "string",
      "input": "fromCaller"
    }
  },
  "actions": {
    "ifUsingClassName": {
      "module": "vb/action/builtin/ifAction",
      "parameters": {
        "condition": "[[ $chain.variables.className ]]"
      },
      "outcomes": {
        "true": "callSetFocusOnChildClassOfElement",
        "false": "callSetItemFocus"
      }
    },
    "callSetFocusOnChildClassOfElement": {
      "module": "vb/action/builtin/callModuleFunctionAction",
      "parameters": {
        "module": "[[ $application.functions ]]",
        "functionName": "setItemFocus",
        "params": [
          "{{ $chain.variables.elementId }}",
          "{{ $chain.variables.className }}"
        ]
      },
      "outcomes": {
        "success": "returnSuccess"
      }
    },
    "callSetItemFocus": {
      "module": "vb/action/builtin/callModuleFunctionAction",
      "parameters": {
        "module": "[[ $application.functions ]]",
        "functionName": "setItemFocus",
        "params": [
          "{{ $chain.variables.elementId }}"
        ]
      },
      "outcomes": {
        "success": "returnSuccess"
      }
    },
    "returnSuccess": {
      "module": "vb/action/builtin/returnAction",
      "parameters": {
        "outcome": "success"
      }
    }
  }
}