{
  "description": "Handles the selection and deselection of knowledge facet nodes, invoked upon selections made in the facet oj-tree-view.\nNote the expansion and selection functionality requires that the oj-tree-view of each facet's id is named with the following format:\n :id=\"[[ 'odcs-facet-'+ facetTree.id +'-tree' ]]\", in order that the facet ID can be looked up by the event listener logic.",
  "variables": {
    "selection": {
      "type": "string",
      "required": false,
      "input": "fromCaller"
    },
    "facetId": {
      "type": "string",
      "input": "fromCaller"
    }
  },
  "root": "ifSelectionValid",
  "actions": {
    "ifSelectionValid": {
      "module": "vb/action/builtin/ifAction",
      "parameters": {
        "condition": "[[ $chain.variables.selection ]]"
      },
      "outcomes": {
        "true": "assignItemToFocusOn"
      },
      "description": "Is there a selection value to process, if not return."
    },
    "getUpdatedSelectedFacetsValue": {
      "module": "vb/action/builtin/callModuleFunctionAction",
      "parameters": {
        "module": "[[ $application.functions ]]",
        "functionName": "arrayOperation",
        "params": [
          "updateArrayRemovingDotDefinedParentsAndChildren",
          "{{ $page.variables.queryParams.selectedFacets }}",
          "{{ $chain.variables.selection }}"
        ]
      },
      "outcomes": {
        "success": "assignUpdatedSelectionOnQueryParamsVariables"
      },
      "description": "Update the $page.variables.queryParams.selectedFacets array with the selection value"
    },
    "assignUpdatedDeselectionVariable": {
      "module": "vb/action/builtin/assignVariablesAction",
      "parameters": {
        "$page.variables.queryParams.selectedFacets": {
          "source": "{{ $chain.results.callAddParentToSelectedFacets }}"
        }
      },
      "outcomes": {
        "success": "assignKMFacetIds"
      },
      "description": "Set the parent of the deselected item as a selection on the Update the $page.variables.queryParams.selectedFacets array with the selection value page variable value which in turn will invoke a refresh of the knowledge query with the updated query taking account of the facet selection change."
    },
    "callAddParentToSelectedFacets": {
      "module": "vb/action/builtin/callModuleFunctionAction",
      "parameters": {
        "module": "[[ $application.functions ]]",
        "functionName": "arrayOperation",
        "params": [
          "addItemDotDefinedParentToArray",
          "{{ $chain.results.removeItemFromSelectedFacets }}",
          "{{ $chain.variables.selection }}"
        ]
      },
      "outcomes": {
        "success": "assignUpdatedDeselectionVariable"
      },
      "description": "Update the $page.variables.queryParams.selectedFacets array adding the parent of the selection value. The component design is such that on deselection the parent is always then selected."
    },
    "return": {
      "module": "vb/action/builtin/returnAction",
      "parameters": {
        "outcome": "success"
      }
    },
    "removeItemFromSelectedFacets": {
      "module": "vb/action/builtin/callModuleFunctionAction",
      "parameters": {
        "module": "[[ $application.functions ]]",
        "functionName": "arrayOperation",
        "params": [
          "remove",
          "{{ $page.variables.queryParams.selectedFacets }}",
          "{{ $chain.variables.selection }}"
        ]
      },
      "outcomes": {
        "success": "callAddParentToSelectedFacets"
      },
      "description": "Update the $page.variables.queryParams.selectedFacets array removing the selection value"
    },
    "callToDetermineIfAlreadySelected": {
      "module": "vb/action/builtin/callModuleFunctionAction",
      "parameters": {
        "module": "[[ $application.functions ]]",
        "functionName": "arrayOperation",
        "params": [
          "includes",
          "{{ $page.variables.queryParams.selectedFacets }}",
          "{{ $chain.variables.selection }}"
        ]
      },
      "outcomes": {
        "success": "ifAlreadyChecked"
      },
      "label": "Is the item checkbox checked",
      "description": "If the item existed in the $page.variables.queryParams.selectedFacets then the item was previously selected and this event should culminate in a deselection, otherwise it is a new selection and the selection value should be added as a selectedFacets entry."
    },
    "assignUpdatedKMSelectionsObject": {
      "module": "vb/action/builtin/assignVariablesAction",
      "parameters": {
        "$page.variables.kmFacetSelected": {
          "source": "{{ $chain.results.callUpdateSelectedKeySetToEmpty }}",
          "auto": "always"
        }
      },
      "outcomes": {
        "success": "callToDetermineIfAlreadySelected"
      },
      "description": "Update this facet'oj-tree-view component's selections attribute on the kmFacetSeletcions with the value returned from the callGetObjectWithResetArray action.",
      "label": "Assign kmFacetSelected update"
    },
    "assignUpdatedSelectionOnQueryParamsVariables": {
      "module": "vb/action/builtin/assignVariablesAction",
      "outcomes": {
        "success": "assignKMFacetIds"
      },
      "parameters": {
        "$page.variables.queryParams.selectedFacets": {
          "source": "{{ $chain.results.getUpdatedSelectedFacetsValue }}",
          "auto": "always"
        }
      },
      "description": "Set the updated selection on the  $page.variables.queryParams.selectedFacets array, which in turn will invoke a refresh of the knowledge query with the updated query taking account of the facet selection change."
    },
    "callUpdateExpansionKeySetWithEntry": {
      "module": "vb/action/builtin/callModuleFunctionAction",
      "parameters": {
        "module": "[[ $application.functions ]]",
        "functionName": "keySetOperation",
        "params": [
          "add",
          "{{ $page.variables.kmFacetExpanded }}",
          "{{ $chain.variables.facetId }}",
          "{{ $chain.variables.selection }}"
        ]
      },
      "outcomes": {
        "success": "assignUpdatedExpansionKeySet"
      },
      "description": "Update this facet's expanded keySet attribute on the kmFacetExpanded object, adding the new selection as a value to be expanded. "
    },
    "assignUpdatedExpansionKeySet": {
      "module": "vb/action/builtin/assignVariablesAction",
      "outcomes": {
        "success": "getUpdatedSelectedFacetsValue"
      },
      "parameters": {
        "$page.variables.kmFacetExpanded": {
          "source": "{{ $chain.results.callUpdateExpansionKeySetWithEntry }}",
          "auto": "always"
        }
      }
    },
    "ifAlreadyChecked": {
      "module": "vb/action/builtin/ifAction",
      "parameters": {
        "condition": "[[ $chain.results.callToDetermineIfAlreadySelected ]]"
      },
      "outcomes": {
        "false": "callUpdateExpansionKeySetWithEntry",
        "true": "removeItemFromSelectedFacets"
      },
      "description": "This check determines whether we are selecting a new entry or deselecting an existing selection.",
      "label": "If checked"
    },
    "assignKMFacetIds": {
      "module": "vb/action/builtin/assignVariablesAction",
      "outcomes": {
        "success": "return"
      },
      "parameters": {
        "$flow.variables.kmFacetIds": {
          "source": "{{ $page.variables.queryParams.selectedFacets.toString() }}"
        }
      },
      "description": "Update the pass on url kmFacetIds page variable in order to support expansion and selection persistence on navigation back to the page listing the articles."
    },
    "callUpdateSelectedKeySetToEmpty": {
      "module": "vb/action/builtin/callModuleFunctionAction",
      "parameters": {
        "module": "[[ $application.functions ]]",
        "functionName": "keySetOperation",
        "params": [
          "clear",
          "{{ $page.variables.kmFacetSelected }}",
          "{{ $chain.variables.facetId }}"
        ]
      },
      "outcomes": {
        "success": "assignUpdatedKMSelectionsObject"
      }
    },
    "assignItemToFocusOn": {
      "module": "vb/action/builtin/assignVariablesAction",
      "outcomes": {
        "success": "callUpdateSelectedKeySetToEmpty"
      },
      "parameters": {
        "$page.variables.kmFacetFocusId": {
          "source": "{{ 'odcs-facet-tree-' + $chain.variables.facetId }}"
        }
      }
    }
  }
}