{
  "root": "getSearchSubmissionStatus",
  "description": "This action chain is invoked when a valueChangeEvent occurs on the searchSubmissionState page variable.\nThe state is checked to ensure all selectors have finished processing any selections before allowing the search page navigation.\nIf the search is not ready the action chain returns without the refreshing the articles list Service Data Provider. On completion of outstanding selector processing the searchSubmissionState object is updated again thus calling this action chain again with a state that will allow the refresh of the answers listing.\nThis is required as the product selection process can involve making several in series rest calls to build a parent product hierarchy.",
  "actions": {
    "navigateToAnswersPage": {
      "module": "vb/action/builtin/navigateAction",
      "parameters": {
        "page": "homepage-answers",
        "params": {}
      }
    },
    "checkIfSubmissionIsReady": {
      "module": "vb/action/builtin/ifAction",
      "parameters": {
        "condition": "[[ $chain.results.getSearchSubmissionStatus ]]"
      },
      "outcomes": {
        "true": "navigateToAnswersPage"
      }
    },
    "getSearchSubmissionStatus": {
      "module": "vb/action/builtin/callModuleFunctionAction",
      "parameters": {
        "module": "{{$application.functions}}",
        "functionName": "areAttributesMatchingTestValue",
        "params": [
          "{{ $page.variables.searchSubmissionState }}",
          true
        ]
      },
      "outcomes": {
        "success": "checkIfSubmissionIsReady"
      }
    }
  },
  "variables": {
    "readyToSubmit": {
      "type": "boolean",
      "defaultValue": false
    }
  }
}