{
  "root": "resetQuestionVariablesToEmpty",
  "description": "",
  "actions": {
    "resetQuestionVariablesToEmpty": {
      "module": "vb/action/builtin/assignVariablesAction",
      "parameters": {
        "$flow.variables.question": {
          "reset": "empty"
        },
        "$page.variables.questionRawValue": {
          "reset": "empty"
        },
        "$flow.variables.productId": {
          "reset": "empty"
        },
        "$flow.variables.categoryId": {
          "reset": "empty"
        },
        "$page.variables.queryParams": {
          "reset": "empty"
        },
        "$page.variables.showSearchResults": {
          "source": "{{ false }}"
        },
        "$flow.variables.kmFacetIds": {
          "reset": "empty"
        }
      },
      "outcomes": {
        "success": "resetFacetVariables"
      }
    },
    "resetFacetVariables": {
      "module": "vb/action/builtin/resetVariablesAction",
      "parameters": {
        "variables": [
          "$page.variables.kmFacetSelected",
          "$page.variables.kmFacetExpanded",
          "$page.variables.kmFacetData"
        ]
      }
    }
  }
}