{
  "root": "checkValue",
  "description": "",
  "variables": {
    "contentId": {
      "type": "string",
      "required": true,
      "input": "fromCaller"
    },
    "data": {
      "type": "any",
      "required": false,
      "input": "fromCaller"
    }
  },
  "actions": {
    "checkValue": {
      "module": "vb/action/builtin/ifAction",
      "parameters": {
        "condition": "{{ $variables.contentId }}"
      },
      "outcomes": {
        "true": "ifItIsArticle"
      }
    },
    "navigateToAnswerDetail": {
      "module": "vb/action/builtin/fireCustomEventAction",
      "parameters": {
        "payload": {
          "target": "knowledge-article",
          "id": "[[ $variables.contentId ]]",
          "operation": "detail"
        },
        "name": "navigate"
      },
      "outcomes": {}
    },
    "showWaitCursor": {
      "module": "vb/action/builtin/callModuleFunctionAction",
      "parameters": {
        "module": "{{$application.functions}}",
        "functionName": "showWaitCursor"
      },
      "outcomes": {
        "success": "ifContextCategorySet"
      }
    },
    "ifItIsArticle": {
      "module": "vb/action/builtin/ifAction",
      "parameters": {
        "condition": "[[ $variables.data.fileType === 'CMS-XML' ]]"
      },
      "outcomes": {
        "true": "showWaitCursor",
        "false": "ifUrlExists"
      }
    },
    "ifUrlExists": {
      "module": "vb/action/builtin/ifAction",
      "parameters": {
        "condition": "{{ $variables.data.url }}"
      },
      "outcomes": {
        "true": "openAttachmentUrl"
      }
    },
    "openAttachmentUrl": {
      "module": "vb/action/builtin/openUrlAction",
      "parameters": {
        "windowName": "_blank",
        "url": "{{ $variables.data.url }}"
      }
    },
    "ifContextCategorySet": {
      "module": "vb/action/builtin/ifAction",
      "parameters": {
        "condition": "[[ $application.variables.serviceContext.category.id ]]"
      },
      "outcomes": {
        "true": "callPersistContextCategory",
        "false": "ifContextProductSet"
      },
      "description": "Checks if a context category is set before setting the flag to persist the value across the navigation"
    },
    "ifContextProductSet": {
      "module": "vb/action/builtin/ifAction",
      "outcomes": {
        "true": "callPersistContextProduct",
        "false": "navigateToAnswerDetail"
      },
      "description": "Checks if a context product is set before setting the flag to persist the value across the navigation",
      "parameters": {
        "condition": "[[ $application.variables.serviceContext.product.id ]]"
      }
    },
    "callPersistContextCategory": {
      "module": "vb/action/builtin/callChainAction",
      "parameters": {
        "id": "application:PersistContextCategory"
      },
      "outcomes": {
        "success": "ifContextProductSet"
      }
    },
    "callPersistContextProduct": {
      "module": "vb/action/builtin/callChainAction",
      "parameters": {
        "id": "application:PersistContextProduct"
      },
      "outcomes": {
        "success": "navigateToAnswerDetail"
      }
    }
  }
}