{
  "root": "ifQuestion",
  "description": "",
  "variables": {
    "payload": {
      "type": {
        "target": "string"
      }
    }
  },
  "actions": {
    "setShowSearchResultsTrue": {
      "module": "vb/action/builtin/assignVariablesAction",
      "parameters": {
        "$page.variables.showSearchResults": {
          "source": true
        }
      }
    },
    "ifQuestion": {
      "module": "vb/action/builtin/ifAction",
      "outcomes": {
        "true": "fireEventOnDataProviderAction"
      },
      "parameters": {
        "condition": "[[ $page.variables.queryParams.question ]]"
      }
    },
    "fireEventOnDataProviderAction": {
      "module": "vb/action/builtin/fireDataProviderEventAction",
      "parameters": {
        "refresh": null,
        "target": "[[ $page.variables.answerList ]]"
      },
      "outcomes": {
        "success": "setShowSearchResultsTrue"
      }
    }
  }
}