{
  "root": "checkQuestion",
  "description": "This action is invoked when there has been a change in the value of the $page.variables.answerResultCache.queryParams.\nInvoking a knowledge search or if the conditions are right returns the data from a cache.  Facet selection and expansion is also handled by this action.",
  "variables": {
    "configuration": {
      "type": {
        "hookHandler": "vb/RestHookHandler"
      },
      "description": "the configuration for the rest action",
      "input": "fromCaller",
      "required": true
    },
    "response": {
      "type": "object"
    },
    "saveFailureResult": {
      "type": "page:genericServiceErrorResponseType"
    },
    "errorMessage": {
      "type": "string"
    }
  },
  "actions": {
    "checkQuestion": {
      "module": "vb/action/builtin/ifAction",
      "parameters": {
        "condition": "[[ $page.variables.queryParams.question ]]"
      },
      "outcomes": {
        "true": "isCacheDataMatchingQueryParams",
        "false": "returnEmptyPayloadOnNoQuestion"
      },
      "description": "If there is a question proceed to handle the query, otherwise return."
    },
    "setLocale": {
      "module": "vb/action/builtin/callChainAction",
      "parameters": {
        "id": "application:SetKMLocaleAction"
      },
      "outcomes": {
        "success": "getKMauthtoken"
      }
    },
    "getKMauthtoken": {
      "module": "vb/action/builtin/callModuleFunctionAction",
      "parameters": {
        "module": "{{$application.functions}}",
        "functionName": "getKMauthtoken",
        "params": [
          "{{ $application.variables.kmLocale }}",
          "{{ $application.variables.kmConfig.kmInterfaceId }}"
        ]
      },
      "outcomes": {
        "success": "fetchAnswerList"
      }
    },
    "fetchAnswerList": {
      "module": "vb/action/builtin/restAction",
      "parameters": {
        "endpoint": "knowledge-service/getAnswers",
        "headers": {
          "kmauthtoken": "{{ $chain.results.getKMauthtoken}}"
        },
        "hookHandler": "{{ $variables.configuration.hookHandler }}",
        "body": "{\"transactionId\": 0}",
        "requestTransformOptions": {
          "filter": "{{ $page.variables.queryParams }}"
        },
        "requestTransformFunctions": {
          "filter": "{{ $application.functions.setRequestParams }}"
        },
        "uriParams": {
          "kmauthtoken": "{{ $chain.results.getKMauthtoken }}"
        }
      },
      "outcomes": {
        "success": "callValidateIsJsonAction",
        "failure": "assignFailureResult"
      }
    },
    "assignFailureResult": {
      "module": "vb/action/builtin/assignVariablesAction",
      "parameters": {
        "$chain.variables.saveFailureResult": {
          "source": "[[ $chain.results.fetchAnswerList.payload ]]"
        },
        "$page.variables.kmListViewTranslations": {
          "source": {
            "msgNoData": "[[ $application.translations.app.km_articles_list_noDataFound ]]"
          },
          "auto": "always"
        }
      },
      "outcomes": {
        "success": "getErrorMessage"
      }
    },
    "getErrorMessage": {
      "module": "vb/action/builtin/callModuleFunctionAction",
      "parameters": {
        "module": "{{$application.functions}}",
        "functionName": "getErrorMessage",
        "params": [
          "{{$chain.variables.saveFailureResult.status }}",
          "{{$application.variables.kmConfig.kmErrorMessages }}"
        ]
      },
      "outcomes": {
        "success": "fireErrorNotification"
      }
    },
    "fireErrorNotification": {
      "module": "vb/action/builtin/fireNotificationEventAction",
      "parameters": {
        "summary": "[[ $chain.results.getErrorMessage ]]",
        "type": "error",
        "displayMode": "persist"
      },
      "outcomes": {
        "success": "returnEmptyResponse"
      }
    },
    "returnEmptyResponse": {
      "module": "vb/action/builtin/returnAction",
      "parameters": {
        "outcome": "success",
        "payload": "[[ $chain.results.fetchAnswerList ]]"
      }
    },
    "transformResponse": {
      "module": "vb/action/builtin/callModuleFunctionAction",
      "parameters": {
        "module": "{{$application.functions}}",
        "functionName": "transformAnswers",
        "params": [
          "{{ $chain.results.fetchAnswerList }}",
          "2.6.1"
        ]
      },
      "outcomes": {
        "success": "assignAnswerResultsToCache"
      }
    },
    "ifAnswerResultCached": {
      "module": "vb/action/builtin/ifAction",
      "outcomes": {
        "true": "forEachFacet",
        "false": "setLocale"
      },
      "parameters": {
        "condition": "{{ $chain.results.isCacheDataMatchingQueryParams }}"
      },
      "description": "If cached return the cached result, otherwise invoke a search"
    },
    "returnCachedAnswerResult": {
      "module": "vb/action/builtin/returnAction",
      "parameters": {
        "outcome": "success",
        "payload": "{{ $page.variables.answerResultCache.data }}"
      }
    },
    "assignKmSearchCount": {
      "module": "vb/action/builtin/assignVariablesAction",
      "outcomes": {
        "success": "transformResponse"
      },
      "parameters": {
        "$page.variables.kmListViewTranslations": {
          "source": {
            "msgNoData": "[[ $application.translations.app.km_articles_list_noDataFound ]]"
          },
          "auto": "always"
        },
        "$application.variables.kmSearchCount": {
          "source": "{{ $application.variables.kmSearchCount + 1 }}"
        }
      }
    },
    "isCacheDataMatchingQueryParams": {
      "module": "vb/action/builtin/callModuleFunctionAction",
      "parameters": {
        "module": "{{$application.functions}}",
        "functionName": "areAttributesMatchingTestValue",
        "params": [
          "{{ $page.variables.queryParams }}",
          "{{ $page.variables.answerResultCache.queryParams }}"
        ]
      },
      "outcomes": {
        "success": "ifAnswerResultCached"
      },
      "description": "Are the current query parameters present in the cache from a previous call."
    },
    "updateKMFacetArrayData": {
      "module": "vb/action/builtin/assignVariablesAction",
      "outcomes": {
        "success": "callDecodeFacetServiceContext"
      },
      "parameters": {
        "$page.variables.kmFacetData": {
          "source": "{{ $page.variables.answerResultCache.data.body.facets }}",
          "auto": "always"
        }
      },
      "description": "Updates the kmFacetData Object which is referenced in the UI by the facet oj-tree-view components."
    },
    "forEachFacet": {
      "module": "vb/action/builtin/forEachAction",
      "outcomes": {
        "success": "updateKMFacetArrayData"
      },
      "parameters": {
        "actionId": "getUpdatedObjectWithSelectionKetSetReset",
        "items": "{{ $page.variables.answerResultCache.data.body.facets }}"
      },
      "description": "Loop through the facets setting up selected array values."
    },
    "updateKMFacetSelectionObject": {
      "module": "vb/action/builtin/assignVariablesAction",
      "parameters": {
        "$page.variables.kmFacetSelected": {
          "source": "{{ $chain.results.getUpdatedObjectWithSelectionKetSetReset }}",
          "auto": "always"
        }
      }
    },
    "assignAnswerResultsToCache": {
      "module": "vb/action/builtin/assignVariablesAction",
      "outcomes": {
        "success": "forEachFacet"
      },
      "parameters": {
        "$page.variables.answerResultCache": {
          "source": {
            "data": "{{ $chain.results.transformResponse }}",
            "queryParams": "{{ $page.variables.queryParams }}"
          },
          "reset": "empty",
          "auto": "always"
        }
      }
    },
    "returnEmptyPayloadOnNoQuestion": {
      "module": "vb/action/builtin/returnAction",
      "parameters": {
        "outcome": "success",
        "payload": {
          "body": {
            "results": [],
            "facets": []
          }
        }
      }
    },
    "callDecodeFacetServiceContext": {
      "module": "vb/action/builtin/callChainAction",
      "parameters": {
        "id": "DecodeFacetServiceContextAction",
        "params": {
          "facets": "{{ $page.variables.queryParams.selectedFacets }}"
        }
      },
      "outcomes": {
        "success": "ifFocusIdSet"
      }
    },
    "getUpdatedObjectWithSelectionKetSetReset": {
      "module": "vb/action/builtin/callModuleFunctionAction",
      "parameters": {
        "module": "[[ $application.functions ]]",
        "functionName": "keySetOperation",
        "params": [
          "clear",
          "{{ $page.variables.kmFacetSelected }}",
          "{{ $current.data.id }}"
        ]
      },
      "outcomes": {
        "success": "updateKMFacetSelectionObject"
      }
    },
    "ifIsJsonResponse": {
      "module": "vb/action/builtin/ifAction",
      "outcomes": {
        "true": "assignKmSearchCount"
      },
      "parameters": {
        "condition": "[[ $chain.results.callValidateIsJsonAction ]]"
      }
    },
    "callValidateIsJsonAction": {
      "module": "vb/action/builtin/callChainAction",
      "parameters": {
        "id": "application:ValidateIsJsonResponseAction",
        "params": {
          "restPayload": "{{ $chain.results.fetchAnswerList }}"
        }
      },
      "outcomes": {
        "success": "ifIsJsonResponse"
      }
    },
    "ifFocusIdSet": {
      "module": "vb/action/builtin/ifAction",
      "outcomes": {
        "true": "callFocusActionChain",
        "false": "returnCachedAnswerResult"
      },
      "parameters": {
        "condition": "[[ $page.variables.kmFacetFocusId ]]"
      }
    },
    "callFocusActionChain": {
      "module": "vb/action/builtin/callChainAction",
      "parameters": {
        "id": "elementFocusAction",
        "params": {
          "className": "oj-treeview-list",
          "elementId": "{{ $page.variables.kmFacetFocusId }}"
        }
      },
      "outcomes": {
        "success": "returnCachedAnswerResult"
      }
    }
  }
}