{
  "root": "ifQuestionSet",
  "description": "This action will invoke the search of knowledge on the page, should the url parameter question be populated.  \nThis caters for both a book marked page being opened, a return from the Knowledge Article page.",
  "actions": {
    "ifQuestionSet": {
      "module": "vb/action/builtin/ifAction",
      "parameters": {
        "condition": "{{ $flow.variables.question }}"
      },
      "outcomes": {
        "true": "ifKMFacetsIdsExist",
        "false": "returnSuccess"
      }
    },
    "ifMatchingQueryParamsAlreadySet": {
      "module": "vb/action/builtin/ifAction",
      "outcomes": {
        "false": "updateQueryParams",
        "true": "showCachedResults"
      },
      "parameters": {
        "condition": "[[ $page.variables.queryParams.question && $chain.results.checkQueryParamsAlreadyMatching ]]"
      },
      "description": "If there is a question and the query parameters already match the current query parameters there is not need to set them.  The updating of the queryParams page variable invokes a refresh of the Service Data Provider, and is only required on a change of the query parameters. "
    },
    "showCachedResults": {
      "module": "vb/action/builtin/assignVariablesAction",
      "parameters": {
        "$page.variables.showSearchResults": {
          "source": true
        }
      },
      "description": "If there was a match the data is already available and there is no need to invoke a refresh of the results. In this case the showSearchResults is set to true to enable the page to render the results.",
      "outcomes": {
        "success": "returnSuccess"
      }
    },
    "checkQueryParamsAlreadyMatching": {
      "module": "vb/action/builtin/callModuleFunctionAction",
      "parameters": {
        "module": "{{$application.functions}}",
        "functionName": "areAttributesMatchingTestValue",
        "params": [
          "{{ $page.variables.tempQueryParams }}",
          "{{ $page.variables.answerResultCache.queryParams }}"
        ]
      },
      "outcomes": {
        "success": "ifMatchingQueryParamsAlreadySet"
      }
    },
    "assignExpansionKeySetsVariable": {
      "module": "vb/action/builtin/assignVariablesAction",
      "outcomes": {
        "success": "checkQueryParamsAlreadyMatching"
      },
      "parameters": {
        "$page.variables.kmFacetExpanded": {
          "source": "{{ $chain.results.processKeySetsForExpansion }}",
          "auto": "always"
        }
      },
      "description": "Sets the result of the processKeySetsForExpansion against the page variable whose attributes map to the per facet oj-tree-view component's expanded property."
    },
    "updateQueryParams": {
      "module": "vb/action/builtin/assignVariablesAction",
      "parameters": {
        "$page.variables.queryParams": {
          "source": {
            "selectedFacets": "{{ $flow.variables.kmFacetIds ? $flow.variables.kmFacetIds.split(',') : [] }}",
            "question": "{{ $flow.variables.question }}"
          },
          "reset": "none",
          "auto": "always",
          "mapping": {
            "$target.selectedFacets": {
              "source": "$source.selectedFacets",
              "reset": "empty",
              "auto": "always"
            },
            "$target.question": {
              "source": "$source.question",
              "reset": "empty",
              "auto": "always"
            }
          }
        }
      },
      "description": "Updating the queryParams with the question and facet values will invoke the on-value-change event on the queryParams and so call the action chain which will fetch the Knowledge results.\nNote that the selctedFacets attribute of the queryParams object is used in the component html to determine whether to show a checked or not checkbox to indicate selection status.",
      "outcomes": {
        "success": "returnSuccess"
      }
    },
    "updateTempQueryParamsAndResetIDs": {
      "module": "vb/action/builtin/assignVariablesAction",
      "outcomes": {
        "success": "processKeySetsForExpansion"
      },
      "parameters": {
        "$page.variables.tempQueryParams": {
          "source": {
            "selectedFacets": "{{ $flow.variables.kmFacetIds ? $flow.variables.kmFacetIds.split(',') : [] }}",
            "question": "{{ $flow.variables.question }}"
          },
          "reset": "none",
          "auto": "always",
          "mapping": {
            "$target.selectedFacets": {
              "source": "$source.selectedFacets",
              "reset": "empty",
              "auto": "always"
            },
            "$target.question": {
              "source": "$source.question",
              "reset": "empty",
              "auto": "always"
            }
          }
        },
        "$flow.variables.categoryId": {
          "reset": "empty"
        },
        "$flow.variables.productId": {
          "reset": "empty"
        }
      }
    },
    "processKeySetsForExpansion": {
      "module": "vb/action/builtin/callModuleFunctionAction",
      "parameters": {
        "module": "[[ $application.functions ]]",
        "functionName": "keySetOperation",
        "params": [
          "addWithRecursiveParents",
          "{{ $page.variables.kmFacetExpanded }}",
          null,
          "{{ $page.variables.tempQueryParams.selectedFacets }}"
        ]
      },
      "outcomes": {
        "success": "assignExpansionKeySetsVariable"
      },
      "description": "This function examines the facet data and builds arrays of strings for each item that should be expanded in the tree on initial render."
    },
    "pushCategoryIDToFacetsArray": {
      "module": "vb/action/builtin/callModuleFunctionAction",
      "parameters": {
        "module": "[[ $application.functions ]]",
        "functionName": "arrayOperation",
        "params": [
          "push",
          [],
          "{{ $flow.variables.categoryId }}",
          {
            "truthyNoDuplicates": true
          }
        ]
      },
      "outcomes": {
        "success": "combineProductIDAndCategoryIDFacetsArray"
      }
    },
    "combineProductIDAndCategoryIDFacetsArray": {
      "module": "vb/action/builtin/callModuleFunctionAction",
      "parameters": {
        "module": "[[ $application.functions ]]",
        "functionName": "arrayOperation",
        "params": [
          "push",
          "{{ $chain.results.pushCategoryIDToFacetsArray }}",
          "{{ $flow.variables.productId }}",
          {
            "truthyNoDuplicates": true
          }
        ]
      },
      "outcomes": {
        "success": "assignProductAndCategoryToKMFacetIds"
      }
    },
    "assignProductAndCategoryToKMFacetIds": {
      "module": "vb/action/builtin/assignVariablesAction",
      "outcomes": {
        "success": "updateTempQueryParamsAndResetIDs"
      },
      "parameters": {
        "$flow.variables.kmFacetIds": {
          "source": "{{ $chain.results.combineProductIDAndCategoryIDFacetsArray.toString() }}"
        }
      }
    },
    "returnSuccess": {
      "module": "vb/action/builtin/returnAction",
      "parameters": {
        "outcome": "success"
      }
    },
    "ifKMFacetsIdsExist": {
      "module": "vb/action/builtin/ifAction",
      "outcomes": {
        "false": "pushCategoryIDToFacetsArray",
        "true": "updateTempQueryParamsAndResetIDs"
      },
      "parameters": {
        "condition": "[[ $flow.variables.kmFacetIds ]]"
      },
      "description": "If the flow variable kmFacetIds is populated, use it to manage facet expansions and selections, otherwise check it product and or category Ids are available and process these to be kmFacetIds if found."
    }
  }
}