{
  "root": "IfQuestionHasLength",
  "description": "",
  "variables": {},
  "actions": {
    "setShowSearchResultsTrue": {
      "module": "vb/action/builtin/assignVariablesAction",
      "parameters": {
        "$page.variables.showSearchResults": {
          "source": true
        }
      },
      "outcomes": {
        "success": "ifQuestionValueUnchanged"
      }
    },
    "IfQuestionHasLength": {
      "module": "vb/action/builtin/ifAction",
      "parameters": {
        "condition": "[[ $flow.variables.question && $flow.variables.question.trim().length > 0 ]]"
      },
      "outcomes": {
        "true": "setShowSearchResultsTrue",
        "false": "resetQuestionVariables"
      },
      "description": "If the questionValue exists and is of length greater than zero invoke the search, otherwise make it a no op."
    },
    "resetQuestionVariables": {
      "module": "vb/action/builtin/assignVariablesAction",
      "parameters": {
        "$flow.variables.question": {
          "reset": "empty"
        },
        "$page.variables.showSearchResults": {
          "source": false
        },
        "$page.variables.kmFacetData": {
          "source": []
        }
      },
      "description": "Reset the variables in case it is empty after being trimmed.",
      "outcomes": {
        "success": "returnSuccess"
      }
    },
    "assignQueryParams": {
      "module": "vb/action/builtin/assignVariablesAction",
      "parameters": {
        "$page.variables.queryParams": {
          "source": {
            "categoryId": "{{ $flow.variables.categoryId }}",
            "productId": "{{ $flow.variables.productId }}",
            "question": "{{ $flow.variables.question }}",
            "selectedFacets": []
          },
          "reset": "empty",
          "auto": "always"
        }
      },
      "outcomes": {
        "success": "returnSuccess"
      }
    },
    "resetFacetAndScrollVariables": {
      "module": "vb/action/builtin/resetVariablesAction",
      "parameters": {
        "variables": [
          "$page.variables.kmFacetSelected",
          "$page.variables.kmFacetExpanded",
          "$page.variables.kmListViewScrollPosition",
          "$page.variables.kmFacetData"
        ]
      },
      "outcomes": {
        "success": "assignQueryParams"
      }
    },
    "ifQuestionValueUnchanged": {
      "module": "vb/action/builtin/ifAction",
      "outcomes": {
        "false": "resetFacetAndScrollVariables",
        "true": "returnSuccess"
      },
      "parameters": {
        "condition": "[[ $page.variables.queryParams.question === $flow.variables.question ]]"
      },
      "description": "Check if the question value has changed in order to reset the facet data and update the queryParams only if the search has been invoked with a new search term"
    },
    "returnSuccess": {
      "module": "vb/action/builtin/returnAction",
      "parameters": {
        "outcome": "success"
      }
    }
  }
}