{
    "openapi": "3.0.0",
    "info": {
        "title": "IDCS Rest API",
        "version": "1.0.0"
    },
    "servers": [
        {
            "url": "https://idcs-b27af1b0ab2e45539d106be223d1d8db.identity.oraclecloud.com",
            "x-vb": {
                "authentication": {
                    "authenticated": {
                        "type": "cloud"
                    }
                },
                "anonymousAccess": true
            },
            "description": "IDCS Server for ODCS users"
        }
    ],
    "paths": {
        "/admin/v1/MePasswordRecoveryOptionRetriever": {
            "post": {
                "requestBody": {
                    "content": {
                        "application/json": {
                            "schema": {
                                "$ref": "#/components/schemas/Postadminv1mepasswordrecoveryoptionretriever"
                            },
                            "examples": {
                                "vb": {
                                    "externalValue": "./examples/postMePasswordRecoveryOptionRetriever/request_application_json_vb.json"
                                }
                            }
                        }
                    }
                },
                "operationId": "postMePasswordRecoveryOptionRetriever",
                "parameters": [ ],
                "responses": {
                    "default": {
                        "description": "The content returned by the server.",
                        "content": {
                            "application/json": {
                                "schema": {
                                    "$ref": "#/components/schemas/Postadminv1mepasswordrecoveryoptionretrieverResponse"
                                },
                                "examples": {
                                    "vb": {
                                        "externalValue": "./examples/postMePasswordRecoveryOptionRetriever/response_default_application_json_vb.json"
                                    }
                                }
                            }
                        }
                    }
                },
                "x-vb": {
                    "actionHint": "getMany"
                }
            }
        },
        "/admin/v1/MePasswordResetRequestor": {
            "post": {
                "requestBody": {
                    "content": {
                        "application/json": {
                            "schema": {
                                "$ref": "#/components/schemas/Postadminv1mepasswordresetrequestor"
                            },
                            "examples": {
                                "vb": {
                                    "externalValue": "./examples/postMePasswordResetRequestor/request_application_json_vb.json"
                                }
                            }
                        }
                    }
                },
                "operationId": "postMePasswordResetRequestor",
                "parameters": [ ],
                "responses": {
                    "default": {
                        "description": "The content returned by the server.",
                        "content": {
                            "application/json": {
                                "schema": {
                                    "$ref": "#/components/schemas/Postadminv1mepasswordresetrequestorResponse"
                                },
                                "examples": {
                                    "vb": {
                                        "externalValue": "./examples/postMePasswordResetRequestor/response_default_application_json_vb.json"
                                    }
                                }
                            }
                        }
                    }
                },
                "x-vb": {
                    "actionHint": "getOne"
                }
            }
        },
        "/admin/v1/MePasswordResetter": {
            "post": {
                "requestBody": {
                    "content": {
                        "application/json": {
                            "schema": {
                                "$ref": "#/components/schemas/Postadminv1mepasswordresetter"
                            },
                            "examples": {
                                "vb": {
                                    "externalValue": "./examples/postMePasswordResetter/request_application_json_vb.json"
                                }
                            }
                        }
                    }
                },
                "operationId": "postMePasswordResetter",
                "parameters": [ ],
                "responses": {
                    "default": {
                        "description": "The content returned by the server."
                    }
                },
                "x-vb": {
                    "actionHint": "update"
                }
            }
        },
        "/admin/v1/UserPasswordValidator/{userId}": {
            "put": {
                "requestBody": {
                    "content": {
                        "application/json": {
                            "schema": {
                                "$ref": "#/components/schemas/Postadminv1mepasswordresetter"
                            },
                            "examples": {
                                "vb": {
                                    "externalValue": "./examples/putUserPasswordValidatorUserId/request_application_json_vb.json"
                                }
                            }
                        }
                    }
                },
                "operationId": "putUserPasswordValidatorUserId",
                "parameters": [
                    {
                        "name": "userId",
                        "in": "path",
                        "required": true,
                        "schema": {
                            "type": "string"
                        }
                    },
                    {
                        "name": "Accept-Language",
                        "in": "header",
                        "schema": {
                            "type": "string"
                        }
                    }
                ],
                "responses": {
                    "default": {
                        "description": "The content returned by the server.",
                        "content": {
                            "application/json": {
                                "schema": {}                            
                             }
                        }
                    }
                },
                "x-vb": {
                    "actionHint": "custom"
                }
            }
        },
        "/admin/v1/MePasswordChanger": {
            "put": {
                "requestBody": {
                    "content": {
                        "application/json": {
                            "schema": {
                                "$ref": "#/components/schemas/Putadminv1mepasswordchanger"
                            },
                            "examples": {
                                "vb": {
                                    "externalValue": "./examples/putMePasswordChanger/request_application_json_vb.json"
                                }
                            }
                        }
                    }
                },
                "operationId": "putMePasswordChanger",
                "parameters": [ ],
                "responses": {
                    "default": {
                        "description": "The content returned by the server."
                    }
                },
                "x-vb": {
                    "actionHint": "update"
                }
            }
        },
        "/oauth2/v1/authorize": {
            "get": {
                "operationId": "getAuthorize",
                "parameters": [
                    {
                        "name": "client_id",
                        "in": "query",
                        "required": true,
                        "schema": {
                            "type": "string"
                        }
                    },
                    {
                        "name": "response_type",
                        "in": "query",
                        "required": true,
                        "schema": {
                            "type": "string"
                        }
                    },
                    {
                        "name": "redirect_uri",
                        "in": "query",
                        "required": true,
                        "schema": {
                            "type": "string"
                        }
                    },
                    {
                        "name": "scope",
                        "in": "query",
                        "required": true,
                        "schema": {
                            "type": "string"
                        }
                    },
                    {
                        "name": "state",
                        "in": "query",
                        "schema": {
                            "type": "string"
                        }
                    },
                    {
                        "name": "nonce",
                        "in": "query",
                        "schema": {
                            "type": "string"
                        }
                    }
                ],
                "responses": {
                    "default": {
                        "description": "The content returned by the server.",
                        "content": {
                            "application/json": {
                                "schema": {}
                             },
                            "text/html": {}
                        }
                    }
                },
                "x-vb": {
                    "actionHint": "getOne"
                }
            }
        },
        "/sso/v1/sdk/authenticate": {
            "post": {
                "requestBody": {
                    "content": {
                        "application/json": {
                            "schema": {
                                "$ref": "#/components/schemas/Postssov1sdkauthenticate"
                            },
                            "examples": {
                                "vb": {
                                    "externalValue": "./examples/postAuthenticate/request_application_json_vb.json"
                                }
                            }
                        }
                    }
                },
                "operationId": "postAuthenticate",
                "parameters": [ ],
                "responses": {
                    "default": {
                        "description": "The content returned by the server."
                    }
                },
                "x-vb": {
                    "actionHint": "custom"
                }
            }
        },
        "/admin/v1/Me": {
            "patch": {
                "requestBody": {
                    "content": {
                        "application/json": {
                            "schema": {
                                "$ref": "#/components/schemas/Patchadminv1me"
                            },
                            "examples": {
                                "vb": {
                                    "externalValue": "./examples/patchAdminV1Me/request_application_json_vb.json"
                                }
                            }
                        }
                    }
                },
                "operationId": "patchAdminV1Me",
                "parameters": [ ],
                "responses": {
                    "default": {
                        "description": "The content returned by the server."
                    }
                },
                "x-vb": {
                    "actionHint": "update"
                }
            }
        },
        "/admin/v1/UserTokenValidator": {
            "post": {
                "requestBody": {
                    "content": {
                        "application/json": {
                            "schema": {
                                "$ref": "#/components/schemas/Postadminv1mepasswordresetter"
                            },
                            "examples": {
                                "vb": {
                                    "externalValue": "./examples/postAdminV1UserTokenValidator/request_application_json_vb.json"
                                }
                            }
                        }
                    }
                },
                "operationId": "postAdminV1UserTokenValidator",
                "parameters": [ ],
                "responses": {
                    "default": {
                        "description": "The content returned by the server.",
                        "content": {
                            "application/json": {
                                "schema": {
                                    "$ref": "#/components/schemas/Getadminv1usertokensusertokenid"
                                },
                                "examples": {
                                    "vb": {
                                        "externalValue": "./examples/postAdminV1UserTokenValidator/response_default_application_json_vb.json"
                                    }
                                }
                            }
                        }
                    }
                },
                "x-vb": {
                    "actionHint": "getMany"
                }
            }
        },
        "/sso/v1/sdk/secure/session": {
            "post": {
                "operationId": "postSession",
                "responses": {
                    "default": {
                        "description": "The content returned by the server.",
                        "content": {
                            "application/json": {
                                "schema": {}                              
                             }
                        }
                    }
                },
                "requestBody": {
                    "content": {
                        "application/x-www-form-urlencoded": {}
                    }
                },
                "x-vb": {
                    "actionHint": "create"
                }
            }
        },
        "/admin/v1/MePasswordMustChanger": {
            "post": {
                "operationId": "postMePasswordMustChanger",
                "requestBody": {
                    "content": {
                        "application/json": {
                            "schema": {
                                "$ref": "#/components/schemas/PostAdminV1MePasswordMustChangerRequest"
                            },
                            "examples": {
                                "vb": {
                                    "externalValue": "./examples/postMePasswordMustChanger/request_application_json_vb.json"
                                }
                            }
                        }
                    }
                },
                "responses": {},
                "x-vb": {
                    "actionHint": "update"
                }
            }
        },
        "/sso/v1/sdk/secure/idp": {
            "post": {
                "operationId": "postSecureIdp",
                "responses": {},
                "x-vb": {
                    "actionHint": "custom"
                }
            }
        }
    },
    "components": {
        "schemas": {
            "Postadminv1mepasswordrecoveryoptionretriever": {
                "type": "object",
                "properties": {
                    "userName": {
                        "type": "string"
                    },
                    "schemas": {
                        "type": "array",
                        "items": {
                            "type": "string"
                        }
                    }
                }
            },
            "Postadminv1mepasswordrecoveryoptionretrieverResponse": {
                "type": "object",
                "properties": {
                    "options": {
                        "type": "array",
                        "items": {
                            "$ref": "#/components/schemas/Option"
                        }
                    },
                    "schemas": {
                        "type": "array",
                        "items": {
                            "type": "string"
                        }
                    },
                    "meta": {
                        "$ref": "#/components/schemas/Meta"
                    }
                }
            },
            "Option": {
                "type": "object",
                "properties": {
                    "type": {
                        "type": "string"
                    },
                    "value": {
                        "type": "string"
                    }
                }
            },
            "Meta": {
                "type": "object",
                "properties": {
                    "resourceType": {
                        "type": "string"
                    },
                    "location": {
                        "type": "string"
                    }
                }
            },
            "Postadminv1mepasswordresetrequestor": {
                "type": "object",
                "properties": {
                    "userName": {
                        "type": "string"
                    },
                    "notificationType": {
                        "type": "string"
                    },
                    "notificationEmailAddress": {
                        "type": "string"
                    },
                    "userFlowControlledByExternalClient": {
                        "type": "boolean"
                    },
                    "schemas": {
                        "type": "array",
                        "items": {
                            "type": "string"
                        }
                    }
                }
            },
            "Postadminv1mepasswordresetrequestorResponse": {
                "type": "object",
                "properties": {
                    "schemas": {
                        "type": "array",
                        "items": {
                            "type": "string"
                        }
                    },
                    "userName": {
                        "type": "string"
                    },
                    "id": {
                        "type": "string"
                    },
                    "notificationType": {
                        "type": "string"
                    },
                    "userFlowControlledByExternalClient": {
                        "type": "boolean"
                    },
                    "userToken": {
                        "$ref": "#/components/schemas/Usertoken"
                    }
                }
            },
            "Usertoken": {
                "type": "object",
                "properties": {
                    "value": {
                        "type": "string"
                    },
                    "$ref": {
                        "type": "string"
                    }
                }
            },
            "Postadminv1mepasswordresetter": {
                "type": "object",
                "properties": {
                    "token": {
                        "type": "string"
                    },
                    "password": {
                        "type": "string"
                    },
                    "schemas": {
                        "type": "array",
                        "items": {
                            "type": "string"
                        }
                    }
                }
            },
            "Postadminv1userssearch": {
                "type": "object",
                "properties": {
                    "schemas": {
                        "type": "array",
                        "items": {
                            "type": "string"
                        }
                    },
                    "attributes": {
                        "type": "array",
                        "items": {
                            "type": "string"
                        }
                    },
                    "filter": {
                        "type": "string"
                    },
                    "startIndex": {
                        "type": "number"
                    },
                    "count": {
                        "type": "number"
                    }
                }
            },
            "Postadminv1userssearchResponse": {
                "type": "object",
                "properties": {
                    "schemas": {
                        "type": "array",
                        "items": {
                            "type": "string"
                        }
                    },
                    "totalResults": {
                        "type": "number"
                    },
                    "Resources": {
                        "type": "array",
                        "items": {
                            "$ref": "#/components/schemas/Resource"
                        }
                    },
                    "startIndex": {
                        "type": "number"
                    },
                    "itemsPerPage": {
                        "type": "number"
                    }
                }
            },
            "Resource": {
                "type": "object",
                "properties": {
                    "id": {
                        "type": "string"
                    },
                    "userName": {
                        "type": "string"
                    },
                    "emails": {
                        "type": "array",
                        "items": {
                            "$ref": "#/components/schemas/Email"
                        }
                    }
                }
            },
            "Email": {
                "type": "object",
                "properties": {
                    "secondary": {
                        "type": "boolean"
                    },
                    "verified": {
                        "type": "boolean"
                    },
                    "type": {
                        "type": "string"
                    },
                    "primary": {
                        "type": "boolean"
                    },
                    "value": {
                        "type": "string"
                    }
                }
            },
            "Getadminv1usertokensusertokenid": {
                "type": "object",
                "properties": {
                    "data": {
                        "type": "string"
                    },
                    "idcsLastModifiedBy": {
                        "$ref": "#/components/schemas/Idcslastmodifiedby"
                    },
                    "idcsCreatedBy": {
                        "$ref": "#/components/schemas/Idcscreatedby"
                    },
                    "id": {
                        "type": "string"
                    },
                    "eventId": {
                        "type": "string"
                    },
                    "meta": {
                        "$ref": "#/components/schemas/Meta1"
                    },
                    "userId": {
                        "type": "string"
                    },
                    "token": {
                        "type": "string"
                    },
                    "expiryTime": {
                        "type": "string"
                    },
                    "tokenType": {
                        "type": "string"
                    },
                    "status": {
                        "type": "number"
                    },
                    "schemas": {
                        "type": "array",
                        "items": {
                            "type": "string"
                        }
                    }
                }
            },
            "Idcslastmodifiedby": {
                "type": "object",
                "properties": {
                    "type": {
                        "type": "string"
                    },
                    "value": {
                        "type": "string"
                    },
                    "display": {
                        "type": "string"
                    },
                    "$ref": {
                        "type": "string"
                    }
                }
            },
            "Idcscreatedby": {
                "type": "object",
                "properties": {
                    "type": {
                        "type": "string"
                    },
                    "display": {
                        "type": "string"
                    },
                    "value": {
                        "type": "string"
                    },
                    "$ref": {
                        "type": "string"
                    }
                }
            },
            "Meta1": {
                "type": "object",
                "properties": {
                    "created": {
                        "type": "string"
                    },
                    "lastModified": {
                        "type": "string"
                    },
                    "resourceType": {
                        "type": "string"
                    },
                    "location": {
                        "type": "string"
                    }
                }
            },
            "Putadminv1mepasswordchanger": {
                "type": "object",
                "properties": {
                    "oldPassword": {
                        "type": "string"
                    },
                    "password": {
                        "type": "string"
                    },
                    "schemas": {
                        "type": "array",
                        "items": {
                            "type": "string"
                        }
                    }
                }
            },
            "Postssov1sdkauthenticate": {
                "type": "object",
                "properties": {
                    "op": {
                        "type": "string"
                    },
                    "authFactor": {
                        "type": "string"
                    },
                    "credentials": {
                        "$ref": "#/components/schemas/Credential"
                    },
                    "requestState": {
                        "type": "string"
                    }
                }
            },
            "Credential": {
                "type": "object",
                "properties": {
                    "username": {
                        "type": "string"
                    },
                    "password": {
                        "type": "string"
                    }
                }
            },
            "Patchadminv1me": {
                "type": "object",
                "properties": {
                    "schemas": {
                        "type": "array",
                        "items": {
                            "type": "string"
                        }
                    },
                    "Operations": {
                        "type": "array",
                        "items": {
                            "$ref": "#/components/schemas/Operation"
                        }
                    }
                }
            },
            "Operation": {
                "type": "object",
                "properties": {
                    "op": {
                        "type": "string"
                    },
                    "path": {
                        "type": "string"
                    }
                }
            },
            "PostAdminV1MePasswordMustChangerRequest": {
                "type": "object",
                "properties": {
                    "mappingAttribute": {
                        "type": "string"
                    },
                    "mappingAttributeValue": {
                        "type": "string"
                    },
                    "oldPassword": {
                        "type": "string"
                    },
                    "password": {
                        "type": "string"
                    },
                    "schemas": {
                        "type": "array",
                        "items": {
                            "type": "string"
                        }
                    }
                }
            }
        }
    }
}