{
  "root": "navigateToServiceRequestCreateFlow",
  "description": "Navigates to the create service request page",
  "variables": {
    "detail": {
      "type": "any",
      "required": true,
      "input": "fromCaller"
    }
  },
  "actions": {
    "navigateToServiceRequestCreateFlow": {
      "module": "vb/action/builtin/fireCustomEventAction",
      "parameters": {
        "payload": {
          "target": "service-request",
          "operation": "create"
        },
        "name": "navigate"
      }
    }
  }
}