{
    "roleMapping": {
        "idcsHostUrl": "https://idcs-b27af1b0ab2e45539d106be223d1d8db.identity.oraclecloud.com:443",
        "roles": {
            "Account_Administrator": {
                "user_proxy_prod": {
                    "users": [ ],
                    "groups": [
                        {
                            "id": "68732618a42d4a6ebf31309291f8b40c",
                            "displayName": "Customer Self-Service Account Administrator"
                        }
                    ]
                },
                "user_proxy_dev": {
                    "users": [ ],
                    "groups": [
                        {
                            "id": "68732618a42d4a6ebf31309291f8b40c",
                            "displayName": "Customer Self-Service Account Administrator"
                        }
                    ]
                },
                "default": {
                    "users": [ ],
                    "groups": [
                        {
                            "id": "68732618a42d4a6ebf31309291f8b40c",
                            "displayName": "Customer Self-Service Account Administrator"
                        }
                    ]
                }
            },
            "User": {
                "user_proxy_prod": {
                    "users": [ ],
                    "groups": [
                        {
                            "id": "5a4f5c8095f54d99af8f71d361e1e04c",
                            "displayName": "Customer Self-Service Proxy User"
                        },
                        {
                            "id": "7ed48cfe3d4c400490ae726e1eab6ba1",
                            "displayName": "Customer Self-Service User"
                        }
                    ]
                },
                "user_proxy_dev": {
                    "users": [
                        {
                            "id": "fdfbd92aa4fd4ba098b648918eb23c0a",
                            "displayName": "Vamsi Chandu",
                            "userName": "dipanshugupta2412@gmail.com"
                        }
                    ],
                    "groups": [
                        {
                            "id": "5a4f5c8095f54d99af8f71d361e1e04c",
                            "displayName": "Customer Self-Service Proxy User"
                        },
                        {
                            "id": "7ed48cfe3d4c400490ae726e1eab6ba1",
                            "displayName": "Customer Self-Service User"
                        }
                    ]
                },
                "default": {
                    "users": [ ],
                    "groups": [
                        {
                            "id": "7ed48cfe3d4c400490ae726e1eab6ba1",
                            "displayName": "Customer Self-Service User"
                        }
                    ]
                }
            }
        }
    }
}