{
    "vbcs.dt.version": "20220614-22.10.3",
    "source.version": "2210",
    "dependencies": {
        "upgrade": "micro",
        "paths": {
            "jet": "https://static.oracle.com/cdn/jet/12.1.4",
            "visualRuntime": "https://static.oracle.com/cdn/vb/2210.0.4",
            "telemetry": "https://static.oracle.com/cdn/trace/7.0.1"
        }
    },
    "migration": {
        "2210": [
            "AutowiringDtMetadataMigrator",
            "ArtifactModelVersionMigrator",
            "LocalPersistedVariableMigrator",
            "DefaultServicesMigrator",
            "RTIconFontImportMigrator",
            "TabbedWebAppShellCssMigrator",
            "NavigateActionMigrator",
            "ValidationImportMigrator",
            "ActionsJsonMigrator",
            "ACTJsSpecsMigrator",
            "AppUIRootPageMigrator",
            "RemoveReadOnlyAttrDynamicFormMigrator",
            "RemoveMetadataPathAttrMigrator",
            "LayoutFieldRestDisplayPropertyMigrator"
        ]
    }
}