{
  "root": "callValidateServiceRequestCreatableAction",
  "description": "",
  "actions": {
    "callValidateServiceRequestCreatableAction": {
      "module": "vb/action/builtin/callChainAction",
      "parameters": {
        "id": "flow:SRCreateValidateServiceRequestCreatableAction",
        "params": {
          "detail": "{{ $flow.variables.serviceRequest }}"
        }
      },
      "outcomes": {
        "success": "ifSRIsCreatable"
      }
    },
    "callSubmitServiceRequestAction": {
      "module": "vb/action/builtin/callChainAction",
      "parameters": {
        "id": "flow:SRCreateSubmitServiceRequestAction",
        "params": {
          "detail": "{{ $flow.variables.serviceRequest }}"
        }
      }
    },
    "ifSRIsCreatable": {
      "module": "vb/action/builtin/ifAction",
      "outcomes": {
        "true": "callSubmitServiceRequestAction"
      },
      "parameters": {
        "condition": "[[ $chain.results.callValidateServiceRequestCreatableAction ]]"
      }
    }
  }
}