{
  "description": "",
  "variables": {
    "detail": {
      "required": true,
      "type": "any",
      "input": "fromCaller"
    }
  },
  "root": "ifProductGroup",
  "actions": {
    "ifProductGroup": {
      "module": "vb/action/builtin/ifAction",
      "parameters": {
        "condition": "{{ $chain.variables.detail.type === 'product-group' }}"
      },
      "outcomes": {
        "true": "resetProductId",
        "false": "resetProductGroupId"
      }
    },
    "resetProductId": {
      "module": "vb/action/builtin/resetVariablesAction",
      "parameters": {
        "variables": [
          "$flow.variables.serviceRequest.InventoryItemId"
        ]
      },
      "outcomes": {
        "success": "assignProductGroupId"
      }
    },
    "resetProductGroupId": {
      "module": "vb/action/builtin/resetVariablesAction",
      "parameters": {
        "variables": [
          "$flow.variables.serviceRequest.ProdGroupId"
        ]
      },
      "outcomes": {
        "success": "assignProductId"
      }
    },
    "assignProductGroupId": {
      "module": "vb/action/builtin/assignVariablesAction",
      "parameters": {
        "$flow.variables.serviceRequest": {
          "source": {
            "ProdGroupId": "{{ $chain.variables.detail.id }}"
          },
          "reset": "none"
        }
      }
    },
    "assignProductId": {
      "module": "vb/action/builtin/assignVariablesAction",
      "parameters": {
        "$flow.variables.serviceRequest": {
          "source": {
            "InventoryItemId": "{{ $chain.variables.detail.id }}",
            "InventoryOrgId": "{{ $chain.variables.detail.orgId}}",
            "ProdGroupId": "{{ $chain.variables.detail.parentId }}"
          },
          "reset": "none"
        }
      }
    }
  }
}