{
  "root": "callValidateSRCreatableAction",
  "description": "",
  "actions": {
    "callValidateSRCreatableAction": {
      "module": "vb/action/builtin/callChainAction",
      "parameters": {
        "id": "flow:SRCreateValidateServiceRequestCreatableAction",
        "params": {
          "detail": "{{ $flow.variables.serviceRequest }}"
        }
      },
      "outcomes": {
        "success": "ifIsValidForCreate"
      }
    },
    "ifIsValidForCreate": {
      "module": "vb/action/builtin/ifAction",
      "outcomes": {
        "true": "navigateToArticlesPage"
      },
      "parameters": {
        "condition": "{{ $chain.results.callValidateSRCreatableAction }}"
      }
    },
    "navigateToArticlesPage": {
      "module": "vb/action/builtin/navigateAction",
      "parameters": {
        "page": "service-request-create-answers",
        "history": "push",
        "params": {
          "question": "{{ $flow.variables.serviceRequest.Title }}"
        }
      }
    }
  }
}