{
  "root": "callValidateSRCreatableAction",
  "description": "",
  "actions": {
    "ifSRIsValid": {
      "module": "vb/action/builtin/ifAction",
      "parameters": {
        "condition": "{{ $chain.results.callValidateSRCreatableAction }}"
      },
      "outcomes": {
        "true": "callSubmitSRAction"
      }
    },
    "callValidateSRCreatableAction": {
      "module": "vb/action/builtin/callChainAction",
      "parameters": {
        "id": "flow:SRCreateValidateServiceRequestCreatableAction",
        "params": {
          "detail": "{{ $flow.variables.serviceRequest }}"
        }
      },
      "outcomes": {
        "success": "ifSRIsValid"
      }
    },
    "callSubmitSRAction": {
      "module": "vb/action/builtin/callChainAction",
      "parameters": {
        "id": "flow:SRCreateSubmitServiceRequestAction",
        "params": {
          "detail": "{{ $flow.variables.serviceRequest }}"
        }
      }
    }
  }
}