{

  "title": "[[ $application.translations.app.homepage_pageTitle ]]",
  "description": "This is the DCS application's homepage.",
  "types": {
    "genericServiceErrorResponseType": {
      "body": "any",
      "status": "number"
    },
    "kmProduct": {
      "id": "string",
      "key": "string",
      "hasParent": "boolean"
    }
  },
  "variables": {
    "questionRawValue": {
      "type": "string",
      "input": "none",
      "defaultValue": "",
      "persisted": "none"
    },
    "kmPopularArticlesList": {
      "type": "vb/ServiceDataProvider",
      "defaultValue": {
        "fetchChainId": "kmPopularArticlesFetchAction",
        "idAttribute": "answerId",
        "itemsPath": "items"
      },
      "input": "none"
    },
    "kmPopularArticlesResultsCache": {
      "type": "any",
      "persisted": "history"
    },
    "kmPopularArticlesLimit": {
      "type": "number",
      "defaultValue": 5
    },
    "kmPopularArticlesFilter": {
      "type": "string"
    },
    "searchSubmissionState": {
      "type": "object",
      "onValueChanged": {
        "chains": [{
          "chainId": "KMHandleSearchSubmissionAction",
          "parameters": {
            "incidentId": "{{ $event.value }}"
          }
        }]
      },
      "defaultValue": {
        "searchInputReady": false
      }
    },
    "navigatorItems": {
      "type": "application:navigatorItem[]",
      "persisted": "history",
      "defaultValue": []
    },
    "navigatorDataProvider": {
      "type": "vb/ArrayDataProvider",
      "defaultValue": {
        "data": "{{ $page.variables.navigatorItems }}",
        "itemType": "application:navigatorItem",
        "idAttribute": "index"
      },
      "persisted": "none"
    }
  },
  "chains": {
  },
  "eventListeners": {
    "buttonAction": {
      "chains": [
        {
          "chainId": "CreateSRButtonActionChain"
        }
      ]
    },
    "buttonAction2": {
      "chains": [
        {
          "chainId": "ViewSRButtonActionChain"
        }
      ]
    },
    "kmSearchEvent": {
      "chains": [{
        "chainId": "KMSearchSubmitAction",
        "parameters": {}
      }]
    },
    "vbEnter": {
      "chains": [
        {
          "chainId": "NavigatorLoadAction"
        }
      ]
    },
    "kmProductSelectorSelected": {
      "chains": [{
        "chainId": "KMProductSelectorSelectedAction",
        "parameters": {
          "detail": "{{ $event.detail }}"
        }
      }]
    },
    "kmCategorySelectorSelected": {
      "chains": [{
        "chainId": "KMCategorySelectorSelectedAction",
        "parameters": {
          "detail": "{{ $event.detail }}"
        }
      }]
    },
    "kmResetSearchClicked": {
      "chains": [{
        "chainId": "KMResetSearchAction",
        "parameters": {}
      }],
      "preventDefault": "true"
    },
    "odcsHomePageChatClick": {
      "chains": [{
        "chainId": "application:ShowChatAction"
      }],
      "preventDefault": "true"
    },
    "kmPopularArticlesNavigateOnSelectedChanged": {
      "chains": [{
        "chainId": "kmSearchNavigateToArticleAction",
        "parameters": {
          "contentId": "{{ $event.detail.value.key }}"
        }
      }]
    },
    "kmPopulareArticlesNullEvent": {
      "preventDefault": "true",
      "chains": [{
        "chainId": "application:NullAction"
      }]
    },
    "vbAfterNavigate": {
      "chains": [
        {
          "chainId": "HandleNavigateToHomepageArticlesAction",
          "parameters": {}
        }
      ]
    },
    "navigatorSelected": {
      "chains": [
        {
          "chainId": "NavigatorSelectedAction",
          "parameters": {
            "selected": "{{ $event.detail && $event.detail.items && $event.detail.items[0].key }}",
            "event": "{{ $event.detail }}"
          }
        }
      ]
    },
    "odcsUserSignUpLinkClick": {
      "chains": [
        {
          "chainId": "SignUpClickAction",
          "parameters": {
            "detail": "{{ $event.detail }}"
          }
        }
      ]
    },
    "vbBeforeExit": {
      "chains": [
        {
          "chainId": "KMSetNavigateToAnswersFalse",
          "parameters": {}
        }
      ]
    }

  },
  "imports": {
    "components": {
      "oj-button": {
        "path": "ojs/ojbutton"
      },
      "oj-list-view": {
        "path": "ojs/ojlistview"
      },
      "oj-odcs-category-selector": {
        "path": "oj-odcs/category-selector/loader"
      },
      "oj-odcs-product-selector": {
        "path": "oj-odcs/product-selector/loader"
      },
      "oj-collapsible": {
        "path": "ojs/ojcollapsible"
      },
      "oj-combobox-one": {
        "path": "ojs/ojselectcombobox"
      }

    }
  },
  "constants": {
    "navigationItemsForAnonymousUser": {
      "type": "object[]",
      "defaultValue": [
          {
            "type": "service-request-create",
            "title": "!homepage_visual_navigator_serviceRequest_create_title",
          "icon": "fas fa-4x fa-ticket-alt odcs-home-visual-navigator-card-icon"
          },
          {
            "type": "contact-us",
            "title": "!homepage_visual_navigator_contactUs_title",
            "icon": "fas fa-4x fa-envelope odcs-home-visual-navigator-card-icon"
          },
          {
            "type": "sign-up",
            "title": "!homepage_visual_navigator_userSignUp_title",
            "icon": "fas fa-4x fa-user-plus odcs-home-visual-navigator-card-icon"
          }
        ]
    },
    "navigationItemsForAuthenticatedUser": {
      "type": "object[]",
      "defaultValue": [
        {
          "type": "service-request-list",
          "title": "!homepage_visual_navigator_serviceRequest_list_title",
          "icon": "fas fa-4x fa-concierge-bell odcs-home-visual-navigator-card-icon"
        },
        {
          "type": "service-request-create",
          "title": "!homepage_visual_navigator_serviceRequest_create_title",
          "icon": "fas fa-4x fa-ticket-alt odcs-home-visual-navigator-card-icon"
        },
        {
          "type": "work-order-list",
          "title": "!homepage_visual_navigator_workOrder_list_title",
          "icon": "fas fa-4x fa-clipboard-list odcs-home-visual-navigator-card-icon"
        },
        {
          "type": "my-profile",
          "title": "!homepage_visual_navigator_myProfile_title",
          "icon": "fas fa-4x fa-address-card odcs-home-visual-navigator-card-icon"
        },
        {
          "type": "contact-us",
          "title": "!homepage_visual_navigator_contactUs_title",
          "icon": "fas fa-4x fa-envelope odcs-home-visual-navigator-card-icon"
        }
      ]
    },
    "navigationItemsForAccountAdministrator": {
      "type": "object[]",
      "defaultValue": [
        {
          "type": "service-request-list",
          "title": "!homepage_visual_navigator_serviceRequest_list_title",
          "icon": "fas fa-4x fa-concierge-bell odcs-home-visual-navigator-card-icon"
        },
        {
          "type": "service-request-create",
          "title": "!homepage_visual_navigator_serviceRequest_create_title",
          "icon": "fas fa-4x fa-ticket-alt odcs-home-visual-navigator-card-icon"
        },
        {
          "type": "work-order-list",
          "title": "!homepage_visual_navigator_workOrder_list_title",
          "icon": "fas fa-4x fa-clipboard-list odcs-home-visual-navigator-card-icon"
        },
        {
          "type": "user-management",
          "title": "!homepage_visual_navigator_userManagement_title",
          "icon": "fas fa-4x fa-users odcs-home-visual-navigator-card-icon"
        },
        {
          "type": "my-profile",
          "title": "!homepage_visual_navigator_myProfile_title",
          "icon": "fas fa-4x fa-address-card odcs-home-visual-navigator-card-icon"
        },
        {
          "type": "contact-us",
          "title": "!homepage_visual_navigator_contactUs_title",
          "icon": "fas fa-4x fa-envelope odcs-home-visual-navigator-card-icon"
        }
      ]
    }
  }
}