{

  "title": "[[ $application.translations.app.homepage_answers_pageTitle ]]",
  "description": "This is the DCS application's KM answers homepage.",
  "types": {
    "genericServiceErrorResponseType": {
      "body": "any",
      "status": "number"
    },
    "queryParams": {
      "question": "string",
      "categoryId": "string",
      "productId": "string",
      "selectedFacets": "string[]"
    },
    "kmProduct": {
      "id": "string",
      "key": "string",
      "hasParent": "boolean"
    },
    "answerResultsType": {
      "queryParams": "queryParams",
      "data": {
        "body": "object"
      }
    }
  },
  "variables": {
    "queryParams": {
      "type": "page:queryParams",
      "onValueChanged": {
        "chains": [{
          "chainId": "KMSearchFireDataProviderRefreshEventAction",
          "parameters": {
            "payload": {
              "target": "answerList"
            }
          }
        }]
      },
      "persisted": "none"
    },
    "answerList": {
      "type": "vb/ServiceDataProvider",
      "persisted": "none",
      "defaultValue": {
        "fetchChainId": "KMSearchFetchAnswerListAction",
        "idAttribute": "answerId",
        "itemsPath": "results"
      }
    },
    "kmListViewScrollPosition": {
      "persisted": "history",
      "type": {
        "x": "number",
        "y": "number",
        "index": "number",
        "parent": "any",
        "key": "any",
        "offsetX": "number",
        "offsetY": "number"
      },
      "defaultValue": {
        "x": 0,
        "y": 0,
        "index": 0,
        "key": null,
        "offsetX": 0,
        "offsetY": 0
      }
    },
    "showSearchResults": {
      "type": "boolean",
      "defaultValue": false,
      "persisted": "none"
    },
    "questionRawValue": {
      "type": "string",
      "input": "none",
      "defaultValue": "",
      "persisted": "none"
    },
    "answerResultCache": {
      "type": "answerResultsType",
      "defaultValue": {
        "queryParams": {
          "question": "",
          "categoryId": "",
          "productId": "",
          "selectedFacets": []
        },
        "data": {
          "body": {}
        }
      },
      "persisted": "history"
    },
    "kmListViewTranslations": {
      "type": "object",
      "defaultValue": {
        "msgNoData": ""
      }
    },
    "searchSubmissionState": {
      "type": "object",
      "onValueChanged": {
        "chains": [{
          "chainId": "KMHandleSearchSubmissionAction",
          "parameters": {
            "incidentId": "{{ $event.value }}"
          }
        }]
      },
      "defaultValue": {
        "searchInputReady": false
      }
    },
    "tempQueryParams": {
      "type": "queryParams",
      "persisted": "none"
    },
    "kmFacetData": {
      "type": "object[]"
    },
    "kmFacetExpanded": {
      "type": "object"
    },
    "kmFacetSelected": {
      "type": "object"
    },
    "kmFacetFocusId": {
      "type": "string"
    }
  },
  "chains": {
  },
  "eventListeners": {
    "kmListSelectionChanged": {
      "chains": [{
        "chainId": "KMSearchNavigateToArticleAction",
        "parameters": {
          "contentId": "{{ $event.detail.value.data.IMAnswerId }}",
          "data": "{{ $event.detail.value.data }}"
        }
      }]
    },
    "kmSearchEvent": {
      "chains": [{
        "chainId": "KMSearchStartNewSearchAction",
        "parameters": {}
      }]
    },
    "vbEnter": {
      "chains": [{
        "chainId": "KMSearchInitializeSearchQuestionAction",
        "parameters": {}
      }]
    },
    "kmResetSearchClicked": {
      "chains": [{
        "chainId": "KMResetSearchAction",
        "parameters": {}
      }]
    },
    "kmAnswerLinkClick": {
      "stopPropagation": "",
      "preventDefault": "true",
      "chains": [{
        "chainId": "application:NullAction",
        "parameters": {}
      }]
    },
    "kmFacetTreeSelected": {
      "chains": [{
        "chainId": "KMFacetItemSelectionChangeAction",
        "parameters": {
          "selection": "{{ $event.detail.value.values().size > 0 ? $event.detail.value.values().entries().next().value[0] : undefined }}",
          "facetId": "{{ $event.target.getAttribute('data-facet-id') }}"
        }
      }]
    }
  },
  "imports": {
    "components": {
      "oj-list-view": {
        "path": "ojs/ojlistview"
      },
      "oj-combobox-one": {
        "path": "ojs/ojselectcombobox"
      },
      "oj-tree-view": {
        "path": "ojs/ojtreeview"
      },
      "oj-collapsible": {
        "path": "ojs/ojcollapsible"
      },
      "oj-bind-dom": {
        "path": "ojs/ojbinddom"
      }
    }
  }
}