{

  "title": "[[ $application.translations.app.changePassword_pageTitle ]]",
  "description": "DCS custom change password page. Allows a logged in user to change their password.",
  "variables": {
    "changePasswordOldPassword": {
      "type": "string"
    },
    "changePasswordNewPassword1": {
      "type": "string"
    },
    "changePasswordNewPassword2": {
      "type": "string"
    },
    "changePasswordValid": {
      "type": "string"
    },
    "changePasswordSubmitInProgress": {
      "type": "boolean",
      "defaultValue": false
    }
  },
  "metadata": {},
  "types": {},
  "chains": {
  },
  "eventListeners": {
    "changePasswordSubmitOjAction": {
      "chains": [
        {
          "chainId": "ChangePasswordSubmitAction"
        }
      ]
    },
    "changePasswordNewPassword1Value": {
      "chains": [
        {
          "chainId": "ChangePasswordInputPasswordValueChangeAction",
          "parameters": {
            "value": "{{ $event.detail.value }}"
          }
        }
      ]
    },
    "changePasswordOldPasswordKeypress": {
      "chains": [
        {
          "chainId": "ChangePasswordInputKeypressAction",
          "parameters": {
            "detail": "{{ $event.detail }}",
            "key": "{{ $event.key }}"
          }
        }
      ]
    },
    "changePasswordNewPassword1Keypress": {
      "chains": [
        {
          "chainId": "ChangePasswordInputKeypressAction",
          "parameters": {
            "key": "{{ $event.key }}",
            "detail": "{{ $event.detail }}"
          }
        }
      ]
    },
    "changePasswordNewPassword2Keypress": {
      "chains": [
        {
          "chainId": "ChangePasswordInputKeypressAction",
          "parameters": {
            "detail": "{{ $event.detail }}",
            "key": "{{ $event.key }}"
          }
        }
      ]
    }
  },
  "imports": {
    "components": {
      "oj-form-layout": {
        "path": "ojs/ojformlayout"
      },
      "oj-validation-group": {
        "path": "ojs/ojvalidationgroup"
      },
      "oj-label": {
        "path": "ojs/ojlabel"
      },
      "oj-input-password": {
        "path": "ojs/ojinputtext"
      },
      "oj-toolbar": {
        "path": "ojs/ojtoolbar"
      },
      "oj-button": {
        "path": "ojs/ojbutton"
      }
    }
  }
}