{
  "root": "callUserTokenValidator",
  "description": "Calls the /admin/v1/UserTokenValidator API to validate the user token and check the user ID",
  "actions": {
    "callUserTokenValidator": {
      "module": "vb/action/builtin/restAction",
      "parameters": {
        "endpoint": "idcsRestApi/postAdminV1UserTokenValidator",
        "body": "{{ {\n \"token\": $page.variables.resetToken,\n \"schemas\": [\n  \"urn:ietf:params:scim:schemas:oracle:idcs:UserTokenValidator\"\n ]\n} }}"
      },
      "outcomes": {
        "success": "ifUserTokenValid",
        "failure": "assignResetLinkValidFalse"
      }
    },
    "ifUserTokenValid": {
      "module": "vb/action/builtin/ifAction",
      "parameters": {
        "condition": "[[ $chain.results.callUserTokenValidator.status === 201 && $chain.results.callUserTokenValidator.body.userId === $page.variables.resetUserId ]]"
      },
      "outcomes": {
        "true": "assignResetLinkValidTrue",
        "false": "assignResetLinkValidFalse"
      },
      "description": "Checks that the API call was successful and that the user ID in the token matches that in the link"
    },
    "assignResetLinkValidFalse": {
      "module": "vb/action/builtin/assignVariablesAction",
      "parameters": {
        "$page.variables.resetLinkValid": {
          "source": false
        }
      },
      "label": "Reset Link Invalid"
    },
    "assignResetLinkValidTrue": {
      "module": "vb/action/builtin/assignVariablesAction",
      "parameters": {
        "$page.variables.resetLinkValid": {
          "source": true
        }
      },
      "label": "Reset Link Valid"
    }
  }
}