{
  "description": "Invokes validation of the confirm password field if the (valid) value of the new password field changes.",
  "variables": {
    "value": {
      "required": true,
      "type": "any",
      "input": "fromCaller"
    }
  },
  "root": "ifRepeatedPasswordSet",
  "actions": {
    "callValidatePassword2": {
      "module": "vb/action/builtin/callComponentMethodAction",
      "parameters": {
        "component": "{{ document.getElementById('odcs-new-password-2') }}",
        "method": "validate"
      }
    },
    "ifRepeatedPasswordSet": {
      "module": "vb/action/builtin/ifAction",
      "outcomes": {
        "true": "callValidatePassword2"
      },
      "parameters": {
        "condition": "[[ $page.variables.resetPasswordNewPassword2 ]]"
      }
    }
  }
}