{
  "description": "Completes the reset password flow by updating the user's password",
  "variables": {
    "detail": {
      "required": true,
      "type": "any",
      "input": "fromCaller"
    }
  },
  "root": "setSubmitInProgress",
  "actions": {
    "ifPasswordsMatch": {
      "module": "vb/action/builtin/ifAction",
      "parameters": {
        "condition": "{{ $page.variables.resetPasswordNewPassword1 === $page.variables.resetPasswordNewPassword2 }}"
      },
      "outcomes": {
        "true": "callPasswordResetEndpoint",
        "false": "fireMismatchNotification"
      }
    },
    "callPasswordResetEndpoint": {
      "module": "vb/action/builtin/restAction",
      "parameters": {
        "endpoint": "idcsRestApi/postMePasswordResetter",
        "body": "{{ {\n \"token\": $page.variables.resetToken,\n \"password\": $page.variables.resetPasswordNewPassword1,\n \"schemas\": [\n  \"urn:ietf:params:scim:schemas:oracle:idcs:MePasswordResetter\"\n ]\n} }}"
      },
      "outcomes": {
        "success": "fireResetConfirmation",
        "failure": "ifPasswordPolicyError"
      }
    },
    "fireMismatchNotification": {
      "module": "vb/action/builtin/fireNotificationEventAction",
      "parameters": {
        "summary": "[[ $application.translations.app.resetPassword_passwordMismatchSummary ]]",
        "message": "[[ $application.translations.app.resetPassword_passwordMismatchMessage ]]"
      },
      "outcomes": {
        "success": "callShowDefaultCursor"
      }
    },
    "fireResetFailedNotification": {
      "module": "vb/action/builtin/fireNotificationEventAction",
      "parameters": {
        "summary": "[[ $application.translations.app.resetPassword_resetFailedSummary ]]",
        "message": "[[ $application.translations.app.resetPassword_resetFailedMessage ]]"
      },
      "outcomes": {
        "success": "callShowDefaultCursor"
      }
    },
    "fireResetConfirmation": {
      "module": "vb/action/builtin/fireNotificationEventAction",
      "parameters": {
        "type": "confirmation",
        "summary": "[[ $application.translations.app.resetPassword_confirmationSummary ]]",
        "message": "[[ $application.translations.app.resetPassword_confirmationMessage ]]"
      },
      "outcomes": {
        "success": "login"
      }
    },
    "setSubmitInProgress": {
      "module": "vb/action/builtin/assignVariablesAction",
      "outcomes": {
        "success": "callShowWaitCursor"
      },
      "parameters": {
        "$page.variables.resetPasswordSubmitInProgress": {
          "source": true
        }
      }
    },
    "clearSubmitInProgress": {
      "module": "vb/action/builtin/assignVariablesAction",
      "parameters": {
        "$page.variables.resetPasswordSubmitInProgress": {
          "source": false
        }
      },
      "outcomes": {}
    },
    "callShowWaitCursor": {
      "module": "vb/action/builtin/callModuleFunctionAction",
      "parameters": {
        "module": "[[ $application.functions ]]",
        "functionName": "showWaitCursor"
      },
      "outcomes": {
        "success": "ifPasswordsMatch"
      }
    },
    "callShowDefaultCursor": {
      "module": "vb/action/builtin/callModuleFunctionAction",
      "parameters": {
        "module": "[[ $application.functions ]]",
        "functionName": "showDefaultCursor"
      },
      "outcomes": {
        "success": "clearSubmitInProgress"
      }
    },
    "login": {
      "module": "vb/action/builtin/loginAction",
      "outcomes": {
        "success": "callShowDefaultCursor"
      }
    },
    "ifPasswordPolicyError": {
      "module": "vb/action/builtin/ifAction",
      "parameters": {
        "condition": "[[ $chain.results.callPasswordResetEndpoint.payload.status === 400 && $chain.results.callPasswordResetEndpoint.payload.body['urn:ietf:params:scim:api:oracle:idcs:extension:messages:Error'].messageId === 'error.identity.passwordmgmt.pwdpolicyViolation' ]]"
      },
      "outcomes": {
        "false": "fireResetFailedNotification",
        "true": "firePolicyViolationNotification"
      },
      "label": "Check for password policy violation"
    },
    "firePolicyViolationNotification": {
      "module": "vb/action/builtin/fireNotificationEventAction",
      "parameters": {
        "summary": "[[ $application.translations.app.resetPassword_policyViolation ]]",
        "message": "[[ $chain.results.callPasswordResetEndpoint.payload.body.detail ]]"
      },
      "outcomes": {
        "success": "callShowDefaultCursor"
      }
    }
  }
}